2026-04-09 23:14:35,029 [INFO] ARMory dashboard started.
2026-04-09 23:14:35,029 [INFO] Querying workstation status...
2026-04-09 23:14:38,256 [INFO] Status refresh complete.
2026-04-09 23:14:56,367 [INFO] No active robots for 'Boot Workstation'.
2026-04-09 23:15:02,280 [INFO] Refreshing status...
2026-04-09 23:15:03,186 [INFO] Status refresh complete.
2026-04-09 23:15:09,447 [INFO] No active robots for 'Enable'.
2026-04-09 23:15:14,751 [INFO] No active robots for 'Boot Workstation'.
2026-04-09 23:17:10,041 [INFO] No active robots for 'Boot Workstation'.
2026-04-09 23:17:11,040 [INFO] No active robots for 'Boot Workstation'.
2026-04-09 23:20:06,367 [INFO] ARMory dashboard started.
2026-04-09 23:20:06,367 [INFO] Querying workstation status...
2026-04-09 23:20:08,485 [INFO] Please wait — operation in progress...
2026-04-09 23:20:09,693 [INFO] Status refresh complete.
2026-04-09 23:20:14,606 [INFO] Refreshing status...
2026-04-09 23:20:15,613 [INFO] Status refresh complete.
2026-04-09 23:20:16,615 [INFO] Refreshing status...
2026-04-09 23:20:17,221 [INFO] Status refresh complete.
2026-04-09 23:20:18,023 [INFO] Refreshing status...
2026-04-09 23:20:18,528 [INFO] Status refresh complete.
2026-04-09 23:20:31,265 [INFO] Booting 1 workstation(s)...
2026-04-09 23:20:33,977 [INFO] Please wait — operation in progress...
2026-04-09 23:20:33,978 [INFO] Please wait — operation in progress...
2026-04-09 23:20:33,978 [INFO] Please wait — operation in progress...
2026-04-09 23:20:33,979 [INFO] Please wait — operation in progress...
2026-04-09 23:20:33,980 [INFO] Please wait — operation in progress...
2026-04-09 23:20:33,980 [INFO] Please wait — operation in progress...
2026-04-09 23:20:33,981 [INFO] Please wait — operation in progress...
2026-04-09 23:20:33,981 [INFO] Please wait — operation in progress...
2026-04-09 23:20:35,988 [INFO] Please wait — operation in progress...
2026-04-09 23:20:36,089 [INFO] Please wait — operation in progress...
2026-04-09 23:20:36,189 [INFO] Please wait — operation in progress...
2026-04-09 23:20:37,092 [INFO] Please wait — operation in progress...
2026-04-09 23:20:37,093 [INFO] Please wait — operation in progress...
2026-04-09 23:20:37,093 [INFO] Please wait — operation in progress...
2026-04-09 23:20:37,094 [INFO] Please wait — operation in progress...
2026-04-09 23:20:37,094 [INFO] Please wait — operation in progress...
2026-04-09 23:20:37,095 [INFO] Please wait — operation in progress...
2026-04-09 23:20:37,095 [INFO] Please wait — operation in progress...
2026-04-09 23:20:37,095 [INFO] Please wait — operation in progress...
2026-04-09 23:20:37,196 [INFO] Please wait — operation in progress...
2026-04-09 23:20:37,196 [INFO] Please wait — operation in progress...
2026-04-09 23:20:37,196 [INFO] Please wait — operation in progress...
2026-04-09 23:20:37,197 [INFO] Please wait — operation in progress...
2026-04-09 23:20:37,298 [INFO] Please wait — operation in progress...
2026-04-09 23:20:37,298 [INFO] Please wait — operation in progress...
2026-04-09 23:20:37,299 [INFO] Please wait — operation in progress...
2026-04-09 23:20:37,299 [INFO] Please wait — operation in progress...
2026-04-09 23:20:37,300 [INFO] Please wait — operation in progress...
2026-04-09 23:20:37,301 [INFO] Please wait — operation in progress...
2026-04-09 23:20:37,301 [INFO] Please wait — operation in progress...
2026-04-09 23:20:37,301 [INFO] Please wait — operation in progress...
2026-04-09 23:20:37,302 [INFO] Please wait — operation in progress...
2026-04-09 23:20:37,302 [INFO] Please wait — operation in progress...
2026-04-09 23:20:37,302 [INFO] Please wait — operation in progress...
2026-04-09 23:20:37,302 [INFO] Please wait — operation in progress...
2026-04-09 23:20:37,403 [INFO] Please wait — operation in progress...
2026-04-09 23:20:37,403 [INFO] Please wait — operation in progress...
2026-04-09 23:20:37,403 [INFO] Please wait — operation in progress...
2026-04-09 23:20:37,404 [INFO] Please wait — operation in progress...
2026-04-09 23:20:37,405 [INFO] Please wait — operation in progress...
2026-04-09 23:20:37,405 [INFO] Please wait — operation in progress...
2026-04-09 23:20:37,406 [INFO] Please wait — operation in progress...
2026-04-09 23:20:37,406 [INFO] Please wait — operation in progress...
2026-04-09 23:20:49,038 [INFO] Please wait — operation in progress...
2026-04-09 23:20:49,038 [INFO] Please wait — operation in progress...
2026-04-09 23:20:49,039 [INFO] Please wait — operation in progress...
2026-04-09 23:20:49,039 [INFO] Please wait — operation in progress...
2026-04-09 23:20:49,040 [INFO] Please wait — operation in progress...
2026-04-09 23:20:49,040 [INFO] Please wait — operation in progress...
2026-04-09 23:20:49,040 [INFO] Please wait — operation in progress...
2026-04-09 23:20:49,040 [INFO] Please wait — operation in progress...
2026-04-09 23:20:49,141 [INFO] Please wait — operation in progress...
2026-04-09 23:20:49,141 [INFO] Please wait — operation in progress...
2026-04-09 23:20:49,141 [INFO] Please wait — operation in progress...
2026-04-09 23:20:49,142 [INFO] Please wait — operation in progress...
2026-04-09 23:20:49,142 [INFO] Please wait — operation in progress...
2026-04-09 23:20:49,142 [INFO] Please wait — operation in progress...
2026-04-09 23:20:49,142 [INFO] Please wait — operation in progress...
2026-04-09 23:20:49,143 [INFO] Please wait — operation in progress...
2026-04-09 23:20:49,143 [INFO] Please wait — operation in progress...
2026-04-09 23:20:49,143 [INFO] Please wait — operation in progress...
2026-04-09 23:20:49,143 [INFO] Please wait — operation in progress...
2026-04-09 23:20:49,144 [INFO] Please wait — operation in progress...
2026-04-09 23:21:06,287 [INFO] Please wait — operation in progress...
2026-04-09 23:21:06,287 [INFO] Please wait — operation in progress...
2026-04-09 23:21:06,287 [INFO] Please wait — operation in progress...
2026-04-09 23:21:06,288 [INFO] Please wait — operation in progress...
2026-04-09 23:21:06,289 [INFO] Please wait — operation in progress...
2026-04-09 23:21:06,290 [INFO] Please wait — operation in progress...
2026-04-09 23:21:06,290 [INFO] Please wait — operation in progress...
2026-04-09 23:21:06,290 [INFO] Please wait — operation in progress...
2026-04-09 23:21:06,291 [INFO] Please wait — operation in progress...
2026-04-09 23:21:06,291 [INFO] Please wait — operation in progress...
2026-04-09 23:21:06,291 [INFO] Please wait — operation in progress...
2026-04-09 23:21:06,291 [INFO] Please wait — operation in progress...
2026-04-09 23:21:06,291 [INFO] Please wait — operation in progress...
2026-04-09 23:21:06,291 [INFO] Please wait — operation in progress...
2026-04-09 23:21:06,292 [INFO] Please wait — operation in progress...
2026-04-09 23:21:06,292 [INFO] Please wait — operation in progress...
2026-04-09 23:21:06,393 [INFO] Please wait — operation in progress...
2026-04-09 23:21:06,393 [INFO] Please wait — operation in progress...
2026-04-09 23:21:06,393 [INFO] Please wait — operation in progress...
2026-04-09 23:21:06,394 [INFO] Please wait — operation in progress...
2026-04-09 23:21:06,394 [INFO] Please wait — operation in progress...
2026-04-09 23:21:06,395 [INFO] Please wait — operation in progress...
2026-04-09 23:21:06,395 [INFO] Please wait — operation in progress...
2026-04-09 23:21:06,396 [INFO] Please wait — operation in progress...
2026-04-09 23:21:06,797 [INFO] Please wait — operation in progress...
2026-04-09 23:21:06,797 [INFO] Please wait — operation in progress...
2026-04-09 23:21:06,797 [INFO] Please wait — operation in progress...
2026-04-09 23:21:06,798 [INFO] Please wait — operation in progress...
2026-04-09 23:21:06,798 [INFO] Please wait — operation in progress...
2026-04-09 23:21:06,799 [INFO] Please wait — operation in progress...
2026-04-09 23:21:06,799 [INFO] Please wait — operation in progress...
2026-04-09 23:21:06,799 [INFO] Please wait — operation in progress...
2026-04-09 23:21:06,799 [INFO] Please wait — operation in progress...
2026-04-09 23:21:06,799 [INFO] Please wait — operation in progress...
2026-04-09 23:21:06,799 [INFO] Please wait — operation in progress...
2026-04-09 23:21:06,799 [INFO] Please wait — operation in progress...
2026-04-09 23:21:06,900 [INFO] Please wait — operation in progress...
2026-04-09 23:21:06,900 [INFO] Please wait — operation in progress...
2026-04-09 23:21:06,900 [INFO] Please wait — operation in progress...
2026-04-09 23:21:06,901 [INFO] Please wait — operation in progress...
2026-04-09 23:21:06,901 [INFO] Please wait — operation in progress...
2026-04-09 23:21:06,901 [INFO] Please wait — operation in progress...
2026-04-09 23:21:06,901 [INFO] Please wait — operation in progress...
2026-04-09 23:21:06,901 [INFO] Please wait — operation in progress...
2026-04-09 23:21:06,901 [INFO] Please wait — operation in progress...
2026-04-09 23:21:06,902 [INFO] Please wait — operation in progress...
2026-04-09 23:21:06,902 [INFO] Please wait — operation in progress...
2026-04-09 23:21:06,902 [INFO] Please wait — operation in progress...
2026-04-09 23:21:07,003 [INFO] Please wait — operation in progress...
2026-04-09 23:21:07,004 [INFO] Please wait — operation in progress...
2026-04-09 23:21:07,004 [INFO] Please wait — operation in progress...
2026-04-09 23:21:07,004 [INFO] Please wait — operation in progress...
2026-04-09 23:21:07,104 [INFO] Please wait — operation in progress...
2026-04-09 23:21:07,105 [INFO] Please wait — operation in progress...
2026-04-09 23:21:07,105 [INFO] Please wait — operation in progress...
2026-04-09 23:21:07,105 [INFO] Please wait — operation in progress...
2026-04-09 23:21:07,106 [INFO] Please wait — operation in progress...
2026-04-09 23:21:07,106 [INFO] Please wait — operation in progress...
2026-04-09 23:21:07,106 [INFO] Please wait — operation in progress...
2026-04-09 23:21:07,106 [INFO] Please wait — operation in progress...
2026-04-09 23:21:07,106 [INFO] Please wait — operation in progress...
2026-04-09 23:21:07,107 [INFO] Please wait — operation in progress...
2026-04-09 23:21:07,107 [INFO] Please wait — operation in progress...
2026-04-09 23:21:07,107 [INFO] Please wait — operation in progress...
2026-04-09 23:21:07,108 [INFO] Please wait — operation in progress...
2026-04-09 23:21:07,108 [INFO] Please wait — operation in progress...
2026-04-09 23:21:07,108 [INFO] Please wait — operation in progress...
2026-04-09 23:21:07,108 [INFO] Please wait — operation in progress...
2026-04-09 23:21:07,108 [INFO] Please wait — operation in progress...
2026-04-09 23:21:07,108 [INFO] Please wait — operation in progress...
2026-04-09 23:21:07,108 [INFO] Please wait — operation in progress...
2026-04-09 23:21:07,108 [INFO] Please wait — operation in progress...
2026-04-09 23:21:07,209 [INFO] Please wait — operation in progress...
2026-04-09 23:21:07,209 [INFO] Please wait — operation in progress...
2026-04-09 23:21:07,210 [INFO] Please wait — operation in progress...
2026-04-09 23:21:07,210 [INFO] Please wait — operation in progress...
2026-04-09 23:21:07,310 [INFO] Please wait — operation in progress...
2026-04-09 23:21:07,311 [INFO] Please wait — operation in progress...
2026-04-09 23:21:07,311 [INFO] Please wait — operation in progress...
2026-04-09 23:21:07,312 [INFO] Please wait — operation in progress...
2026-04-09 23:21:07,312 [INFO] Please wait — operation in progress...
2026-04-09 23:21:07,312 [INFO] Please wait — operation in progress...
2026-04-09 23:21:07,313 [INFO] Please wait — operation in progress...
2026-04-09 23:21:07,313 [INFO] Please wait — operation in progress...
2026-04-09 23:21:07,313 [INFO] Please wait — operation in progress...
2026-04-09 23:21:07,313 [INFO] Please wait — operation in progress...
2026-04-09 23:21:07,313 [INFO] Please wait — operation in progress...
2026-04-09 23:21:07,313 [INFO] Please wait — operation in progress...
2026-04-09 23:21:07,313 [INFO] Please wait — operation in progress...
2026-04-09 23:21:07,313 [INFO] Please wait — operation in progress...
2026-04-09 23:21:07,314 [INFO] Please wait — operation in progress...
2026-04-09 23:21:07,314 [INFO] Please wait — operation in progress...
2026-04-09 23:21:07,314 [INFO] Please wait — operation in progress...
2026-04-09 23:21:07,314 [INFO] Please wait — operation in progress...
2026-04-09 23:21:07,314 [INFO] Please wait — operation in progress...
2026-04-09 23:21:07,314 [INFO] Please wait — operation in progress...
2026-04-09 23:21:07,414 [INFO] Please wait — operation in progress...
2026-04-09 23:21:07,415 [INFO] Please wait — operation in progress...
2026-04-09 23:21:07,415 [INFO] Please wait — operation in progress...
2026-04-09 23:21:07,415 [INFO] Please wait — operation in progress...
2026-04-09 23:21:07,616 [INFO] Please wait — operation in progress...
2026-04-09 23:21:07,616 [INFO] Please wait — operation in progress...
2026-04-09 23:21:07,616 [INFO] Please wait — operation in progress...
2026-04-09 23:21:07,617 [INFO] Please wait — operation in progress...
2026-04-09 23:21:07,617 [INFO] Please wait — operation in progress...
2026-04-09 23:21:07,617 [INFO] Please wait — operation in progress...
2026-04-09 23:21:07,617 [INFO] Please wait — operation in progress...
2026-04-09 23:21:07,617 [INFO] Please wait — operation in progress...
2026-04-09 23:21:07,617 [INFO] Please wait — operation in progress...
2026-04-09 23:21:07,618 [INFO] Please wait — operation in progress...
2026-04-09 23:21:07,618 [INFO] Please wait — operation in progress...
2026-04-09 23:21:07,618 [INFO] Please wait — operation in progress...
2026-04-09 23:21:07,618 [INFO] Please wait — operation in progress...
2026-04-09 23:21:07,618 [INFO] Please wait — operation in progress...
2026-04-09 23:21:07,618 [INFO] Please wait — operation in progress...
2026-04-09 23:21:07,619 [INFO] Please wait — operation in progress...
2026-04-09 23:21:07,619 [INFO] Please wait — operation in progress...
2026-04-09 23:21:07,619 [INFO] Please wait — operation in progress...
2026-04-09 23:21:07,619 [INFO] Please wait — operation in progress...
2026-04-09 23:21:07,619 [INFO] Please wait — operation in progress...
2026-04-09 23:21:07,620 [INFO] Please wait — operation in progress...
2026-04-09 23:21:07,620 [INFO] Please wait — operation in progress...
2026-04-09 23:21:07,620 [INFO] Please wait — operation in progress...
2026-04-09 23:21:07,620 [INFO] Please wait — operation in progress...
2026-04-09 23:21:07,621 [INFO] Please wait — operation in progress...
2026-04-09 23:21:07,621 [INFO] Please wait — operation in progress...
2026-04-09 23:21:07,621 [INFO] Please wait — operation in progress...
2026-04-09 23:21:07,621 [INFO] Please wait — operation in progress...
2026-04-09 23:21:07,722 [INFO] Please wait — operation in progress...
2026-04-09 23:21:07,722 [INFO] Please wait — operation in progress...
2026-04-09 23:21:07,722 [INFO] Please wait — operation in progress...
2026-04-09 23:21:07,723 [INFO] Please wait — operation in progress...
2026-04-09 23:21:07,723 [INFO] Please wait — operation in progress...
2026-04-09 23:21:07,723 [INFO] Please wait — operation in progress...
2026-04-09 23:21:07,723 [INFO] Please wait — operation in progress...
2026-04-09 23:21:07,724 [INFO] Please wait — operation in progress...
2026-04-09 23:21:07,724 [INFO] Please wait — operation in progress...
2026-04-09 23:21:07,724 [INFO] Please wait — operation in progress...
2026-04-09 23:21:07,724 [INFO] Please wait — operation in progress...
2026-04-09 23:21:07,725 [INFO] Please wait — operation in progress...
2026-04-09 23:21:08,026 [INFO] Please wait — operation in progress...
2026-04-09 23:21:08,026 [INFO] Please wait — operation in progress...
2026-04-09 23:21:08,026 [INFO] Please wait — operation in progress...
2026-04-09 23:21:08,027 [INFO] Please wait — operation in progress...
2026-04-09 23:21:08,027 [INFO] Please wait — operation in progress...
2026-04-09 23:21:08,027 [INFO] Please wait — operation in progress...
2026-04-09 23:21:08,028 [INFO] Please wait — operation in progress...
2026-04-09 23:21:08,028 [INFO] Please wait — operation in progress...
2026-04-09 23:21:08,028 [INFO] Please wait — operation in progress...
2026-04-09 23:21:08,028 [INFO] Please wait — operation in progress...
2026-04-09 23:21:08,029 [INFO] Please wait — operation in progress...
2026-04-09 23:21:08,029 [INFO] Please wait — operation in progress...
2026-04-09 23:21:08,029 [INFO] Please wait — operation in progress...
2026-04-09 23:21:08,029 [INFO] Please wait — operation in progress...
2026-04-09 23:21:08,030 [INFO] Please wait — operation in progress...
2026-04-09 23:21:08,030 [INFO] Please wait — operation in progress...
2026-04-09 23:21:08,030 [INFO] Please wait — operation in progress...
2026-04-09 23:21:08,030 [INFO] Please wait — operation in progress...
2026-04-09 23:21:08,030 [INFO] Please wait — operation in progress...
2026-04-09 23:21:08,031 [INFO] Please wait — operation in progress...
2026-04-09 23:21:08,132 [INFO] Please wait — operation in progress...
2026-04-09 23:21:08,132 [INFO] Please wait — operation in progress...
2026-04-09 23:21:08,132 [INFO] Please wait — operation in progress...
2026-04-09 23:21:08,133 [INFO] Please wait — operation in progress...
2026-04-09 23:21:10,339 [INFO] Please wait — operation in progress...
2026-04-09 23:21:10,339 [INFO] Please wait — operation in progress...
2026-04-09 23:21:10,340 [INFO] Please wait — operation in progress...
2026-04-09 23:21:10,340 [INFO] Please wait — operation in progress...
2026-04-09 23:21:10,340 [INFO] Please wait — operation in progress...
2026-04-09 23:21:10,340 [INFO] Please wait — operation in progress...
2026-04-09 23:21:10,341 [INFO] Please wait — operation in progress...
2026-04-09 23:21:10,341 [INFO] Please wait — operation in progress...
2026-04-09 23:21:10,341 [INFO] Please wait — operation in progress...
2026-04-09 23:21:10,342 [INFO] Please wait — operation in progress...
2026-04-09 23:21:10,342 [INFO] Please wait — operation in progress...
2026-04-09 23:21:10,343 [INFO] Please wait — operation in progress...
2026-04-09 23:21:10,343 [INFO] Please wait — operation in progress...
2026-04-09 23:21:10,343 [INFO] Please wait — operation in progress...
2026-04-09 23:21:10,343 [INFO] Please wait — operation in progress...
2026-04-09 23:21:10,344 [INFO] Please wait — operation in progress...
2026-04-09 23:21:10,445 [INFO] Please wait — operation in progress...
2026-04-09 23:21:10,445 [INFO] Please wait — operation in progress...
2026-04-09 23:21:10,446 [INFO] Please wait — operation in progress...
2026-04-09 23:21:10,446 [INFO] Please wait — operation in progress...
2026-04-09 23:21:10,446 [INFO] Please wait — operation in progress...
2026-04-09 23:21:10,446 [INFO] Please wait — operation in progress...
2026-04-09 23:21:10,447 [INFO] Please wait — operation in progress...
2026-04-09 23:21:10,447 [INFO] Please wait — operation in progress...
2026-04-09 23:21:10,547 [INFO] Please wait — operation in progress...
2026-04-09 23:21:10,548 [INFO] Please wait — operation in progress...
2026-04-09 23:21:10,548 [INFO] Please wait — operation in progress...
2026-04-09 23:21:10,549 [INFO] Please wait — operation in progress...
2026-04-09 23:21:11,050 [INFO] Please wait — operation in progress...
2026-04-09 23:21:11,050 [INFO] Please wait — operation in progress...
2026-04-09 23:21:11,051 [INFO] Please wait — operation in progress...
2026-04-09 23:21:11,051 [INFO] Please wait — operation in progress...
2026-04-09 23:21:11,051 [INFO] Please wait — operation in progress...
2026-04-09 23:21:11,052 [INFO] Please wait — operation in progress...
2026-04-09 23:21:11,052 [INFO] Please wait — operation in progress...
2026-04-09 23:21:11,053 [INFO] Please wait — operation in progress...
2026-04-09 23:21:11,053 [INFO] Please wait — operation in progress...
2026-04-09 23:21:11,053 [INFO] Please wait — operation in progress...
2026-04-09 23:21:11,053 [INFO] Please wait — operation in progress...
2026-04-09 23:21:11,053 [INFO] Please wait — operation in progress...
2026-04-09 23:21:11,053 [INFO] Please wait — operation in progress...
2026-04-09 23:21:11,053 [INFO] Please wait — operation in progress...
2026-04-09 23:21:11,054 [INFO] Please wait — operation in progress...
2026-04-09 23:21:11,054 [INFO] Please wait — operation in progress...
2026-04-09 23:21:11,054 [INFO] Please wait — operation in progress...
2026-04-09 23:21:11,054 [INFO] Please wait — operation in progress...
2026-04-09 23:21:11,054 [INFO] Please wait — operation in progress...
2026-04-09 23:21:11,054 [INFO] Please wait — operation in progress...
2026-04-09 23:21:11,155 [INFO] Please wait — operation in progress...
2026-04-09 23:21:11,155 [INFO] Please wait — operation in progress...
2026-04-09 23:21:11,155 [INFO] Please wait — operation in progress...
2026-04-09 23:21:11,156 [INFO] Please wait — operation in progress...
2026-04-09 23:21:11,156 [INFO] Please wait — operation in progress...
2026-04-09 23:21:11,156 [INFO] Please wait — operation in progress...
2026-04-09 23:21:11,156 [INFO] Please wait — operation in progress...
2026-04-09 23:21:11,157 [INFO] Please wait — operation in progress...
2026-04-09 23:21:11,157 [INFO] Please wait — operation in progress...
2026-04-09 23:21:11,157 [INFO] Please wait — operation in progress...
2026-04-09 23:21:11,158 [INFO] Please wait — operation in progress...
2026-04-09 23:21:11,158 [INFO] Please wait — operation in progress...
2026-04-09 23:21:11,158 [INFO] Please wait — operation in progress...
2026-04-09 23:21:11,159 [INFO] Please wait — operation in progress...
2026-04-09 23:21:11,159 [INFO] Please wait — operation in progress...
2026-04-09 23:21:11,160 [INFO] Please wait — operation in progress...
2026-04-09 23:21:11,461 [INFO] Please wait — operation in progress...
2026-04-09 23:21:11,461 [INFO] Please wait — operation in progress...
2026-04-09 23:21:11,461 [INFO] Please wait — operation in progress...
2026-04-09 23:21:11,462 [INFO] Please wait — operation in progress...
2026-04-09 23:21:11,462 [INFO] Please wait — operation in progress...
2026-04-09 23:21:11,462 [INFO] Please wait — operation in progress...
2026-04-09 23:21:11,463 [INFO] Please wait — operation in progress...
2026-04-09 23:21:11,463 [INFO] Please wait — operation in progress...
2026-04-09 23:21:11,564 [INFO] Please wait — operation in progress...
2026-04-09 23:21:11,564 [INFO] Please wait — operation in progress...
2026-04-09 23:21:11,564 [INFO] Please wait — operation in progress...
2026-04-09 23:21:11,565 [INFO] Please wait — operation in progress...
2026-04-09 23:21:11,565 [INFO] Please wait — operation in progress...
2026-04-09 23:21:11,565 [INFO] Please wait — operation in progress...
2026-04-09 23:21:11,566 [INFO] Please wait — operation in progress...
2026-04-09 23:21:11,566 [INFO] Please wait — operation in progress...
2026-04-09 23:21:11,567 [INFO] Please wait — operation in progress...
2026-04-09 23:21:11,567 [INFO] Please wait — operation in progress...
2026-04-09 23:21:11,567 [INFO] Please wait — operation in progress...
2026-04-09 23:21:11,568 [INFO] Please wait — operation in progress...
2026-04-09 23:21:11,568 [INFO] Please wait — operation in progress...
2026-04-09 23:21:11,569 [INFO] Please wait — operation in progress...
2026-04-09 23:21:11,570 [INFO] Please wait — operation in progress...
2026-04-09 23:21:11,570 [INFO] Please wait — operation in progress...
2026-04-09 23:21:11,571 [INFO] Please wait — operation in progress...
2026-04-09 23:21:11,571 [INFO] Please wait — operation in progress...
2026-04-09 23:21:11,571 [INFO] Please wait — operation in progress...
2026-04-09 23:21:11,572 [INFO] Please wait — operation in progress...
2026-04-09 23:21:11,572 [INFO] Please wait — operation in progress...
2026-04-09 23:21:11,572 [INFO] Please wait — operation in progress...
2026-04-09 23:21:11,572 [INFO] Please wait — operation in progress...
2026-04-09 23:21:11,572 [INFO] Please wait — operation in progress...
2026-04-09 23:21:11,572 [INFO] Please wait — operation in progress...
2026-04-09 23:21:11,572 [INFO] Please wait — operation in progress...
2026-04-09 23:21:11,572 [INFO] Please wait — operation in progress...
2026-04-09 23:21:11,573 [INFO] Please wait — operation in progress...
2026-04-09 23:21:11,874 [INFO] Please wait — operation in progress...
2026-04-09 23:21:11,874 [INFO] Please wait — operation in progress...
2026-04-09 23:21:11,874 [INFO] Please wait — operation in progress...
2026-04-09 23:21:11,875 [INFO] Please wait — operation in progress...
2026-04-09 23:21:11,875 [INFO] Please wait — operation in progress...
2026-04-09 23:21:11,875 [INFO] Please wait — operation in progress...
2026-04-09 23:21:11,875 [INFO] Please wait — operation in progress...
2026-04-09 23:21:11,875 [INFO] Please wait — operation in progress...
2026-04-09 23:21:11,876 [INFO] Please wait — operation in progress...
2026-04-09 23:21:11,876 [INFO] Please wait — operation in progress...
2026-04-09 23:21:11,876 [INFO] Please wait — operation in progress...
2026-04-09 23:21:11,876 [INFO] Please wait — operation in progress...
2026-04-09 23:21:11,977 [INFO] Please wait — operation in progress...
2026-04-09 23:21:11,977 [INFO] Please wait — operation in progress...
2026-04-09 23:21:11,978 [INFO] Please wait — operation in progress...
2026-04-09 23:21:11,978 [INFO] Please wait — operation in progress...
2026-04-09 23:21:11,978 [INFO] Please wait — operation in progress...
2026-04-09 23:21:11,978 [INFO] Please wait — operation in progress...
2026-04-09 23:21:11,978 [INFO] Please wait — operation in progress...
2026-04-09 23:21:11,979 [INFO] Please wait — operation in progress...
2026-04-09 23:21:11,979 [INFO] Please wait — operation in progress...
2026-04-09 23:21:11,979 [INFO] Please wait — operation in progress...
2026-04-09 23:21:11,980 [INFO] Please wait — operation in progress...
2026-04-09 23:21:11,980 [INFO] Please wait — operation in progress...
2026-04-09 23:21:11,981 [INFO] Please wait — operation in progress...
2026-04-09 23:21:11,981 [INFO] Please wait — operation in progress...
2026-04-09 23:21:11,981 [INFO] Please wait — operation in progress...
2026-04-09 23:21:11,981 [INFO] Please wait — operation in progress...
2026-04-09 23:21:11,982 [INFO] Please wait — operation in progress...
2026-04-09 23:21:11,982 [INFO] Please wait — operation in progress...
2026-04-09 23:21:11,982 [INFO] Please wait — operation in progress...
2026-04-09 23:21:11,982 [INFO] Please wait — operation in progress...
2026-04-09 23:21:11,983 [INFO] Please wait — operation in progress...
2026-04-09 23:21:11,983 [INFO] Please wait — operation in progress...
2026-04-09 23:21:11,983 [INFO] Please wait — operation in progress...
2026-04-09 23:21:11,983 [INFO] Please wait — operation in progress...
2026-04-09 23:21:12,284 [INFO] Please wait — operation in progress...
2026-04-09 23:21:12,285 [INFO] Please wait — operation in progress...
2026-04-09 23:21:12,285 [INFO] Please wait — operation in progress...
2026-04-09 23:21:12,285 [INFO] Please wait — operation in progress...
2026-04-09 23:21:12,285 [INFO] Please wait — operation in progress...
2026-04-09 23:21:12,286 [INFO] Please wait — operation in progress...
2026-04-09 23:21:12,286 [INFO] Please wait — operation in progress...
2026-04-09 23:21:12,286 [INFO] Please wait — operation in progress...
2026-04-09 23:21:12,286 [INFO] Please wait — operation in progress...
2026-04-09 23:21:12,286 [INFO] Please wait — operation in progress...
2026-04-09 23:21:12,287 [INFO] Please wait — operation in progress...
2026-04-09 23:21:12,287 [INFO] Please wait — operation in progress...
2026-04-09 23:21:12,287 [INFO] Please wait — operation in progress...
2026-04-09 23:21:12,288 [INFO] Please wait — operation in progress...
2026-04-09 23:21:12,288 [INFO] Please wait — operation in progress...
2026-04-09 23:21:12,288 [INFO] Please wait — operation in progress...
2026-04-09 23:21:12,289 [INFO] Please wait — operation in progress...
2026-04-09 23:21:12,289 [INFO] Please wait — operation in progress...
2026-04-09 23:21:12,289 [INFO] Please wait — operation in progress...
2026-04-09 23:21:12,289 [INFO] Please wait — operation in progress...
2026-04-09 23:21:12,289 [INFO] Please wait — operation in progress...
2026-04-09 23:21:12,289 [INFO] Please wait — operation in progress...
2026-04-09 23:21:12,289 [INFO] Please wait — operation in progress...
2026-04-09 23:21:12,290 [INFO] Please wait — operation in progress...
2026-04-09 23:21:12,390 [INFO] Please wait — operation in progress...
2026-04-09 23:21:12,390 [INFO] Please wait — operation in progress...
2026-04-09 23:21:12,390 [INFO] Please wait — operation in progress...
2026-04-09 23:21:12,391 [INFO] Please wait — operation in progress...
2026-04-09 23:21:12,391 [INFO] Please wait — operation in progress...
2026-04-09 23:21:12,391 [INFO] Please wait — operation in progress...
2026-04-09 23:21:12,392 [INFO] Please wait — operation in progress...
2026-04-09 23:21:12,392 [INFO] Please wait — operation in progress...
2026-04-09 23:21:12,392 [INFO] Please wait — operation in progress...
2026-04-09 23:21:12,392 [INFO] Please wait — operation in progress...
2026-04-09 23:21:12,392 [INFO] Please wait — operation in progress...
2026-04-09 23:21:12,392 [INFO] Please wait — operation in progress...
2026-04-09 23:21:12,894 [INFO] Please wait — operation in progress...
2026-04-09 23:21:12,894 [INFO] Please wait — operation in progress...
2026-04-09 23:21:12,894 [INFO] Please wait — operation in progress...
2026-04-09 23:21:12,895 [INFO] Please wait — operation in progress...
2026-04-09 23:21:12,895 [INFO] Please wait — operation in progress...
2026-04-09 23:21:12,895 [INFO] Please wait — operation in progress...
2026-04-09 23:21:12,895 [INFO] Please wait — operation in progress...
2026-04-09 23:21:12,895 [INFO] Please wait — operation in progress...
2026-04-09 23:21:12,895 [INFO] Please wait — operation in progress...
2026-04-09 23:21:12,895 [INFO] Please wait — operation in progress...
2026-04-09 23:21:12,895 [INFO] Please wait — operation in progress...
2026-04-09 23:21:12,895 [INFO] Please wait — operation in progress...
2026-04-09 23:21:12,895 [INFO] Please wait — operation in progress...
2026-04-09 23:21:12,895 [INFO] Please wait — operation in progress...
2026-04-09 23:21:12,896 [INFO] Please wait — operation in progress...
2026-04-09 23:21:12,896 [INFO] Please wait — operation in progress...
2026-04-09 23:21:12,896 [INFO] Please wait — operation in progress...
2026-04-09 23:21:12,896 [INFO] Please wait — operation in progress...
2026-04-09 23:21:12,896 [INFO] Please wait — operation in progress...
2026-04-09 23:21:12,896 [INFO] Please wait — operation in progress...
2026-04-09 23:21:12,896 [INFO] Please wait — operation in progress...
2026-04-09 23:21:12,896 [INFO] Please wait — operation in progress...
2026-04-09 23:21:12,896 [INFO] Please wait — operation in progress...
2026-04-09 23:21:12,896 [INFO] Please wait — operation in progress...
2026-04-09 23:21:12,897 [INFO] Please wait — operation in progress...
2026-04-09 23:21:12,897 [INFO] Please wait — operation in progress...
2026-04-09 23:21:12,897 [INFO] Please wait — operation in progress...
2026-04-09 23:21:12,897 [INFO] Please wait — operation in progress...
2026-04-09 23:21:12,997 [INFO] Please wait — operation in progress...
2026-04-09 23:21:12,997 [INFO] Please wait — operation in progress...
2026-04-09 23:21:12,997 [INFO] Please wait — operation in progress...
2026-04-09 23:21:12,998 [INFO] Please wait — operation in progress...
2026-04-09 23:21:12,998 [INFO] Please wait — operation in progress...
2026-04-09 23:21:12,998 [INFO] Please wait — operation in progress...
2026-04-09 23:21:12,999 [INFO] Please wait — operation in progress...
2026-04-09 23:21:12,999 [INFO] Please wait — operation in progress...
2026-04-09 23:21:21,222 [INFO] Please wait — operation in progress...
2026-04-09 23:21:25,636 [INFO] Please wait — operation in progress...
2026-04-09 23:21:27,041 [INFO] Please wait — operation in progress...
2026-04-09 23:21:27,743 [INFO] Please wait — operation in progress...
2026-04-09 23:21:27,743 [INFO] Please wait — operation in progress...
2026-04-09 23:21:27,743 [INFO] Please wait — operation in progress...
2026-04-09 23:21:27,743 [INFO] Please wait — operation in progress...
2026-04-09 23:21:27,844 [INFO] Please wait — operation in progress...
2026-04-09 23:21:27,845 [INFO] Please wait — operation in progress...
2026-04-09 23:21:27,846 [INFO] Please wait — operation in progress...
2026-04-09 23:21:27,846 [INFO] Please wait — operation in progress...
2026-04-09 23:21:27,846 [INFO] Please wait — operation in progress...
2026-04-09 23:21:27,846 [INFO] Please wait — operation in progress...
2026-04-09 23:21:27,846 [INFO] Please wait — operation in progress...
2026-04-09 23:21:27,847 [INFO] Please wait — operation in progress...
2026-04-09 23:21:27,847 [INFO] Please wait — operation in progress...
2026-04-09 23:21:27,847 [INFO] Please wait — operation in progress...
2026-04-09 23:21:27,847 [INFO] Please wait — operation in progress...
2026-04-09 23:21:27,847 [INFO] Please wait — operation in progress...
2026-04-09 23:21:27,848 [INFO] Please wait — operation in progress...
2026-04-09 23:21:27,848 [INFO] Please wait — operation in progress...
2026-04-09 23:21:27,848 [INFO] Please wait — operation in progress...
2026-04-09 23:21:27,848 [INFO] Please wait — operation in progress...
2026-04-09 23:21:27,848 [INFO] Please wait — operation in progress...
2026-04-09 23:21:27,848 [INFO] Please wait — operation in progress...
2026-04-09 23:21:27,849 [INFO] Please wait — operation in progress...
2026-04-09 23:21:27,849 [INFO] Please wait — operation in progress...
2026-04-09 23:21:27,949 [INFO] Please wait — operation in progress...
2026-04-09 23:21:27,949 [INFO] Please wait — operation in progress...
2026-04-09 23:21:27,950 [INFO] Please wait — operation in progress...
2026-04-09 23:21:27,950 [INFO] Please wait — operation in progress...
2026-04-09 23:21:27,950 [INFO] Please wait — operation in progress...
2026-04-09 23:21:27,950 [INFO] Please wait — operation in progress...
2026-04-09 23:21:27,950 [INFO] Please wait — operation in progress...
2026-04-09 23:21:27,951 [INFO] Please wait — operation in progress...
2026-04-09 23:21:28,251 [INFO] Please wait — operation in progress...
2026-04-09 23:21:28,252 [INFO] Please wait — operation in progress...
2026-04-09 23:21:28,252 [INFO] Please wait — operation in progress...
2026-04-09 23:21:28,252 [INFO] Please wait — operation in progress...
2026-04-09 23:21:28,252 [INFO] Please wait — operation in progress...
2026-04-09 23:21:28,253 [INFO] Please wait — operation in progress...
2026-04-09 23:21:28,253 [INFO] Please wait — operation in progress...
2026-04-09 23:21:28,253 [INFO] Please wait — operation in progress...
2026-04-09 23:21:28,253 [INFO] Please wait — operation in progress...
2026-04-09 23:21:28,253 [INFO] Please wait — operation in progress...
2026-04-09 23:21:28,253 [INFO] Please wait — operation in progress...
2026-04-09 23:21:28,254 [INFO] Please wait — operation in progress...
2026-04-09 23:21:28,254 [INFO] Please wait — operation in progress...
2026-04-09 23:21:28,254 [INFO] Please wait — operation in progress...
2026-04-09 23:21:28,254 [INFO] Please wait — operation in progress...
2026-04-09 23:21:28,254 [INFO] Please wait — operation in progress...
2026-04-09 23:21:28,355 [INFO] Please wait — operation in progress...
2026-04-09 23:21:28,355 [INFO] Please wait — operation in progress...
2026-04-09 23:21:28,355 [INFO] Please wait — operation in progress...
2026-04-09 23:21:28,356 [INFO] Please wait — operation in progress...
2026-04-09 23:21:28,356 [INFO] Please wait — operation in progress...
2026-04-09 23:21:28,356 [INFO] Please wait — operation in progress...
2026-04-09 23:21:28,356 [INFO] Please wait — operation in progress...
2026-04-09 23:21:28,357 [INFO] Please wait — operation in progress...
2026-04-09 23:21:28,357 [INFO] Please wait — operation in progress...
2026-04-09 23:21:28,358 [INFO] Please wait — operation in progress...
2026-04-09 23:21:28,358 [INFO] Please wait — operation in progress...
2026-04-09 23:21:28,358 [INFO] Please wait — operation in progress...
2026-04-09 23:21:28,359 [INFO] Please wait — operation in progress...
2026-04-09 23:21:28,359 [INFO] Please wait — operation in progress...
2026-04-09 23:21:28,359 [INFO] Please wait — operation in progress...
2026-04-09 23:21:28,359 [INFO] Please wait — operation in progress...
2026-04-09 23:21:28,660 [INFO] Please wait — operation in progress...
2026-04-09 23:21:28,660 [INFO] Please wait — operation in progress...
2026-04-09 23:21:28,660 [INFO] Please wait — operation in progress...
2026-04-09 23:21:28,661 [INFO] Please wait — operation in progress...
2026-04-09 23:21:28,661 [INFO] Please wait — operation in progress...
2026-04-09 23:21:28,662 [INFO] Please wait — operation in progress...
2026-04-09 23:21:28,662 [INFO] Please wait — operation in progress...
2026-04-09 23:21:28,662 [INFO] Please wait — operation in progress...
2026-04-09 23:21:28,663 [INFO] Please wait — operation in progress...
2026-04-09 23:21:28,663 [INFO] Please wait — operation in progress...
2026-04-09 23:21:28,663 [INFO] Please wait — operation in progress...
2026-04-09 23:21:28,663 [INFO] Please wait — operation in progress...
2026-04-09 23:21:28,764 [INFO] Please wait — operation in progress...
2026-04-09 23:21:28,764 [INFO] Please wait — operation in progress...
2026-04-09 23:21:28,764 [INFO] Please wait — operation in progress...
2026-04-09 23:21:28,765 [INFO] Please wait — operation in progress...
2026-04-09 23:21:28,765 [INFO] Please wait — operation in progress...
2026-04-09 23:21:28,765 [INFO] Please wait — operation in progress...
2026-04-09 23:21:28,765 [INFO] Please wait — operation in progress...
2026-04-09 23:21:28,765 [INFO] Please wait — operation in progress...
2026-04-09 23:21:28,766 [INFO] Please wait — operation in progress...
2026-04-09 23:21:28,766 [INFO] Please wait — operation in progress...
2026-04-09 23:21:28,766 [INFO] Please wait — operation in progress...
2026-04-09 23:21:28,766 [INFO] Please wait — operation in progress...
2026-04-09 23:21:28,766 [INFO] Please wait — operation in progress...
2026-04-09 23:21:28,766 [INFO] Please wait — operation in progress...
2026-04-09 23:21:28,766 [INFO] Please wait — operation in progress...
2026-04-09 23:21:28,767 [INFO] Please wait — operation in progress...
2026-04-09 23:21:29,068 [INFO] Please wait — operation in progress...
2026-04-09 23:21:29,068 [INFO] Please wait — operation in progress...
2026-04-09 23:21:29,068 [INFO] Please wait — operation in progress...
2026-04-09 23:21:29,069 [INFO] Please wait — operation in progress...
2026-04-09 23:21:29,069 [INFO] Please wait — operation in progress...
2026-04-09 23:21:29,069 [INFO] Please wait — operation in progress...
2026-04-09 23:21:29,069 [INFO] Please wait — operation in progress...
2026-04-09 23:21:29,069 [INFO] Please wait — operation in progress...
2026-04-09 23:21:29,070 [INFO] Please wait — operation in progress...
2026-04-09 23:21:29,071 [INFO] Please wait — operation in progress...
2026-04-09 23:21:29,071 [INFO] Please wait — operation in progress...
2026-04-09 23:21:29,072 [INFO] Please wait — operation in progress...
2026-04-09 23:21:29,072 [INFO] Please wait — operation in progress...
2026-04-09 23:21:29,073 [INFO] Please wait — operation in progress...
2026-04-09 23:21:29,073 [INFO] Please wait — operation in progress...
2026-04-09 23:21:29,073 [INFO] Please wait — operation in progress...
2026-04-09 23:21:29,173 [INFO] Please wait — operation in progress...
2026-04-09 23:21:29,174 [INFO] Please wait — operation in progress...
2026-04-09 23:21:29,174 [INFO] Please wait — operation in progress...
2026-04-09 23:21:29,175 [INFO] Please wait — operation in progress...
2026-04-09 23:21:29,175 [INFO] Please wait — operation in progress...
2026-04-09 23:21:29,175 [INFO] Please wait — operation in progress...
2026-04-09 23:21:29,176 [INFO] Please wait — operation in progress...
2026-04-09 23:21:29,176 [INFO] Please wait — operation in progress...
2026-04-09 23:21:29,177 [INFO] Please wait — operation in progress...
2026-04-09 23:21:29,177 [INFO] Please wait — operation in progress...
2026-04-09 23:21:29,177 [INFO] Please wait — operation in progress...
2026-04-09 23:21:29,177 [INFO] Please wait — operation in progress...
2026-04-09 23:21:29,177 [INFO] Please wait — operation in progress...
2026-04-09 23:21:29,177 [INFO] Please wait — operation in progress...
2026-04-09 23:21:29,177 [INFO] Please wait — operation in progress...
2026-04-09 23:21:29,178 [INFO] Please wait — operation in progress...
2026-04-09 23:21:29,479 [INFO] Please wait — operation in progress...
2026-04-09 23:21:29,480 [INFO] Please wait — operation in progress...
2026-04-09 23:21:29,480 [INFO] Please wait — operation in progress...
2026-04-09 23:21:29,480 [INFO] Please wait — operation in progress...
2026-04-09 23:21:29,481 [INFO] Please wait — operation in progress...
2026-04-09 23:21:29,481 [INFO] Please wait — operation in progress...
2026-04-09 23:21:29,481 [INFO] Please wait — operation in progress...
2026-04-09 23:21:29,482 [INFO] Please wait — operation in progress...
2026-04-09 23:21:29,482 [INFO] Please wait — operation in progress...
2026-04-09 23:21:29,482 [INFO] Please wait — operation in progress...
2026-04-09 23:21:29,483 [INFO] Please wait — operation in progress...
2026-04-09 23:21:29,483 [INFO] Please wait — operation in progress...
2026-04-09 23:21:29,484 [INFO] Please wait — operation in progress...
2026-04-09 23:21:29,484 [INFO] Please wait — operation in progress...
2026-04-09 23:21:29,485 [INFO] Please wait — operation in progress...
2026-04-09 23:21:29,486 [INFO] Please wait — operation in progress...
2026-04-09 23:21:29,486 [INFO] Please wait — operation in progress...
2026-04-09 23:21:29,486 [INFO] Please wait — operation in progress...
2026-04-09 23:21:29,486 [INFO] Please wait — operation in progress...
2026-04-09 23:21:29,486 [INFO] Please wait — operation in progress...
2026-04-09 23:21:29,587 [INFO] Please wait — operation in progress...
2026-04-09 23:21:29,587 [INFO] Please wait — operation in progress...
2026-04-09 23:21:29,587 [INFO] Please wait — operation in progress...
2026-04-09 23:21:29,588 [INFO] Please wait — operation in progress...
2026-04-09 23:21:29,588 [INFO] Please wait — operation in progress...
2026-04-09 23:21:29,588 [INFO] Please wait — operation in progress...
2026-04-09 23:21:29,588 [INFO] Please wait — operation in progress...
2026-04-09 23:21:29,589 [INFO] Please wait — operation in progress...
2026-04-09 23:21:29,589 [INFO] Please wait — operation in progress...
2026-04-09 23:21:29,590 [INFO] Please wait — operation in progress...
2026-04-09 23:21:29,590 [INFO] Please wait — operation in progress...
2026-04-09 23:21:29,591 [INFO] Please wait — operation in progress...
2026-04-09 23:21:29,791 [INFO] Please wait — operation in progress...
2026-04-09 23:21:29,791 [INFO] Please wait — operation in progress...
2026-04-09 23:21:29,792 [INFO] Please wait — operation in progress...
2026-04-09 23:21:29,792 [INFO] Please wait — operation in progress...
2026-04-09 23:21:29,893 [INFO] Please wait — operation in progress...
2026-04-09 23:21:29,893 [INFO] Please wait — operation in progress...
2026-04-09 23:21:29,893 [INFO] Please wait — operation in progress...
2026-04-09 23:21:29,894 [INFO] Please wait — operation in progress...
2026-04-09 23:21:29,894 [INFO] Please wait — operation in progress...
2026-04-09 23:21:29,894 [INFO] Please wait — operation in progress...
2026-04-09 23:21:29,895 [INFO] Please wait — operation in progress...
2026-04-09 23:21:29,895 [INFO] Please wait — operation in progress...
2026-04-09 23:21:29,895 [INFO] Please wait — operation in progress...
2026-04-09 23:21:29,896 [INFO] Please wait — operation in progress...
2026-04-09 23:21:29,896 [INFO] Please wait — operation in progress...
2026-04-09 23:21:29,896 [INFO] Please wait — operation in progress...
2026-04-09 23:21:29,897 [INFO] Please wait — operation in progress...
2026-04-09 23:21:29,897 [INFO] Please wait — operation in progress...
2026-04-09 23:21:29,897 [INFO] Please wait — operation in progress...
2026-04-09 23:21:29,897 [INFO] Please wait — operation in progress...
2026-04-09 23:21:29,898 [INFO] Please wait — operation in progress...
2026-04-09 23:21:29,898 [INFO] Please wait — operation in progress...
2026-04-09 23:21:29,898 [INFO] Please wait — operation in progress...
2026-04-09 23:21:29,898 [INFO] Please wait — operation in progress...
2026-04-09 23:21:29,898 [INFO] Please wait — operation in progress...
2026-04-09 23:21:29,898 [INFO] Please wait — operation in progress...
2026-04-09 23:21:29,899 [INFO] Please wait — operation in progress...
2026-04-09 23:21:29,899 [INFO] Please wait — operation in progress...
2026-04-09 23:21:30,200 [INFO] Please wait — operation in progress...
2026-04-09 23:21:30,200 [INFO] Please wait — operation in progress...
2026-04-09 23:21:30,201 [INFO] Please wait — operation in progress...
2026-04-09 23:21:30,201 [INFO] Please wait — operation in progress...
2026-04-09 23:21:30,202 [INFO] Please wait — operation in progress...
2026-04-09 23:21:30,202 [INFO] Please wait — operation in progress...
2026-04-09 23:21:30,202 [INFO] Please wait — operation in progress...
2026-04-09 23:21:30,202 [INFO] Please wait — operation in progress...
2026-04-09 23:21:30,202 [INFO] Please wait — operation in progress...
2026-04-09 23:21:30,202 [INFO] Please wait — operation in progress...
2026-04-09 23:21:30,203 [INFO] Please wait — operation in progress...
2026-04-09 23:21:30,203 [INFO] Please wait — operation in progress...
2026-04-09 23:21:30,203 [INFO] Please wait — operation in progress...
2026-04-09 23:21:30,203 [INFO] Please wait — operation in progress...
2026-04-09 23:21:30,203 [INFO] Please wait — operation in progress...
2026-04-09 23:21:30,203 [INFO] Please wait — operation in progress...
2026-04-09 23:21:30,204 [INFO] Please wait — operation in progress...
2026-04-09 23:21:30,204 [INFO] Please wait — operation in progress...
2026-04-09 23:21:30,204 [INFO] Please wait — operation in progress...
2026-04-09 23:21:30,204 [INFO] Please wait — operation in progress...
2026-04-09 23:21:30,204 [INFO] Please wait — operation in progress...
2026-04-09 23:21:30,205 [INFO] Please wait — operation in progress...
2026-04-09 23:21:30,205 [INFO] Please wait — operation in progress...
2026-04-09 23:21:30,205 [INFO] Please wait — operation in progress...
2026-04-09 23:21:30,305 [INFO] Please wait — operation in progress...
2026-04-09 23:21:30,305 [INFO] Please wait — operation in progress...
2026-04-09 23:21:30,306 [INFO] Please wait — operation in progress...
2026-04-09 23:21:30,306 [INFO] Please wait — operation in progress...
2026-04-09 23:21:30,307 [INFO] Please wait — operation in progress...
2026-04-09 23:21:30,307 [INFO] Please wait — operation in progress...
2026-04-09 23:21:30,307 [INFO] Please wait — operation in progress...
2026-04-09 23:21:30,307 [INFO] Please wait — operation in progress...
2026-04-09 23:21:30,507 [INFO] Please wait — operation in progress...
2026-04-09 23:21:30,508 [INFO] Please wait — operation in progress...
2026-04-09 23:21:30,508 [INFO] Please wait — operation in progress...
2026-04-09 23:21:30,508 [INFO] Please wait — operation in progress...
2026-04-09 23:21:30,608 [INFO] Please wait — operation in progress...
2026-04-09 23:21:30,609 [INFO] Please wait — operation in progress...
2026-04-09 23:21:30,609 [INFO] Please wait — operation in progress...
2026-04-09 23:21:30,609 [INFO] Please wait — operation in progress...
2026-04-09 23:21:30,609 [INFO] Please wait — operation in progress...
2026-04-09 23:21:30,609 [INFO] Please wait — operation in progress...
2026-04-09 23:21:30,609 [INFO] Please wait — operation in progress...
2026-04-09 23:21:30,609 [INFO] Please wait — operation in progress...
2026-04-09 23:21:30,609 [INFO] Please wait — operation in progress...
2026-04-09 23:21:30,610 [INFO] Please wait — operation in progress...
2026-04-09 23:21:30,610 [INFO] Please wait — operation in progress...
2026-04-09 23:21:30,610 [INFO] Please wait — operation in progress...
2026-04-09 23:21:30,610 [INFO] Please wait — operation in progress...
2026-04-09 23:21:30,611 [INFO] Please wait — operation in progress...
2026-04-09 23:21:30,611 [INFO] Please wait — operation in progress...
2026-04-09 23:21:30,611 [INFO] Please wait — operation in progress...
2026-04-09 23:21:30,612 [INFO] Please wait — operation in progress...
2026-04-09 23:21:30,612 [INFO] Please wait — operation in progress...
2026-04-09 23:21:30,612 [INFO] Please wait — operation in progress...
2026-04-09 23:21:30,612 [INFO] Please wait — operation in progress...
2026-04-09 23:21:30,613 [INFO] Please wait — operation in progress...
2026-04-09 23:21:30,614 [INFO] Please wait — operation in progress...
2026-04-09 23:21:30,614 [INFO] Please wait — operation in progress...
2026-04-09 23:21:30,614 [INFO] Please wait — operation in progress...
2026-04-09 23:21:30,614 [INFO] Please wait — operation in progress...
2026-04-09 23:21:30,614 [INFO] Please wait — operation in progress...
2026-04-09 23:21:30,614 [INFO] Please wait — operation in progress...
2026-04-09 23:21:30,615 [INFO] Please wait — operation in progress...
2026-04-09 23:21:30,915 [INFO] Please wait — operation in progress...
2026-04-09 23:21:30,916 [INFO] Please wait — operation in progress...
2026-04-09 23:21:30,916 [INFO] Please wait — operation in progress...
2026-04-09 23:21:30,916 [INFO] Please wait — operation in progress...
2026-04-09 23:21:30,916 [INFO] Please wait — operation in progress...
2026-04-09 23:21:30,917 [INFO] Please wait — operation in progress...
2026-04-09 23:21:30,917 [INFO] Please wait — operation in progress...
2026-04-09 23:21:30,917 [INFO] Please wait — operation in progress...
2026-04-09 23:21:30,917 [INFO] Please wait — operation in progress...
2026-04-09 23:21:30,917 [INFO] Please wait — operation in progress...
2026-04-09 23:21:30,917 [INFO] Please wait — operation in progress...
2026-04-09 23:21:30,918 [INFO] Please wait — operation in progress...
2026-04-09 23:21:30,918 [INFO] Please wait — operation in progress...
2026-04-09 23:21:30,918 [INFO] Please wait — operation in progress...
2026-04-09 23:21:30,918 [INFO] Please wait — operation in progress...
2026-04-09 23:21:30,918 [INFO] Please wait — operation in progress...
2026-04-09 23:21:30,918 [INFO] Please wait — operation in progress...
2026-04-09 23:21:30,919 [INFO] Please wait — operation in progress...
2026-04-09 23:21:30,919 [INFO] Please wait — operation in progress...
2026-04-09 23:21:30,919 [INFO] Please wait — operation in progress...
2026-04-09 23:21:31,019 [INFO] Please wait — operation in progress...
2026-04-09 23:21:31,020 [INFO] Please wait — operation in progress...
2026-04-09 23:21:31,020 [INFO] Please wait — operation in progress...
2026-04-09 23:21:31,020 [INFO] Please wait — operation in progress...
2026-04-09 23:21:31,021 [INFO] Please wait — operation in progress...
2026-04-09 23:21:31,021 [INFO] Please wait — operation in progress...
2026-04-09 23:21:31,021 [INFO] Please wait — operation in progress...
2026-04-09 23:21:31,021 [INFO] Please wait — operation in progress...
2026-04-09 23:21:31,021 [INFO] Please wait — operation in progress...
2026-04-09 23:21:31,022 [INFO] Please wait — operation in progress...
2026-04-09 23:21:31,022 [INFO] Please wait — operation in progress...
2026-04-09 23:21:31,022 [INFO] Please wait — operation in progress...
2026-04-09 23:21:31,324 [INFO] Please wait — operation in progress...
2026-04-09 23:21:31,324 [INFO] Please wait — operation in progress...
2026-04-09 23:21:31,325 [INFO] Please wait — operation in progress...
2026-04-09 23:21:31,325 [INFO] Please wait — operation in progress...
2026-04-09 23:21:31,425 [INFO] Please wait — operation in progress...
2026-04-09 23:21:31,425 [INFO] Please wait — operation in progress...
2026-04-09 23:21:31,426 [INFO] Please wait — operation in progress...
2026-04-09 23:21:31,426 [INFO] Please wait — operation in progress...
2026-04-09 23:21:31,426 [INFO] Please wait — operation in progress...
2026-04-09 23:21:31,427 [INFO] Please wait — operation in progress...
2026-04-09 23:21:31,427 [INFO] Please wait — operation in progress...
2026-04-09 23:21:31,427 [INFO] Please wait — operation in progress...
2026-04-09 23:21:31,427 [INFO] Please wait — operation in progress...
2026-04-09 23:21:31,428 [INFO] Please wait — operation in progress...
2026-04-09 23:21:31,428 [INFO] Please wait — operation in progress...
2026-04-09 23:21:31,428 [INFO] Please wait — operation in progress...
2026-04-09 23:21:31,428 [INFO] Please wait — operation in progress...
2026-04-09 23:21:31,428 [INFO] Please wait — operation in progress...
2026-04-09 23:21:31,429 [INFO] Please wait — operation in progress...
2026-04-09 23:21:31,430 [INFO] Please wait — operation in progress...
2026-04-09 23:21:31,430 [INFO] Please wait — operation in progress...
2026-04-09 23:21:31,430 [INFO] Please wait — operation in progress...
2026-04-09 23:21:31,431 [INFO] Please wait — operation in progress...
2026-04-09 23:21:31,431 [INFO] Please wait — operation in progress...
2026-04-09 23:21:31,431 [INFO] Please wait — operation in progress...
2026-04-09 23:21:31,431 [INFO] Please wait — operation in progress...
2026-04-09 23:21:31,432 [INFO] Please wait — operation in progress...
2026-04-09 23:21:31,432 [INFO] Please wait — operation in progress...
2026-04-09 23:21:31,532 [INFO] Please wait — operation in progress...
2026-04-09 23:21:31,533 [INFO] Please wait — operation in progress...
2026-04-09 23:21:31,533 [INFO] Please wait — operation in progress...
2026-04-09 23:21:31,533 [INFO] Please wait — operation in progress...
2026-04-09 23:21:32,637 [INFO] Please wait — operation in progress...
2026-04-09 23:21:32,638 [INFO] Please wait — operation in progress...
2026-04-09 23:21:32,639 [INFO] Please wait — operation in progress...
2026-04-09 23:21:32,639 [INFO] Please wait — operation in progress...
2026-04-09 23:21:32,639 [INFO] Please wait — operation in progress...
2026-04-09 23:21:32,639 [INFO] Please wait — operation in progress...
2026-04-09 23:21:32,639 [INFO] Please wait — operation in progress...
2026-04-09 23:21:32,640 [INFO] Please wait — operation in progress...
2026-04-09 23:21:32,740 [INFO] Please wait — operation in progress...
2026-04-09 23:21:32,740 [INFO] Please wait — operation in progress...
2026-04-09 23:21:32,740 [INFO] Please wait — operation in progress...
2026-04-09 23:21:32,741 [INFO] Please wait — operation in progress...
2026-04-09 23:21:32,741 [INFO] Please wait — operation in progress...
2026-04-09 23:21:32,741 [INFO] Please wait — operation in progress...
2026-04-09 23:21:32,741 [INFO] Please wait — operation in progress...
2026-04-09 23:21:32,741 [INFO] Please wait — operation in progress...
2026-04-09 23:21:32,742 [INFO] Please wait — operation in progress...
2026-04-09 23:21:32,742 [INFO] Please wait — operation in progress...
2026-04-09 23:21:32,742 [INFO] Please wait — operation in progress...
2026-04-09 23:21:32,742 [INFO] Please wait — operation in progress...
2026-04-09 23:21:32,742 [INFO] Please wait — operation in progress...
2026-04-09 23:21:32,742 [INFO] Please wait — operation in progress...
2026-04-09 23:21:32,742 [INFO] Please wait — operation in progress...
2026-04-09 23:21:32,743 [INFO] Please wait — operation in progress...
2026-04-09 23:21:32,743 [INFO] Please wait — operation in progress...
2026-04-09 23:21:32,743 [INFO] Please wait — operation in progress...
2026-04-09 23:21:32,743 [INFO] Please wait — operation in progress...
2026-04-09 23:21:32,743 [INFO] Please wait — operation in progress...
2026-04-09 23:21:32,944 [INFO]   WS-11: ERROR: 
2026-04-09 23:21:32,944 [INFO] Boot complete.
2026-04-09 23:21:42,468 [INFO] Refreshing status...
2026-04-09 23:21:43,074 [INFO] Status refresh complete.
2026-04-09 23:21:46,582 [INFO] Refreshing status...
2026-04-09 23:21:47,186 [INFO] Status refresh complete.
2026-04-09 23:21:54,235 [INFO] Executing 'Enable' on 1 robot(s)...
2026-04-09 23:21:55,445 [INFO]   WS-11: bash: line 1: p: command not found
2026-04-09 23:21:55,445 [INFO] 'Enable' complete.
2026-04-09 23:22:09,091 [INFO] Executing 'Goto Init' on 1 robot(s)...
2026-04-09 23:22:09,997 [INFO]   WS-11: bash: line 1: p: command not found
2026-04-09 23:22:09,997 [INFO] 'Goto Init' complete.
2026-04-09 23:27:20,552 [INFO] ARMory dashboard started.
2026-04-09 23:27:20,552 [INFO] Querying workstation status...
2026-04-09 23:27:23,672 [INFO] WS-11: container not running (offline)
2026-04-09 23:27:23,672 [INFO] Status refresh complete.
2026-04-09 23:27:25,965 [INFO] Booting 1 workstation(s)...
2026-04-09 23:27:26,669 [INFO] WS-11: starting Docker container...
2026-04-09 23:27:29,580 [INFO] WS-11: waiting for container... (2s)
2026-04-09 23:27:32,288 [INFO] WS-11: waiting for container... (4s)
2026-04-09 23:27:34,393 [INFO] Please wait — operation in progress...
2026-04-09 23:27:34,394 [INFO] Please wait — operation in progress...
2026-04-09 23:27:34,395 [INFO] Please wait — operation in progress...
2026-04-09 23:27:34,395 [INFO] Please wait — operation in progress...
2026-04-09 23:27:34,395 [INFO] Please wait — operation in progress...
2026-04-09 23:27:34,395 [INFO] Please wait — operation in progress...
2026-04-09 23:27:34,396 [INFO] Please wait — operation in progress...
2026-04-09 23:27:34,396 [INFO] Please wait — operation in progress...
2026-04-09 23:27:34,396 [INFO] Please wait — operation in progress...
2026-04-09 23:27:34,396 [INFO] Please wait — operation in progress...
2026-04-09 23:27:34,396 [INFO] Please wait — operation in progress...
2026-04-09 23:27:34,396 [INFO] Please wait — operation in progress...
2026-04-09 23:27:34,497 [INFO] Please wait — operation in progress...
2026-04-09 23:27:34,497 [INFO] WS-11: waiting for container... (6s)
2026-04-09 23:27:34,497 [INFO] Please wait — operation in progress...
2026-04-09 23:27:34,498 [INFO] Please wait — operation in progress...
2026-04-09 23:27:34,498 [INFO] Please wait — operation in progress...
2026-04-09 23:27:34,498 [INFO] Please wait — operation in progress...
2026-04-09 23:27:34,498 [INFO] Please wait — operation in progress...
2026-04-09 23:27:34,498 [INFO] Please wait — operation in progress...
2026-04-09 23:27:34,498 [INFO] Please wait — operation in progress...
2026-04-09 23:27:34,498 [INFO] Please wait — operation in progress...
2026-04-09 23:27:34,499 [INFO] Please wait — operation in progress...
2026-04-09 23:27:34,499 [INFO] Please wait — operation in progress...
2026-04-09 23:27:34,499 [INFO] Please wait — operation in progress...
2026-04-09 23:27:35,101 [INFO] Please wait — operation in progress...
2026-04-09 23:27:35,101 [INFO] Please wait — operation in progress...
2026-04-09 23:27:35,101 [INFO] Please wait — operation in progress...
2026-04-09 23:27:35,101 [INFO] Please wait — operation in progress...
2026-04-09 23:27:35,102 [INFO] Please wait — operation in progress...
2026-04-09 23:27:35,102 [INFO] Please wait — operation in progress...
2026-04-09 23:27:35,102 [INFO] Please wait — operation in progress...
2026-04-09 23:27:35,102 [INFO] Please wait — operation in progress...
2026-04-09 23:27:35,203 [INFO] Please wait — operation in progress...
2026-04-09 23:27:35,203 [INFO] Please wait — operation in progress...
2026-04-09 23:27:35,203 [INFO] Please wait — operation in progress...
2026-04-09 23:27:35,203 [INFO] Please wait — operation in progress...
2026-04-09 23:27:35,805 [INFO] Please wait — operation in progress...
2026-04-09 23:27:35,805 [INFO] Please wait — operation in progress...
2026-04-09 23:27:35,805 [INFO] Please wait — operation in progress...
2026-04-09 23:27:35,805 [INFO] Please wait — operation in progress...
2026-04-09 23:27:35,905 [INFO] Please wait — operation in progress...
2026-04-09 23:27:35,905 [INFO] Please wait — operation in progress...
2026-04-09 23:27:35,906 [INFO] Please wait — operation in progress...
2026-04-09 23:27:35,906 [INFO] Please wait — operation in progress...
2026-04-09 23:27:35,906 [INFO] Please wait — operation in progress...
2026-04-09 23:27:35,906 [INFO] Please wait — operation in progress...
2026-04-09 23:27:35,906 [INFO] Please wait — operation in progress...
2026-04-09 23:27:35,906 [INFO] Please wait — operation in progress...
2026-04-09 23:27:35,907 [INFO] Please wait — operation in progress...
2026-04-09 23:27:35,907 [INFO] Please wait — operation in progress...
2026-04-09 23:27:35,907 [INFO] Please wait — operation in progress...
2026-04-09 23:27:35,907 [INFO] Please wait — operation in progress...
2026-04-09 23:27:36,308 [INFO] Please wait — operation in progress...
2026-04-09 23:27:36,309 [INFO] Please wait — operation in progress...
2026-04-09 23:27:36,309 [INFO] Please wait — operation in progress...
2026-04-09 23:27:36,309 [INFO] Please wait — operation in progress...
2026-04-09 23:27:36,309 [INFO] Please wait — operation in progress...
2026-04-09 23:27:36,309 [INFO] Please wait — operation in progress...
2026-04-09 23:27:36,310 [INFO] Please wait — operation in progress...
2026-04-09 23:27:36,310 [INFO] Please wait — operation in progress...
2026-04-09 23:27:36,310 [INFO] Please wait — operation in progress...
2026-04-09 23:27:36,310 [INFO] Please wait — operation in progress...
2026-04-09 23:27:36,310 [INFO] Please wait — operation in progress...
2026-04-09 23:27:36,310 [INFO] Please wait — operation in progress...
2026-04-09 23:27:36,411 [INFO] Please wait — operation in progress...
2026-04-09 23:27:36,411 [INFO] Please wait — operation in progress...
2026-04-09 23:27:36,411 [INFO] Please wait — operation in progress...
2026-04-09 23:27:36,411 [INFO] Please wait — operation in progress...
2026-04-09 23:27:36,412 [INFO] Please wait — operation in progress...
2026-04-09 23:27:36,412 [INFO] Please wait — operation in progress...
2026-04-09 23:27:36,412 [INFO] Please wait — operation in progress...
2026-04-09 23:27:36,412 [INFO] Please wait — operation in progress...
2026-04-09 23:27:37,015 [INFO] WS-11: waiting for container... (8s)
2026-04-09 23:27:39,322 [INFO] WS-11: waiting for container... (10s)
2026-04-09 23:27:41,628 [INFO] WS-11: waiting for container... (12s)
2026-04-09 23:27:44,238 [INFO] WS-11: waiting for container... (14s)
2026-04-09 23:27:46,746 [INFO] WS-11: waiting for container... (16s)
2026-04-09 23:27:49,057 [INFO] WS-11: waiting for container... (18s)
2026-04-09 23:27:51,365 [INFO] WS-11: waiting for container... (20s)
2026-04-09 23:27:53,773 [INFO] WS-11: waiting for container... (22s)
2026-04-09 23:27:56,082 [INFO] WS-11: waiting for container... (24s)
2026-04-09 23:27:58,390 [INFO] WS-11: waiting for container... (26s)
2026-04-09 23:28:01,099 [INFO] WS-11: waiting for container... (28s)
2026-04-09 23:28:03,606 [INFO] WS-11: waiting for container... (30s)
2026-04-09 23:28:03,606 [INFO] WS-11: boot timed out
2026-04-09 23:28:03,606 [INFO]   WS-11: Boot timed out — container not detected
2026-04-09 23:28:03,606 [INFO] Boot complete.
2026-04-09 23:29:43,554 [INFO] Refreshing status...
2026-04-09 23:29:43,960 [INFO] WS-11: container not running (offline)
2026-04-09 23:29:43,960 [INFO] Status refresh complete.
2026-04-10 00:57:04,915 [INFO] ARMory dashboard started.
2026-04-10 00:57:04,916 [INFO] Querying workstation status...
2026-04-10 00:57:07,935 [INFO] WS-11: container not running (offline)
2026-04-10 00:57:07,936 [INFO] Status refresh complete.
2026-04-10 00:57:12,446 [INFO] Refreshing status...
2026-04-10 00:57:13,453 [INFO] WS-11: container not running (offline)
2026-04-10 00:57:13,453 [INFO] Status refresh complete.
2026-04-10 00:57:20,658 [INFO] Booting 1 workstation(s)...
2026-04-10 00:57:21,163 [INFO] WS-11: starting Docker container...
2026-04-10 00:57:23,873 [INFO] WS-11: waiting for container... (2s)
2026-04-10 00:57:26,280 [INFO] WS-11: waiting for container... (4s)
2026-04-10 00:57:28,787 [INFO] WS-11: waiting for container... (6s)
2026-04-10 00:57:31,094 [INFO] WS-11: waiting for container... (8s)
2026-04-10 00:57:33,703 [INFO] WS-11: waiting for container... (10s)
2026-04-10 00:57:36,413 [INFO] WS-11: waiting for container... (12s)
2026-04-10 00:57:38,623 [INFO] WS-11: waiting for container... (14s)
2026-04-10 00:57:40,930 [INFO] WS-11: waiting for container... (16s)
2026-04-10 00:57:43,239 [INFO] WS-11: waiting for container... (18s)
2026-04-10 00:57:46,049 [INFO] WS-11: waiting for container... (20s)
2026-04-10 00:57:48,456 [INFO] WS-11: waiting for container... (22s)
2026-04-10 00:57:50,965 [INFO] WS-11: waiting for container... (24s)
2026-04-10 00:57:53,272 [INFO] WS-11: waiting for container... (26s)
2026-04-10 00:57:55,482 [INFO] WS-11: waiting for container... (28s)
2026-04-10 00:57:58,191 [INFO] WS-11: waiting for container... (30s)
2026-04-10 00:57:58,191 [INFO] WS-11: boot timed out
2026-04-10 00:57:58,191 [INFO]   WS-11: Boot timed out — container not detected
2026-04-10 00:57:58,191 [INFO] Boot complete.
2026-04-10 01:03:46,280 [INFO] ARMory dashboard started.
2026-04-10 01:03:46,280 [INFO] Querying workstation status...
2026-04-10 01:03:48,601 [INFO] WS-11: container not running (offline)
2026-04-10 01:03:48,601 [INFO] Status refresh complete.
2026-04-10 01:03:54,952 [INFO] Booting 1 workstation(s)...
2026-04-10 01:03:55,858 [INFO] WS-11: starting Docker container...
2026-04-10 01:03:56,261 [INFO] WS-11: bash: line 1: firefall/cluster_piper_env:v1.*: No such file or directory
bash: l
2026-04-10 01:03:58,770 [INFO] WS-11: container failed to start
2026-04-10 01:03:58,770 [INFO]   WS-11: Boot failed — container not detected after docker run
2026-04-10 01:03:58,770 [INFO] Boot complete.
2026-04-10 01:05:34,279 [INFO] ARMory dashboard started.
2026-04-10 01:05:34,279 [INFO] Querying workstation status...
2026-04-10 01:05:37,097 [INFO] WS-11: container not running (offline)
2026-04-10 01:05:37,097 [INFO] Status refresh complete.
2026-04-10 01:05:47,956 [INFO] Booting 1 workstation(s)...
2026-04-10 01:05:48,460 [INFO] WS-11: starting Docker container...
2026-04-10 01:05:48,963 [INFO] WS-11: c725936f486be306e0fd4d1aabe9cf9c26360f7ceb11f92b0045922991720861
2026-04-10 01:05:48,963 [INFO] WS-11: xhost:  unable to open display ""
docker: Error response from daemon: error whil
2026-04-10 01:05:51,271 [INFO] WS-11: container failed to start
2026-04-10 01:05:51,271 [INFO]   WS-11: Boot failed — container not detected after docker run
2026-04-10 01:05:51,272 [INFO] Boot complete.
2026-04-10 01:05:59,094 [INFO] Refreshing status...
2026-04-10 01:05:59,598 [INFO] WS-11: container not running (offline)
2026-04-10 01:05:59,599 [INFO] Status refresh complete.
2026-04-10 01:06:02,305 [INFO] Refreshing status...
2026-04-10 01:06:03,009 [INFO] WS-11: container not running (offline)
2026-04-10 01:06:03,110 [INFO] Status refresh complete.
2026-04-10 01:06:19,202 [INFO] Booting 1 workstation(s)...
2026-04-10 01:06:19,605 [INFO] WS-11: starting Docker container...
2026-04-10 01:06:19,907 [INFO] WS-11: ab846ec950f096e97aa1ff256d6baa7c6b1462df8105b5cd22f087e050c9b4ef
2026-04-10 01:06:19,907 [INFO] WS-11: xhost:  unable to open display ""
docker: Error response from daemon: error whil
2026-04-10 01:06:22,215 [INFO] WS-11: container failed to start
2026-04-10 01:06:22,215 [INFO]   WS-11: Boot failed — container not detected after docker run
2026-04-10 01:06:22,215 [INFO] Boot complete.
2026-04-10 01:11:24,871 [INFO] ARMory dashboard started.
2026-04-10 01:11:24,871 [INFO] Querying workstation status...
2026-04-10 01:11:28,192 [INFO] WS-11: container not running (offline)
2026-04-10 01:11:28,192 [INFO] Status refresh complete.
2026-04-10 01:11:33,486 [INFO] Booting 1 workstation(s)...
2026-04-10 01:11:33,990 [INFO] WS-11: starting Docker container...
2026-04-10 01:11:34,894 [INFO] WS-11: d5eb3456ee4f0e46d8d01810f469d8464407524a62081f16c76b6e4c7ce5cfc2
2026-04-10 01:11:37,403 [INFO] WS-11: container up, running entrypoint...
2026-04-10 01:11:37,906 [INFO] WS-11: boot successful
2026-04-10 01:11:37,907 [INFO]   WS-11: Boot successful
2026-04-10 01:11:37,907 [INFO] Boot complete.
2026-04-10 01:11:53,253 [INFO] Refreshing status...
2026-04-10 01:11:54,058 [INFO] WS-11: container not running (offline)
2026-04-10 01:11:54,058 [INFO] Status refresh complete.
2026-04-10 01:17:14,686 [INFO] ARMory dashboard started.
2026-04-10 01:17:14,686 [INFO] Querying workstation status...
2026-04-10 01:17:17,203 [INFO] WS-11: container not running (offline)
2026-04-10 01:17:17,203 [INFO] Status refresh complete.
2026-04-10 01:17:22,927 [INFO] Booting 1 workstation(s)...
2026-04-10 01:17:23,633 [INFO] WS-11: starting Docker container...
2026-04-10 01:17:24,236 [INFO] WS-11: 510b46e5077bbd7726fe9ed149206757dabe52246b5d6d5cc6b9a1e06a0b277b
2026-04-10 01:17:26,544 [INFO] WS-11: container up, running entrypoint...
2026-04-10 01:17:26,847 [INFO] WS-11: boot successful
2026-04-10 01:17:26,847 [INFO]   WS-11: Boot successful
2026-04-10 01:17:26,847 [INFO] Boot complete.
2026-04-10 01:17:31,459 [INFO] Refreshing status...
2026-04-10 01:17:31,963 [INFO] WS-11: container running (booted)
2026-04-10 01:17:31,963 [INFO] Status refresh complete.
2026-04-10 01:18:11,269 [INFO] Refreshing status...
2026-04-10 01:18:12,274 [INFO] WS-11: container running (booted)
2026-04-10 01:18:12,274 [INFO] Status refresh complete.
2026-04-10 01:23:13,800 [INFO] ARMory dashboard started.
2026-04-10 01:23:13,800 [INFO] Querying workstation status...
2026-04-10 01:23:16,922 [INFO] WS-11: container running (booted)
2026-04-10 01:23:16,922 [INFO] Status refresh complete.
2026-04-10 01:28:32,439 [INFO] ARMory dashboard started.
2026-04-10 01:28:32,439 [INFO] Querying workstation status...
2026-04-10 01:28:36,264 [INFO] WS-11: container running (booted)
2026-04-10 01:28:36,264 [INFO] Status refresh complete.
2026-04-10 01:28:40,302 [INFO] Shutting down 1 workstation(s)...
2026-04-10 01:28:40,705 [INFO] WS-11: stopping Docker container...
2026-04-10 01:28:41,107 [INFO] WS-11: shutdown complete
2026-04-10 01:28:41,107 [INFO]   WS-11: Shutdown successful
2026-04-10 01:28:41,107 [INFO] Shutdown complete.
2026-04-10 01:28:44,416 [INFO] Refreshing status...
2026-04-10 01:28:44,920 [INFO] WS-11: container not running (offline)
2026-04-10 01:28:45,020 [INFO] Status refresh complete.
2026-04-10 01:28:49,332 [INFO] Booting 1 workstation(s)...
2026-04-10 01:28:50,038 [INFO] WS-11: starting Docker container...
2026-04-10 01:28:50,842 [INFO] WS-11: 24cb2bebf543de2d9bcfd8849bcf0a448e0a1d6290898857bc5cc9bb786a2dca
2026-04-10 01:28:53,353 [INFO] WS-11: container up, running entrypoint...
2026-04-10 01:28:53,655 [INFO] WS-11: boot successful
2026-04-10 01:28:53,655 [INFO]   WS-11: Boot successful
2026-04-10 01:28:53,655 [INFO] Boot complete.
2026-04-10 01:29:11,512 [INFO] Shutting down 1 workstation(s)...
2026-04-10 01:29:11,814 [INFO] WS-11: stopping Docker container...
2026-04-10 01:29:12,418 [INFO] WS-11: shutdown complete
2026-04-10 01:29:12,418 [INFO]   WS-11: Shutdown successful
2026-04-10 01:29:12,418 [INFO] Shutdown complete.
2026-04-10 01:29:15,727 [INFO] Refreshing status...
2026-04-10 01:29:16,131 [INFO] WS-11: container not running (offline)
2026-04-10 01:29:16,131 [INFO] Status refresh complete.
2026-04-10 01:35:07,119 [INFO] ARMory dashboard started.
2026-04-10 01:35:07,119 [INFO] Querying workstation status...
2026-04-10 01:35:09,839 [INFO] WS-11: container not running (offline)
2026-04-10 01:35:11,753 [INFO] WS-12: container not running (offline)
2026-04-10 01:35:12,055 [INFO] Please wait — operation in progress...
2026-04-10 01:35:13,463 [INFO] WS-13: container not running (offline)
2026-04-10 01:35:15,271 [INFO] WS-14: container not running (offline)
2026-04-10 01:35:15,271 [INFO] Status refresh complete.
2026-04-10 01:35:21,653 [INFO] Booting 4 workstation(s)...
2026-04-10 01:35:22,560 [INFO] WS-11: starting Docker container...
2026-04-10 01:35:23,366 [INFO] WS-12: starting Docker container...
2026-04-10 01:35:23,669 [INFO] WS-11: 91f24c29dbf0d9fc806b2110d694268732f97d368be44ba895f389627352ca33
2026-04-10 01:35:23,871 [INFO] WS-13: starting Docker container...
2026-04-10 01:35:24,275 [INFO] WS-14: starting Docker container...
2026-04-10 01:35:24,578 [INFO] Please wait — operation in progress...
2026-04-10 01:35:24,680 [INFO] Please wait — operation in progress...
2026-04-10 01:35:24,781 [INFO] Please wait — operation in progress...
2026-04-10 01:35:25,586 [INFO] WS-12: 0eaadaf9dc1fa2e71e8fff87c42292eed40602dcf4c1e23e3c238fd58e7e069c
2026-04-10 01:35:25,586 [INFO] WS-12: Unable to find image 'firefall/cluster_piper_env:v1' locally
v1: Pulling from fi
2026-04-10 01:35:25,989 [INFO] WS-11: container up, running entrypoint...
2026-04-10 01:35:26,191 [INFO] WS-11: boot successful
2026-04-10 01:35:28,099 [INFO] WS-12: container up, running entrypoint...
2026-04-10 01:35:28,501 [INFO] WS-12: boot successful
2026-04-10 01:35:36,825 [INFO] Please wait — operation in progress...
2026-04-10 01:35:37,126 [INFO] Please wait — operation in progress...
2026-04-10 01:35:37,527 [INFO] Please wait — operation in progress...
2026-04-10 01:35:37,527 [INFO] Please wait — operation in progress...
2026-04-10 01:35:37,527 [INFO] Please wait — operation in progress...
2026-04-10 01:35:37,528 [INFO] Please wait — operation in progress...
2026-04-10 01:35:37,528 [INFO] Please wait — operation in progress...
2026-04-10 01:35:37,528 [INFO] Please wait — operation in progress...
2026-04-10 01:35:37,528 [INFO] Please wait — operation in progress...
2026-04-10 01:35:37,528 [INFO] Please wait — operation in progress...
2026-04-10 01:35:37,528 [INFO] Please wait — operation in progress...
2026-04-10 01:35:37,529 [INFO] Please wait — operation in progress...
2026-04-10 01:35:37,629 [INFO] Please wait — operation in progress...
2026-04-10 01:35:37,629 [INFO] Please wait — operation in progress...
2026-04-10 01:35:37,630 [INFO] Please wait — operation in progress...
2026-04-10 01:35:37,630 [INFO] Please wait — operation in progress...
2026-04-10 01:35:37,630 [INFO] Please wait — operation in progress...
2026-04-10 01:35:37,630 [INFO] Please wait — operation in progress...
2026-04-10 01:35:37,630 [INFO] Please wait — operation in progress...
2026-04-10 01:35:37,630 [INFO] Please wait — operation in progress...
2026-04-10 01:35:37,630 [INFO] Please wait — operation in progress...
2026-04-10 01:35:37,630 [INFO] Please wait — operation in progress...
2026-04-10 01:35:37,630 [INFO] Please wait — operation in progress...
2026-04-10 01:35:37,630 [INFO] Please wait — operation in progress...
2026-04-10 01:35:37,731 [INFO] Please wait — operation in progress...
2026-04-10 01:35:37,731 [INFO] Please wait — operation in progress...
2026-04-10 01:35:37,731 [INFO] Please wait — operation in progress...
2026-04-10 01:35:37,731 [INFO] Please wait — operation in progress...
2026-04-10 01:35:37,731 [INFO] Please wait — operation in progress...
2026-04-10 01:35:37,731 [INFO] Please wait — operation in progress...
2026-04-10 01:35:37,731 [INFO] Please wait — operation in progress...
2026-04-10 01:35:37,731 [INFO] Please wait — operation in progress...
2026-04-10 01:35:37,731 [INFO] Please wait — operation in progress...
2026-04-10 01:35:37,831 [INFO] Please wait — operation in progress...
2026-04-10 01:35:37,832 [INFO] Please wait — operation in progress...
2026-04-10 01:35:37,832 [INFO] Please wait — operation in progress...
2026-04-10 01:35:37,832 [INFO] Please wait — operation in progress...
2026-04-10 01:35:37,832 [INFO] Please wait — operation in progress...
2026-04-10 01:35:37,832 [INFO] Please wait — operation in progress...
2026-04-10 01:35:37,832 [INFO] Please wait — operation in progress...
2026-04-10 01:35:37,932 [INFO] Please wait — operation in progress...
2026-04-10 01:35:37,932 [INFO] Please wait — operation in progress...
2026-04-10 01:35:37,932 [INFO] Please wait — operation in progress...
2026-04-10 01:35:38,033 [INFO] Please wait — operation in progress...
2026-04-10 01:35:38,034 [INFO] Please wait — operation in progress...
2026-04-10 01:35:38,034 [INFO] Please wait — operation in progress...
2026-04-10 01:35:38,235 [INFO] Please wait — operation in progress...
2026-04-10 01:35:38,435 [INFO] Please wait — operation in progress...
2026-04-10 01:35:38,436 [INFO] Please wait — operation in progress...
2026-04-10 01:35:38,436 [INFO] Please wait — operation in progress...
2026-04-10 01:35:38,436 [INFO] Please wait — operation in progress...
2026-04-10 01:35:38,436 [INFO] Please wait — operation in progress...
2026-04-10 01:35:38,436 [INFO] Please wait — operation in progress...
2026-04-10 01:35:38,436 [INFO] Please wait — operation in progress...
2026-04-10 01:35:38,437 [INFO] Please wait — operation in progress...
2026-04-10 01:35:38,437 [INFO] Please wait — operation in progress...
2026-04-10 01:35:38,437 [INFO] Please wait — operation in progress...
2026-04-10 01:35:38,437 [INFO] Please wait — operation in progress...
2026-04-10 01:35:38,437 [INFO] Please wait — operation in progress...
2026-04-10 01:35:38,437 [INFO] Please wait — operation in progress...
2026-04-10 01:35:38,537 [INFO] Please wait — operation in progress...
2026-04-10 01:35:38,537 [INFO] Please wait — operation in progress...
2026-04-10 01:35:38,537 [INFO] Please wait — operation in progress...
2026-04-10 01:35:38,537 [INFO] Please wait — operation in progress...
2026-04-10 01:35:38,537 [INFO] Please wait — operation in progress...
2026-04-10 01:35:38,538 [INFO] Please wait — operation in progress...
2026-04-10 01:35:38,538 [INFO] Please wait — operation in progress...
2026-04-10 01:35:38,538 [INFO] Please wait — operation in progress...
2026-04-10 01:35:38,538 [INFO] Please wait — operation in progress...
2026-04-10 01:35:38,538 [INFO] Please wait — operation in progress...
2026-04-10 01:35:38,538 [INFO] Please wait — operation in progress...
2026-04-10 01:35:38,639 [INFO] Please wait — operation in progress...
2026-04-10 01:35:38,639 [INFO] Please wait — operation in progress...
2026-04-10 01:35:38,640 [INFO] Please wait — operation in progress...
2026-04-10 01:35:38,640 [INFO] Please wait — operation in progress...
2026-04-10 01:35:38,640 [INFO] Please wait — operation in progress...
2026-04-10 01:35:38,640 [INFO] Please wait — operation in progress...
2026-04-10 01:35:38,641 [INFO] Please wait — operation in progress...
2026-04-10 01:35:38,641 [INFO] Please wait — operation in progress...
2026-04-10 01:35:38,641 [INFO] Please wait — operation in progress...
2026-04-10 01:35:38,641 [INFO] Please wait — operation in progress...
2026-04-10 01:35:38,641 [INFO] Please wait — operation in progress...
2026-04-10 01:35:38,641 [INFO] Please wait — operation in progress...
2026-04-10 01:35:38,641 [INFO] Please wait — operation in progress...
2026-04-10 01:35:38,641 [INFO] Please wait — operation in progress...
2026-04-10 01:35:38,641 [INFO] Please wait — operation in progress...
2026-04-10 01:35:38,642 [INFO] Please wait — operation in progress...
2026-04-10 01:35:38,642 [INFO] Please wait — operation in progress...
2026-04-10 01:35:38,642 [INFO] Please wait — operation in progress...
2026-04-10 01:35:38,642 [INFO] Please wait — operation in progress...
2026-04-10 01:35:38,642 [INFO] Please wait — operation in progress...
2026-04-10 01:35:38,642 [INFO] Please wait — operation in progress...
2026-04-10 01:35:38,642 [INFO] Please wait — operation in progress...
2026-04-10 01:35:38,642 [INFO] Please wait — operation in progress...
2026-04-10 01:35:38,642 [INFO] Please wait — operation in progress...
2026-04-10 01:35:38,642 [INFO] Please wait — operation in progress...
2026-04-10 01:35:38,643 [INFO] Please wait — operation in progress...
2026-04-10 01:35:38,643 [INFO] Please wait — operation in progress...
2026-04-10 01:35:38,643 [INFO] Please wait — operation in progress...
2026-04-10 01:35:38,643 [INFO] Please wait — operation in progress...
2026-04-10 01:35:38,643 [INFO] Please wait — operation in progress...
2026-04-10 01:35:38,643 [INFO] Please wait — operation in progress...
2026-04-10 01:35:38,643 [INFO] Please wait — operation in progress...
2026-04-10 01:35:38,643 [INFO] Please wait — operation in progress...
2026-04-10 01:35:38,643 [INFO] Please wait — operation in progress...
2026-04-10 01:35:38,643 [INFO] Please wait — operation in progress...
2026-04-10 01:35:38,644 [INFO] Please wait — operation in progress...
2026-04-10 01:35:38,644 [INFO] Please wait — operation in progress...
2026-04-10 01:35:38,644 [INFO] Please wait — operation in progress...
2026-04-10 01:35:38,644 [INFO] Please wait — operation in progress...
2026-04-10 01:35:38,644 [INFO] Please wait — operation in progress...
2026-04-10 01:35:38,644 [INFO] Please wait — operation in progress...
2026-04-10 01:35:38,644 [INFO] Please wait — operation in progress...
2026-04-10 01:35:38,644 [INFO] Please wait — operation in progress...
2026-04-10 01:35:38,644 [INFO] Please wait — operation in progress...
2026-04-10 01:35:38,644 [INFO] Please wait — operation in progress...
2026-04-10 01:35:38,645 [INFO] Please wait — operation in progress...
2026-04-10 01:35:38,645 [INFO] Please wait — operation in progress...
2026-04-10 01:35:38,745 [INFO] Please wait — operation in progress...
2026-04-10 01:35:38,745 [INFO] Please wait — operation in progress...
2026-04-10 01:35:38,745 [INFO] Please wait — operation in progress...
2026-04-10 01:35:38,746 [INFO] Please wait — operation in progress...
2026-04-10 01:35:38,746 [INFO] Please wait — operation in progress...
2026-04-10 01:35:38,746 [INFO] Please wait — operation in progress...
2026-04-10 01:35:38,746 [INFO] Please wait — operation in progress...
2026-04-10 01:35:38,746 [INFO] Please wait — operation in progress...
2026-04-10 01:35:38,746 [INFO] Please wait — operation in progress...
2026-04-10 01:35:38,746 [INFO] Please wait — operation in progress...
2026-04-10 01:35:38,746 [INFO] Please wait — operation in progress...
2026-04-10 01:35:38,847 [INFO] Please wait — operation in progress...
2026-04-10 01:35:38,847 [INFO] Please wait — operation in progress...
2026-04-10 01:35:38,847 [INFO] Please wait — operation in progress...
2026-04-10 01:35:38,848 [INFO] Please wait — operation in progress...
2026-04-10 01:35:38,848 [INFO] Please wait — operation in progress...
2026-04-10 01:35:38,848 [INFO] Please wait — operation in progress...
2026-04-10 01:35:38,848 [INFO] Please wait — operation in progress...
2026-04-10 01:35:38,948 [INFO] Please wait — operation in progress...
2026-04-10 01:35:38,948 [INFO] Please wait — operation in progress...
2026-04-10 01:35:38,948 [INFO] Please wait — operation in progress...
2026-04-10 01:35:38,948 [INFO] Please wait — operation in progress...
2026-04-10 01:35:39,049 [INFO] Please wait — operation in progress...
2026-04-10 01:35:39,049 [INFO] Please wait — operation in progress...
2026-04-10 01:35:39,150 [INFO] Please wait — operation in progress...
2026-04-10 01:35:39,150 [INFO] Please wait — operation in progress...
2026-04-10 01:35:39,151 [INFO] Please wait — operation in progress...
2026-04-10 01:35:39,351 [INFO] Please wait — operation in progress...
2026-04-10 01:35:50,285 [INFO] Please wait — operation in progress...
2026-04-10 01:35:50,887 [INFO] Please wait — operation in progress...
2026-04-10 01:35:51,288 [INFO] Please wait — operation in progress...
2026-04-10 01:35:51,589 [INFO] Please wait — operation in progress...
2026-04-10 01:35:51,890 [INFO] Please wait — operation in progress...
2026-04-10 01:35:54,598 [INFO] WS-13: boot FAILED — 
2026-04-10 01:35:54,699 [INFO] WS-14: boot FAILED — 
2026-04-10 01:35:54,699 [INFO]   WS-11: Boot successful
2026-04-10 01:35:54,699 [INFO]   WS-12: Boot successful
2026-04-10 01:35:54,699 [INFO]   WS-13: ERROR: 
2026-04-10 01:35:54,699 [INFO]   WS-14: ERROR: 
2026-04-10 01:35:54,699 [INFO] Boot complete.
2026-04-10 01:36:06,035 [INFO] Refreshing status...
2026-04-10 01:36:06,841 [INFO] WS-11: container running (booted)
2026-04-10 01:36:07,344 [INFO] WS-12: container running (booted)
2026-04-10 01:36:07,547 [INFO] WS-13: container running (booted)
2026-04-10 01:36:07,849 [INFO] WS-14: container running (booted)
2026-04-10 01:36:07,950 [INFO] Status refresh complete.
2026-04-10 01:37:47,531 [INFO] Shutting down 4 workstation(s)...
2026-04-10 01:37:47,834 [INFO] WS-11: stopping Docker container...
2026-04-10 01:37:48,539 [INFO] WS-11: shutdown complete
2026-04-10 01:37:48,539 [INFO] WS-12: stopping Docker container...
2026-04-10 01:37:48,841 [INFO] WS-13: stopping Docker container...
2026-04-10 01:37:48,841 [INFO] WS-12: shutdown complete
2026-04-10 01:37:49,043 [INFO] WS-14: stopping Docker container...
2026-04-10 01:37:49,346 [INFO] WS-13: shutdown complete
2026-04-10 01:37:49,547 [INFO] WS-14: shutdown complete
2026-04-10 01:37:49,547 [INFO]   WS-11: Shutdown successful
2026-04-10 01:37:49,547 [INFO]   WS-12: Shutdown successful
2026-04-10 01:37:49,547 [INFO]   WS-13: Shutdown successful
2026-04-10 01:37:49,547 [INFO]   WS-14: Shutdown successful
2026-04-10 01:37:49,547 [INFO] Shutdown complete.
2026-04-10 02:02:39,848 [INFO] ARMory dashboard started.
2026-04-10 02:02:39,848 [INFO] Querying workstation status...
2026-04-10 02:02:42,772 [INFO] WS-11: container not running (offline)
2026-04-10 02:02:43,781 [INFO] WS-12: container not running (offline)
2026-04-10 02:02:45,393 [INFO] WS-13: container not running (offline)
2026-04-10 02:02:46,800 [INFO] WS-14: container not running (offline)
2026-04-10 02:02:46,800 [INFO] Status refresh complete.
2026-04-10 02:03:04,615 [INFO] Booting 4 workstation(s)...
2026-04-10 02:03:05,624 [INFO] WS-11: starting Docker container...
2026-04-10 02:03:06,330 [INFO] WS-12: starting Docker container...
2026-04-10 02:03:06,431 [INFO] WS-11: d4ba1ff06c4b8bd6ce002162f21bdbb24c6a80270e9fd0d8a810f644d00f76a5
2026-04-10 02:03:06,734 [INFO] WS-13: starting Docker container...
2026-04-10 02:03:07,036 [INFO] WS-12: 090fe1a48a0673cc106778040de15dfd1566db483af0ef2938d5bc73d5144ad3
2026-04-10 02:03:07,238 [INFO] WS-14: starting Docker container...
2026-04-10 02:03:07,640 [INFO] WS-13: e18a21dd73f4656c6a976e06a202475fe7c8f1e5aa5834612b7216d88672420e
2026-04-10 02:03:08,144 [INFO] WS-14: fffc1ab551d39fe26e9e9115d4bcf2d7784553163b90962ae66c31722a8dccbc
2026-04-10 02:03:08,646 [INFO] WS-11: container up, running entrypoint...
2026-04-10 02:03:08,948 [INFO] WS-11: boot successful
2026-04-10 02:03:09,251 [INFO] WS-12: container up, running entrypoint...
2026-04-10 02:03:09,453 [INFO] WS-12: boot successful
2026-04-10 02:03:10,157 [INFO] WS-13: container up, running entrypoint...
2026-04-10 02:03:10,459 [INFO] WS-13: boot successful
2026-04-10 02:03:10,560 [INFO] WS-14: container up, running entrypoint...
2026-04-10 02:03:10,962 [INFO] WS-14: boot successful
2026-04-10 02:03:10,963 [INFO]   WS-11: Boot successful
2026-04-10 02:03:10,963 [INFO]   WS-12: Boot successful
2026-04-10 02:03:10,963 [INFO]   WS-13: Boot successful
2026-04-10 02:03:10,963 [INFO]   WS-14: Boot successful
2026-04-10 02:03:10,963 [INFO] All workstations are ready. Runtime controls unlocked.
2026-04-10 02:03:10,963 [INFO] Boot complete.
2026-04-10 02:03:37,856 [INFO] Shutting down 4 workstation(s)...
2026-04-10 02:03:38,158 [INFO] WS-11: stopping Docker container...
2026-04-10 02:03:38,562 [INFO] WS-12: stopping Docker container...
2026-04-10 02:03:38,562 [INFO] WS-11: shutdown complete
2026-04-10 02:03:38,764 [INFO] WS-13: stopping Docker container...
2026-04-10 02:03:39,066 [INFO] WS-12: shutdown complete
2026-04-10 02:03:39,268 [INFO] WS-14: stopping Docker container...
2026-04-10 02:03:39,268 [INFO] WS-13: shutdown complete
2026-04-10 02:03:39,773 [INFO] WS-14: shutdown complete
2026-04-10 02:03:39,773 [INFO]   WS-11: Shutdown successful
2026-04-10 02:03:39,773 [INFO]   WS-12: Shutdown successful
2026-04-10 02:03:39,773 [INFO]   WS-13: Shutdown successful
2026-04-10 02:03:39,773 [INFO]   WS-14: Shutdown successful
2026-04-10 02:03:39,773 [INFO] Shutdown complete.
2026-04-10 02:06:37,170 [INFO] ARMory dashboard started.
2026-04-10 02:06:37,170 [INFO] Querying workstation status...
2026-04-10 02:06:40,697 [INFO] WS-11: container not running (offline)
2026-04-10 02:06:42,007 [INFO] WS-12: container not running (offline)
2026-04-10 02:06:43,921 [INFO] WS-13: container not running (offline)
2026-04-10 02:06:45,530 [INFO] WS-14: container not running (offline)
2026-04-10 02:06:45,530 [INFO] Status refresh complete.
2026-04-10 02:07:21,855 [INFO] Refreshing status...
2026-04-10 02:07:22,359 [INFO] WS-11: container not running (offline)
2026-04-10 02:07:22,663 [INFO] WS-12: container not running (offline)
2026-04-10 02:07:22,865 [INFO] WS-13: container not running (offline)
2026-04-10 02:07:23,469 [INFO] WS-14: container not running (offline)
2026-04-10 02:07:23,469 [INFO] Status refresh complete.
2026-04-10 02:07:25,398 [INFO] Booting 4 workstation(s)...
2026-04-10 02:07:26,607 [INFO] WS-11: starting Docker container...
2026-04-10 02:07:26,810 [INFO] WS-12: starting Docker container...
2026-04-10 02:07:27,215 [INFO] WS-13: starting Docker container...
2026-04-10 02:07:27,315 [INFO] WS-11: ff4494822285542046fd526dbfac0432b05c212a725c476a0d46568e0769d35b
2026-04-10 02:07:27,316 [INFO] WS-12: 46a2651687cf0e9544343935fe5f06776746a976a93511388be319b60581d2bb
2026-04-10 02:07:27,618 [INFO] WS-14: starting Docker container...
2026-04-10 02:07:27,719 [INFO] WS-13: 1e53494f33a4bd7d9018888bccd98d9d9ab99aada59debcdb5d40dd70da21088
2026-04-10 02:07:28,222 [INFO] WS-14: 0d71dea6b5a401b122488682a09c1a6405cfe7b3bd3508dccf9ee505d258e303
2026-04-10 02:07:29,528 [INFO] WS-11: container up, running entrypoint...
2026-04-10 02:07:29,629 [INFO] WS-12: container up, running entrypoint...
2026-04-10 02:07:29,831 [INFO] WS-11: boot successful
2026-04-10 02:07:30,032 [INFO] WS-12: boot successful
2026-04-10 02:07:30,032 [INFO] WS-13: container up, running entrypoint...
2026-04-10 02:07:30,234 [INFO] WS-13: boot successful
2026-04-10 02:07:30,536 [INFO] WS-14: container up, running entrypoint...
2026-04-10 02:07:30,938 [INFO] WS-14: boot successful
2026-04-10 02:07:30,938 [INFO]   WS-11: Boot successful
2026-04-10 02:07:30,938 [INFO]   WS-12: Boot successful
2026-04-10 02:07:30,938 [INFO]   WS-13: Boot successful
2026-04-10 02:07:30,938 [INFO]   WS-14: Boot successful
2026-04-10 02:07:30,938 [INFO] All workstations are ready. Runtime controls unlocked.
2026-04-10 02:07:30,938 [INFO] Boot complete.
2026-04-10 02:08:00,000 [INFO] Connected 4 robot(s) to server (simulated).
2026-04-10 02:08:08,331 [INFO] Refreshing status...
2026-04-10 02:08:09,439 [INFO] WS-11: container running (booted)
2026-04-10 02:08:09,742 [INFO] WS-12: container running (booted)
2026-04-10 02:08:10,245 [INFO] WS-13: container running (booted)
2026-04-10 02:08:10,547 [INFO] WS-14: container running (booted)
2026-04-10 02:08:10,548 [INFO] Status refresh complete.
2026-04-10 02:08:15,385 [INFO] ARMory dashboard started.
2026-04-10 02:08:15,385 [INFO] Querying workstation status...
2026-04-10 02:08:17,905 [INFO] WS-11: container running (booted)
2026-04-10 02:08:19,625 [INFO] WS-12: container running (booted)
2026-04-10 02:08:21,036 [INFO] WS-13: container running (booted)
2026-04-10 02:08:22,647 [INFO] WS-14: container running (booted)
2026-04-10 02:08:22,748 [INFO] All workstations are ready. Runtime controls unlocked.
2026-04-10 02:08:22,748 [INFO] Status refresh complete.
2026-04-10 02:13:19,672 [INFO] Shutting down 4 workstation(s)...
2026-04-10 02:13:19,975 [INFO] WS-11: stopping Docker container...
2026-04-10 02:13:20,981 [INFO] WS-12: stopping Docker container...
2026-04-10 02:13:20,982 [INFO] WS-11: shutdown complete
2026-04-10 02:13:21,284 [INFO] WS-13: stopping Docker container...
2026-04-10 02:13:21,385 [INFO] WS-12: shutdown complete
2026-04-10 02:13:21,486 [INFO] WS-14: stopping Docker container...
2026-04-10 02:13:21,687 [INFO] WS-13: shutdown complete
2026-04-10 02:13:21,989 [INFO] WS-14: shutdown complete
2026-04-10 02:13:21,989 [INFO]   WS-11: Shutdown successful
2026-04-10 02:13:21,989 [INFO]   WS-12: Shutdown successful
2026-04-10 02:13:21,989 [INFO]   WS-13: Shutdown successful
2026-04-10 02:13:21,989 [INFO]   WS-14: Shutdown successful
2026-04-10 02:13:21,989 [INFO] Shutdown complete.
2026-04-10 02:15:22,495 [INFO] ARMory dashboard started.
2026-04-10 02:15:22,495 [INFO] Querying workstation status...
2026-04-10 02:15:25,718 [INFO] WS-11: container not running (offline)
2026-04-10 02:15:27,130 [INFO] WS-12: container not running (offline)
2026-04-10 02:15:28,642 [INFO] WS-13: container not running (offline)
2026-04-10 02:15:30,655 [INFO] WS-14: container not running (offline)
2026-04-10 02:15:30,655 [INFO] Status refresh complete.
2026-04-10 11:01:48,911 [INFO] ARMory dashboard started.
2026-04-10 11:01:48,911 [INFO] Querying workstation status...
2026-04-10 11:01:51,912 [INFO] WS-11: container not running (offline)
2026-04-10 11:01:52,317 [INFO] WS-12: container not running (offline)
2026-04-10 11:01:52,335 [INFO] WS-13: unreachable — SSH connection closed
2026-04-10 11:01:52,335 [INFO] WS-14: unreachable — SSH connection closed
2026-04-10 11:08:38,801 [INFO] ARMory dashboard started.
2026-04-10 11:08:38,801 [INFO] Querying workstation status...
2026-04-10 11:08:42,330 [INFO] WS-11: container not running (offline)
2026-04-10 11:08:42,633 [INFO] Current operation still running. Controls will unlock shortly.
2026-04-10 11:08:43,239 [INFO] WS-12: container not running (offline)
2026-04-10 11:08:45,152 [INFO] WS-13: container not running (offline)
2026-04-10 11:08:47,064 [INFO] WS-14: container not running (offline)
2026-04-10 11:08:47,065 [INFO] Status refresh complete.
2026-04-10 11:08:52,730 [INFO] Booting 4 workstation(s)...
2026-04-10 11:08:53,941 [INFO] WS-11: starting Docker container...
2026-04-10 11:08:54,445 [INFO] WS-12: starting Docker container...
2026-04-10 11:08:54,446 [INFO] WS-11: 5cc874aada85b3881566d30e58f1bd992ce909d6c5070c086da7b55dfa3774d3
2026-04-10 11:08:54,848 [INFO] WS-13: starting Docker container...
2026-04-10 11:08:54,849 [INFO] WS-12: 704c488d82d2d70c42fb2e400780c71bb7b67e499fb5b7b358d7331ec3771686
2026-04-10 11:08:55,252 [INFO] WS-14: starting Docker container...
2026-04-10 11:08:55,555 [INFO] WS-13: 7ce07ee9ebe25919371e59e761b5d0f73a6bc89983674f477c61a50ceaac5d54
2026-04-10 11:08:55,958 [INFO] WS-14: b781bc6b9783556860cd0b5d2268a5716493d783dac0d9314424f4ebf0e41542
2026-04-10 11:08:56,661 [INFO] WS-11: container up, running entrypoint...
2026-04-10 11:08:57,064 [INFO] WS-11: boot successful
2026-04-10 11:08:57,265 [INFO] WS-12: container up, running entrypoint...
2026-04-10 11:08:57,467 [INFO] WS-12: boot successful
2026-04-10 11:08:57,768 [INFO] WS-13: container up, running entrypoint...
2026-04-10 11:08:57,970 [INFO] WS-13: boot successful
2026-04-10 11:08:58,373 [INFO] WS-14: container up, running entrypoint...
2026-04-10 11:08:58,777 [INFO] WS-14: boot successful
2026-04-10 11:08:58,777 [INFO]   WS-11: Boot successful
2026-04-10 11:08:58,777 [INFO]   WS-12: Boot successful
2026-04-10 11:08:58,777 [INFO]   WS-13: Boot successful
2026-04-10 11:08:58,777 [INFO]   WS-14: Boot successful
2026-04-10 11:08:58,777 [INFO] All workstations are ready. Runtime controls unlocked.
2026-04-10 11:08:58,777 [INFO] Boot complete.
2026-04-10 11:09:12,426 [INFO] Refreshing status...
2026-04-10 11:09:13,534 [INFO] WS-11: container running (booted)
2026-04-10 11:09:14,038 [INFO] WS-12: container running (booted)
2026-04-10 11:09:14,744 [INFO] WS-13: container running (booted)
2026-04-10 11:09:14,845 [INFO] WS-14: container running (booted)
2026-04-10 11:09:14,845 [INFO] Status refresh complete.
2026-04-10 11:09:18,614 [INFO] Shutting down 4 workstation(s)...
2026-04-10 11:09:19,218 [INFO] WS-11: stopping Docker container...
2026-04-10 11:09:19,522 [INFO] WS-12: stopping Docker container...
2026-04-10 11:09:19,724 [INFO] WS-13: stopping Docker container...
2026-04-10 11:09:19,825 [INFO] WS-11: shutdown complete
2026-04-10 11:09:20,027 [INFO] WS-12: shutdown complete
2026-04-10 11:09:20,228 [INFO] WS-14: stopping Docker container...
2026-04-10 11:09:20,933 [INFO] WS-13: shutdown complete
2026-04-10 11:09:21,034 [INFO] WS-14: shutdown complete
2026-04-10 11:09:21,035 [INFO]   WS-11: Shutdown successful
2026-04-10 11:09:21,035 [INFO]   WS-12: Shutdown successful
2026-04-10 11:09:21,035 [INFO]   WS-13: Shutdown successful
2026-04-10 11:09:21,035 [INFO]   WS-14: Shutdown successful
2026-04-10 11:09:21,035 [INFO] Shutdown complete.
2026-04-10 11:35:11,968 [INFO] ARMory dashboard started.
2026-04-10 11:35:11,968 [INFO] Querying workstation status...
2026-04-10 11:35:15,896 [INFO] WS-11: container not running (offline)
2026-04-10 11:35:18,212 [INFO] WS-12: container not running (offline)
2026-04-10 11:35:20,127 [INFO] WS-13: container not running (offline)
2026-04-10 11:35:21,434 [INFO] WS-14: container not running (offline)
2026-04-10 11:35:21,434 [INFO] Status refresh complete.
2026-04-10 11:36:22,756 [INFO] ARMory dashboard started.
2026-04-10 11:36:22,756 [INFO] Querying workstation status...
2026-04-10 11:36:25,980 [INFO] WS-5: container not running (offline)
2026-04-10 11:36:27,892 [INFO] WS-6: container not running (offline)
2026-04-10 11:36:29,912 [INFO] WS-7: container not running (offline)
2026-04-10 11:36:32,229 [INFO] WS-8: container not running (offline)
2026-04-10 11:36:33,941 [INFO] Current operation still running. Controls will unlock shortly.
2026-04-10 11:36:35,051 [INFO] WS-9: container not running (offline)
2026-04-10 11:36:35,455 [INFO] Current operation still running. Controls will unlock shortly.
2026-04-10 11:36:36,469 [INFO] WS-10: container not running (offline)
2026-04-10 11:36:36,884 [INFO] WS-11: container not running (offline)
2026-04-10 11:36:36,986 [INFO] Current operation still running. Controls will unlock shortly.
2026-04-10 11:36:37,996 [INFO] WS-12: container not running (offline)
2026-04-10 11:36:39,205 [INFO] WS-13: container not running (offline)
2026-04-10 11:36:40,817 [INFO] WS-14: container not running (offline)
2026-04-10 11:36:40,917 [INFO] Status refresh complete.
2026-04-10 11:36:52,278 [INFO] Booting 10 workstation(s)...
2026-04-10 11:36:53,288 [INFO] WS-5: starting Docker container...
2026-04-10 11:36:53,389 [INFO] WS-6: starting Docker container...
2026-04-10 11:36:53,793 [INFO] WS-7: starting Docker container...
2026-04-10 11:36:54,199 [INFO] WS-8: starting Docker container...
2026-04-10 11:36:54,704 [INFO] WS-9: starting Docker container...
2026-04-10 11:36:55,714 [INFO] WS-10: starting Docker container...
2026-04-10 11:36:56,220 [INFO] WS-11: starting Docker container...
2026-04-10 11:36:56,624 [INFO] WS-12: starting Docker container...
2026-04-10 11:36:56,625 [INFO] WS-13: starting Docker container...
2026-04-10 11:36:56,928 [INFO] WS-11: cba338f805c1940381b0fdb27fdb151aeb0b399fe788b9e606285a438d8c5ca1
2026-04-10 11:36:57,130 [INFO] WS-14: starting Docker container...
2026-04-10 11:36:57,231 [INFO] WS-12: b060812f1d5338938f5d90c7244d3ed69c4997d2992550cdbf90210a84a303ce
2026-04-10 11:36:57,231 [INFO] WS-13: 167cfa7c7590ac11cde02c4bccbd705c9dffb9b557a1235d12970e6e4d26f619
2026-04-10 11:36:57,634 [INFO] WS-14: 82808f3e00ecb26efff919ebd041e65a13e564129c6f46aec44abe2395208d74
2026-04-10 11:36:59,241 [INFO] WS-11: container up, running entrypoint...
2026-04-10 11:36:59,543 [INFO] WS-11: boot successful
2026-04-10 11:36:59,544 [INFO] WS-13: container up, running entrypoint...
2026-04-10 11:36:59,544 [INFO] WS-12: container up, running entrypoint...
2026-04-10 11:36:59,746 [INFO] WS-13: boot successful
2026-04-10 11:36:59,847 [INFO] WS-12: boot successful
2026-04-10 11:36:59,847 [INFO] WS-14: container up, running entrypoint...
2026-04-10 11:37:00,150 [INFO] WS-14: boot successful
2026-04-10 11:37:16,712 [INFO] WS-5: d3ee183a6701cd33412301b581c9f6b583b678524deae86ddd9124740cd31426
2026-04-10 11:37:16,712 [INFO] WS-5: Unable to find image 'firefall/cluster_piper_env:v1' locally
v1: Pulling from fi
2026-04-10 11:37:18,519 [INFO] WS-8: 53d160772aeba4a0d6c6061bbfbae032d6a38f5275423c23025d81486bf6a406
2026-04-10 11:37:18,519 [INFO] WS-8: Unable to find image 'firefall/cluster_piper_env:v1' locally
v1: Pulling from fi
2026-04-10 11:37:18,922 [INFO] WS-5: container up, running entrypoint...
2026-04-10 11:37:19,225 [INFO] WS-5: boot successful
2026-04-10 11:37:19,326 [INFO] WS-10: f7c0b2d4ce382d179d986792c2e2a78b76d03d9f61e0b4a55994cb9fd16467c7
2026-04-10 11:37:19,426 [INFO] WS-10: Unable to find image 'firefall/cluster_piper_env:v1' locally
v1: Pulling from fi
2026-04-10 11:37:20,131 [INFO] WS-6: b8889e5025789e84dee1d5b368fee483c677054cb53ac2ac8261b60fea8ccbe3
2026-04-10 11:37:20,132 [INFO] WS-6: Unable to find image 'firefall/cluster_piper_env:v1' locally
v1: Pulling from fi
2026-04-10 11:37:20,232 [INFO] WS-9: 3be3fb68088ccd87433012b14d43d48ba354ede8854a1e253d6e58cb26bc6887
2026-04-10 11:37:20,233 [INFO] WS-9: Unable to find image 'firefall/cluster_piper_env:v1' locally
v1: Pulling from fi
2026-04-10 11:37:20,836 [INFO] WS-8: container up, running entrypoint...
2026-04-10 11:37:21,038 [INFO] WS-8: boot successful
2026-04-10 11:37:21,642 [INFO] WS-10: container up, running entrypoint...
2026-04-10 11:37:21,944 [INFO] WS-7: 68279bc3065342fc6665f76a4eda310849c1dca81da8408938f5456f3f9b2953
2026-04-10 11:37:21,944 [INFO] WS-7: Unable to find image 'firefall/cluster_piper_env:v1' locally
v1: Pulling from fi
2026-04-10 11:37:21,945 [INFO] WS-10: boot successful
2026-04-10 11:37:22,448 [INFO] WS-6: container up, running entrypoint...
2026-04-10 11:37:22,750 [INFO] WS-9: container up, running entrypoint...
2026-04-10 11:37:22,952 [INFO] WS-6: boot successful
2026-04-10 11:37:23,455 [INFO] WS-9: boot successful
2026-04-10 11:37:24,159 [INFO] WS-7: container up, running entrypoint...
2026-04-10 11:37:24,361 [INFO] WS-7: boot successful
2026-04-10 11:37:24,361 [INFO]   WS-5: Boot successful
2026-04-10 11:37:24,361 [INFO]   WS-6: Boot successful
2026-04-10 11:37:24,361 [INFO]   WS-7: Boot successful
2026-04-10 11:37:24,361 [INFO]   WS-8: Boot successful
2026-04-10 11:37:24,361 [INFO]   WS-9: Boot successful
2026-04-10 11:37:24,361 [INFO]   WS-10: Boot successful
2026-04-10 11:37:24,361 [INFO]   WS-11: Boot successful
2026-04-10 11:37:24,361 [INFO]   WS-12: Boot successful
2026-04-10 11:37:24,361 [INFO]   WS-13: Boot successful
2026-04-10 11:37:24,361 [INFO]   WS-14: Boot successful
2026-04-10 11:37:24,361 [INFO] All workstations are ready. Runtime controls unlocked.
2026-04-10 11:37:24,361 [INFO] Boot complete.
2026-04-10 11:39:54,477 [INFO] Shutting down 10 workstation(s)...
2026-04-10 11:39:54,881 [INFO] WS-5: stopping Docker container...
2026-04-10 11:39:55,284 [INFO] WS-6: stopping Docker container...
2026-04-10 11:39:55,284 [INFO] WS-5: shutdown complete
2026-04-10 11:39:55,988 [INFO] WS-7: stopping Docker container...
2026-04-10 11:39:55,989 [INFO] WS-6: shutdown complete
2026-04-10 11:39:56,291 [INFO] WS-8: stopping Docker container...
2026-04-10 11:39:56,392 [INFO] WS-7: shutdown complete
2026-04-10 11:39:56,594 [INFO] WS-9: stopping Docker container...
2026-04-10 11:39:56,796 [INFO] WS-10: stopping Docker container...
2026-04-10 11:39:56,796 [INFO] WS-8: shutdown complete
2026-04-10 11:39:56,997 [INFO] WS-9: shutdown complete
2026-04-10 11:39:57,098 [INFO] WS-11: stopping Docker container...
2026-04-10 11:39:58,004 [INFO] WS-10: shutdown complete
2026-04-10 11:39:58,004 [INFO] WS-12: stopping Docker container...
2026-04-10 11:39:58,104 [INFO] WS-11: shutdown complete
2026-04-10 11:39:58,306 [INFO] WS-13: stopping Docker container...
2026-04-10 11:39:58,408 [INFO] WS-12: shutdown complete
2026-04-10 11:39:58,710 [INFO] WS-14: stopping Docker container...
2026-04-10 11:39:58,710 [INFO] WS-13: shutdown complete
2026-04-10 11:39:59,013 [INFO] WS-14: shutdown complete
2026-04-10 11:39:59,013 [INFO]   WS-5: Shutdown successful
2026-04-10 11:39:59,013 [INFO]   WS-6: Shutdown successful
2026-04-10 11:39:59,013 [INFO]   WS-7: Shutdown successful
2026-04-10 11:39:59,013 [INFO]   WS-8: Shutdown successful
2026-04-10 11:39:59,013 [INFO]   WS-9: Shutdown successful
2026-04-10 11:39:59,013 [INFO]   WS-10: Shutdown successful
2026-04-10 11:39:59,013 [INFO]   WS-11: Shutdown successful
2026-04-10 11:39:59,013 [INFO]   WS-12: Shutdown successful
2026-04-10 11:39:59,013 [INFO]   WS-13: Shutdown successful
2026-04-10 11:39:59,013 [INFO]   WS-14: Shutdown successful
2026-04-10 11:39:59,013 [INFO] Shutdown complete.
2026-04-10 11:43:11,402 [INFO] ARMory dashboard started.
2026-04-10 11:43:11,402 [INFO] Querying workstation status...
2026-04-10 11:43:14,327 [INFO] WS-5: container not running (offline)
2026-04-10 11:43:15,637 [INFO] WS-6: container not running (offline)
2026-04-10 11:43:17,148 [INFO] WS-7: container not running (offline)
2026-04-10 11:43:18,760 [INFO] WS-8: container not running (offline)
2026-04-10 11:43:20,575 [INFO] WS-9: container not running (offline)
2026-04-10 11:43:22,789 [INFO] WS-10: container not running (offline)
2026-04-10 11:43:24,099 [INFO] WS-11: container not running (offline)
2026-04-10 11:43:25,611 [INFO] WS-12: container not running (offline)
2026-04-10 11:43:26,921 [INFO] WS-13: container not running (offline)
2026-04-10 11:43:28,333 [INFO] WS-14: container not running (offline)
2026-04-10 11:43:28,433 [INFO] Status refresh complete.
2026-04-10 11:44:58,073 [INFO] ARMory dashboard started.
2026-04-10 11:44:58,073 [INFO] Querying workstation status...
2026-04-10 11:45:00,595 [INFO] WS-5: container not running (offline)
2026-04-10 11:45:02,811 [INFO] WS-6: container not running (offline)
2026-04-10 11:45:04,023 [INFO] WS-7: container not running (offline)
2026-04-10 11:45:04,317 [INFO] WS-8: unreachable — SSH connection closed
2026-04-10 11:45:04,317 [INFO] WS-9: unreachable — SSH connection closed
2026-04-10 11:45:04,317 [INFO] WS-10: unreachable — SSH connection closed
2026-04-10 11:45:04,317 [INFO] WS-11: unreachable — SSH connection closed
2026-04-10 11:45:04,317 [INFO] WS-12: unreachable — SSH connection closed
2026-04-10 11:45:04,317 [INFO] WS-13: unreachable — SSH connection closed
2026-04-10 11:45:04,317 [INFO] WS-14: unreachable — SSH connection closed
2026-04-10 11:45:04,317 [INFO] Status refresh complete.
2026-04-10 11:45:15,830 [INFO] ARMory dashboard started.
2026-04-10 11:45:15,830 [INFO] Querying workstation status...
2026-04-10 11:45:17,649 [INFO] WS-5: container not running (offline)
2026-04-10 11:45:19,766 [INFO] WS-6: container not running (offline)
2026-04-10 11:45:21,580 [INFO] WS-7: container not running (offline)
2026-04-10 11:45:22,993 [INFO] WS-8: container not running (offline)
2026-04-10 11:45:24,304 [INFO] WS-9: container not running (offline)
2026-04-10 11:45:26,319 [INFO] WS-10: container not running (offline)
2026-04-10 11:45:27,732 [INFO] WS-11: container not running (offline)
2026-04-10 11:45:29,747 [INFO] WS-12: container not running (offline)
2026-04-10 11:45:31,862 [INFO] WS-13: container not running (offline)
2026-04-10 11:45:32,871 [INFO] WS-14: container not running (offline)
2026-04-10 11:45:32,871 [INFO] Status refresh complete.
2026-04-10 12:17:26,737 [INFO] ARMory dashboard started.
2026-04-10 12:17:26,737 [INFO] Querying workstation status...
2026-04-10 12:17:29,960 [INFO] WS-5: container not running (offline)
2026-04-10 12:17:32,176 [INFO] WS-6: container not running (offline)
2026-04-10 12:17:34,191 [INFO] WS-7: container not running (offline)
2026-04-10 12:17:35,804 [INFO] WS-8: container not running (offline)
2026-04-10 12:17:37,214 [INFO] WS-9: container not running (offline)
2026-04-10 12:17:38,726 [INFO] WS-10: container not running (offline)
2026-04-10 12:17:40,539 [INFO] WS-11: container not running (offline)
2026-04-10 12:17:40,842 [INFO] Current operation still running. Controls will unlock shortly.
2026-04-10 12:17:42,252 [INFO] WS-12: container not running (offline)
2026-04-10 12:17:43,563 [INFO] WS-13: container not running (offline)
2026-04-10 12:17:44,973 [INFO] WS-14: container not running (offline)
2026-04-10 12:17:44,973 [INFO] Status refresh complete.
2026-04-10 12:17:49,717 [INFO] Booting 10 workstation(s)...
2026-04-10 12:17:50,626 [INFO] WS-5: starting Docker container...
2026-04-10 12:17:50,828 [INFO] WS-6: starting Docker container...
2026-04-10 12:17:51,232 [INFO] WS-5: a6bdccbeca75d9c2dc670a085546ae21f62b70661c5b10a6612b11034bab20f3
2026-04-10 12:17:51,333 [INFO] WS-7: starting Docker container...
2026-04-10 12:17:51,334 [INFO] WS-6: adab2f396c477d255f6806616a4ee8f73630cdef87f3e45b85a333560dcd43e1
2026-04-10 12:17:51,636 [INFO] WS-8: starting Docker container...
2026-04-10 12:17:52,242 [INFO] WS-7: c147858617330e80a0050ceee3e66b0ee85e259781be18d93f12c1e45e5bf0ea
2026-04-10 12:17:52,242 [INFO] WS-8: 83d693e640a1e1973bce237f1163d965b0aed163d87a72023cd93d4b5e8c9122
2026-04-10 12:17:52,544 [INFO] WS-9: starting Docker container...
2026-04-10 12:17:52,848 [INFO] WS-10: starting Docker container...
2026-04-10 12:17:53,553 [INFO] WS-9: c934a2d0e34a8235d94167a9171ae543b23428f576e5ea1007c401c0094c8b56
2026-04-10 12:17:53,553 [INFO] WS-11: starting Docker container...
2026-04-10 12:17:53,554 [INFO] WS-10: fb9602d7e0513f2f33c4e86f322a50de80a2b94a5c8eac4f058dad6ce4adadb5
2026-04-10 12:17:54,060 [INFO] WS-5: container up, running entrypoint...
2026-04-10 12:17:54,060 [INFO] WS-6: container up, running entrypoint...
2026-04-10 12:17:54,161 [INFO] WS-12: starting Docker container...
2026-04-10 12:17:54,162 [INFO] WS-11: 4e8bbf6ee1bece9d9047ffed281d4eaba4315ae70da1be2858eb770bbbadc1c7
2026-04-10 12:17:54,464 [INFO] WS-6: boot successful
2026-04-10 12:17:54,464 [INFO] WS-5: boot successful
2026-04-10 12:17:54,767 [INFO] WS-13: starting Docker container...
2026-04-10 12:17:54,767 [INFO] WS-8: container up, running entrypoint...
2026-04-10 12:17:54,767 [INFO] WS-7: container up, running entrypoint...
2026-04-10 12:17:54,869 [INFO] WS-12: 91d1ce91f2bc34bd987a3ce317f7705289e09bd605710f5b30f07e1e29287457
2026-04-10 12:17:54,970 [INFO] WS-8: boot successful
2026-04-10 12:17:54,970 [INFO] WS-7: boot successful
2026-04-10 12:17:54,970 [INFO] WS-14: starting Docker container...
2026-04-10 12:17:55,272 [INFO] WS-13: 44688b9696627606b1b04aa9e41afef6014c498cc0d47c6289357a06278d5d47
2026-04-10 12:17:55,573 [INFO] WS-14: a7dd72c41b16145060447830158cffca7f6badf57fe9bb95266532581b291450
2026-04-10 12:17:55,976 [INFO] WS-9: container up, running entrypoint...
2026-04-10 12:17:55,977 [INFO] WS-10: container up, running entrypoint...
2026-04-10 12:17:56,180 [INFO] WS-9: boot successful
2026-04-10 12:17:56,381 [INFO] WS-10: boot successful
2026-04-10 12:17:56,381 [INFO] WS-11: container up, running entrypoint...
2026-04-10 12:17:56,885 [INFO] WS-11: boot successful
2026-04-10 12:17:57,087 [INFO] WS-12: container up, running entrypoint...
2026-04-10 12:17:57,490 [INFO] WS-12: boot successful
2026-04-10 12:17:57,692 [INFO] WS-13: container up, running entrypoint...
2026-04-10 12:17:57,793 [INFO] WS-14: container up, running entrypoint...
2026-04-10 12:17:57,894 [INFO] WS-13: boot successful
2026-04-10 12:17:57,994 [INFO] WS-14: boot successful
2026-04-10 12:17:57,994 [INFO]   WS-5: Boot successful
2026-04-10 12:17:57,994 [INFO]   WS-6: Boot successful
2026-04-10 12:17:57,994 [INFO]   WS-7: Boot successful
2026-04-10 12:17:57,994 [INFO]   WS-8: Boot successful
2026-04-10 12:17:57,994 [INFO]   WS-9: Boot successful
2026-04-10 12:17:57,994 [INFO]   WS-10: Boot successful
2026-04-10 12:17:57,994 [INFO]   WS-11: Boot successful
2026-04-10 12:17:57,994 [INFO]   WS-12: Boot successful
2026-04-10 12:17:57,995 [INFO]   WS-13: Boot successful
2026-04-10 12:17:57,995 [INFO]   WS-14: Boot successful
2026-04-10 12:17:57,995 [INFO] All workstations are ready. Runtime controls unlocked.
2026-04-10 12:17:57,995 [INFO] Boot complete.
2026-04-10 12:19:55,562 [INFO] ARMory dashboard started.
2026-04-10 12:19:55,563 [INFO] Querying workstation status...
2026-04-10 12:19:58,485 [INFO] WS-5: container running (booted)
2026-04-10 12:20:00,702 [INFO] WS-6: container running (booted)
2026-04-10 12:20:03,118 [INFO] WS-7: container running (booted)
2026-04-10 12:20:04,933 [INFO] WS-8: container running (booted)
2026-04-10 12:20:06,646 [INFO] WS-9: container running (booted)
2026-04-10 12:20:08,662 [INFO] WS-10: container running (booted)
2026-04-10 12:20:09,971 [INFO] WS-11: container running (booted)
2026-04-10 12:20:11,685 [INFO] WS-12: container running (booted)
2026-04-10 12:20:12,894 [INFO] WS-13: container running (booted)
2026-04-10 12:20:14,102 [INFO] WS-14: container running (booted)
2026-04-10 12:20:14,102 [INFO] All workstations are ready. Runtime controls unlocked.
2026-04-10 12:20:14,102 [INFO] Status refresh complete.
2026-04-10 12:20:34,162 [INFO] Connected 10 robot(s) to server (simulated).
2026-04-10 12:20:47,400 [INFO] Shutting down 10 workstation(s)...
2026-04-10 12:20:47,703 [INFO] WS-5: stopping Docker container...
2026-04-10 12:20:47,905 [INFO] WS-6: stopping Docker container...
2026-04-10 12:20:48,308 [INFO] WS-5: shutdown complete
2026-04-10 12:20:48,410 [INFO] WS-7: stopping Docker container...
2026-04-10 12:20:48,511 [INFO] WS-6: shutdown complete
2026-04-10 12:20:48,612 [INFO] WS-8: stopping Docker container...
2026-04-10 12:20:48,915 [INFO] WS-7: shutdown complete
2026-04-10 12:20:49,117 [INFO] WS-9: stopping Docker container...
2026-04-10 12:20:49,117 [INFO] WS-8: shutdown complete
2026-04-10 12:20:49,722 [INFO] WS-10: stopping Docker container...
2026-04-10 12:20:49,823 [INFO] WS-9: shutdown complete
2026-04-10 12:20:50,025 [INFO] WS-11: stopping Docker container...
2026-04-10 12:20:50,427 [INFO] WS-10: shutdown complete
2026-04-10 12:20:50,730 [INFO] WS-12: stopping Docker container...
2026-04-10 12:20:50,831 [INFO] WS-11: shutdown complete
2026-04-10 12:20:51,134 [INFO] WS-13: stopping Docker container...
2026-04-10 12:20:51,134 [INFO] WS-12: shutdown complete
2026-04-10 12:20:51,336 [INFO] WS-14: stopping Docker container...
2026-04-10 12:20:51,538 [INFO] WS-13: shutdown complete
2026-04-10 12:20:51,840 [INFO] WS-14: shutdown complete
2026-04-10 12:20:51,840 [INFO]   WS-5: Shutdown successful
2026-04-10 12:20:51,840 [INFO]   WS-6: Shutdown successful
2026-04-10 12:20:51,840 [INFO]   WS-7: Shutdown successful
2026-04-10 12:20:51,840 [INFO]   WS-8: Shutdown successful
2026-04-10 12:20:51,840 [INFO]   WS-9: Shutdown successful
2026-04-10 12:20:51,840 [INFO]   WS-10: Shutdown successful
2026-04-10 12:20:51,840 [INFO]   WS-11: Shutdown successful
2026-04-10 12:20:51,840 [INFO]   WS-12: Shutdown successful
2026-04-10 12:20:51,840 [INFO]   WS-13: Shutdown successful
2026-04-10 12:20:51,840 [INFO]   WS-14: Shutdown successful
2026-04-10 12:20:51,840 [INFO] Shutdown complete.
2026-04-10 14:29:07,148 [INFO] ARMory dashboard started.
2026-04-10 14:29:07,148 [INFO] Querying workstation status...
2026-04-10 14:29:11,177 [INFO] WS-5: container not running (offline)
2026-04-10 14:29:13,391 [INFO] WS-6: container not running (offline)
2026-04-10 14:29:14,399 [INFO] WS-7: container not running (offline)
2026-04-10 14:29:16,312 [INFO] WS-8: container not running (offline)
2026-04-10 14:29:17,823 [INFO] WS-9: container not running (offline)
2026-04-10 14:29:19,938 [INFO] WS-10: container not running (offline)
2026-04-10 14:29:21,349 [INFO] WS-11: container not running (offline)
2026-04-10 14:29:22,961 [INFO] WS-12: container not running (offline)
2026-04-10 14:29:25,076 [INFO] WS-13: container not running (offline)
2026-04-10 14:29:26,686 [INFO] WS-14: container not running (offline)
2026-04-10 14:29:26,787 [INFO] Status refresh complete.
2026-04-10 14:29:29,753 [INFO] Booting 10 workstation(s)...
2026-04-10 14:29:31,164 [INFO] WS-5: starting Docker container...
2026-04-10 14:29:31,668 [INFO] WS-6: starting Docker container...
2026-04-10 14:29:31,971 [INFO] WS-7: starting Docker container...
2026-04-10 14:29:31,972 [INFO] WS-5: 670b5503c25a63cb1ad6aaec1da7c13cb0b5dde771f82aa98c8cb0b95eb31df7
2026-04-10 14:29:32,274 [INFO] WS-8: starting Docker container...
2026-04-10 14:29:32,576 [INFO] WS-6: 80af49f32157317c82bbd085a6c126cf1845bd09a7bbf020a8e7561258137912
2026-04-10 14:29:32,778 [INFO] WS-7: 39a6dc83cf19310b9acabfc06960a28b42db0693019825ca0c3adbe9e251195f
2026-04-10 14:29:33,384 [INFO] WS-9: starting Docker container...
2026-04-10 14:29:33,585 [INFO] WS-8: c87d340e006098020594c3ad5f2557e164d5fce27826f769c40b6f188ec178b6
2026-04-10 14:29:33,788 [INFO] WS-10: starting Docker container...
2026-04-10 14:29:34,896 [INFO] WS-9: cb5780c98c8be1e1ca14b37183ce61347a01e81dc75367d0b073d27a563ac7b7
2026-04-10 14:29:34,897 [INFO] WS-10: 6016fac88b5fdd610437807fe1cb6bdf410f5de53e1178b0e62db561ded52948
2026-04-10 14:29:34,897 [INFO] WS-11: starting Docker container...
2026-04-10 14:29:34,999 [INFO] WS-12: starting Docker container...
2026-04-10 14:29:35,000 [INFO] WS-5: container up, running entrypoint...
2026-04-10 14:29:35,000 [INFO] WS-6: container up, running entrypoint...
2026-04-10 14:29:35,203 [INFO] WS-7: container up, running entrypoint...
2026-04-10 14:29:35,607 [INFO] WS-5: boot successful
2026-04-10 14:29:35,709 [INFO] WS-7: boot successful
2026-04-10 14:29:35,709 [INFO] WS-13: starting Docker container...
2026-04-10 14:29:35,809 [INFO] WS-6: boot successful
2026-04-10 14:29:35,810 [INFO] WS-11: 3519284ac875f1519daa2781f54b7ea69b14b12906dbdb065c35342b9ffe8854
2026-04-10 14:29:36,011 [INFO] WS-12: b348f873412e72643a920c523bf243bd32d4f0ca5eea8e46c2803ed64d233cc3
2026-04-10 14:29:36,113 [INFO] WS-14: starting Docker container...
2026-04-10 14:29:36,113 [INFO] WS-8: container up, running entrypoint...
2026-04-10 14:29:36,416 [INFO] WS-8: boot successful
2026-04-10 14:29:36,416 [INFO] WS-13: d78374f3087255e62611736daff1205c01ddd7687b04a23782e43ae0bcf07cf2
2026-04-10 14:29:36,718 [INFO] WS-14: a918d9101079bacb1fb56fe17c88ad1e1ae0057b4afe4a8891fc492baf186bc7
2026-04-10 14:29:37,423 [INFO] WS-9: container up, running entrypoint...
2026-04-10 14:29:37,523 [INFO] WS-10: container up, running entrypoint...
2026-04-10 14:29:37,725 [INFO] WS-9: boot successful
2026-04-10 14:29:37,927 [INFO] WS-10: boot successful
2026-04-10 14:29:38,029 [INFO] WS-11: container up, running entrypoint...
2026-04-10 14:29:38,637 [INFO] WS-11: boot successful
2026-04-10 14:29:38,638 [INFO] WS-12: container up, running entrypoint...
2026-04-10 14:29:39,242 [INFO] WS-13: container up, running entrypoint...
2026-04-10 14:29:39,242 [INFO] WS-14: container up, running entrypoint...
2026-04-10 14:29:39,947 [INFO] WS-12: boot successful
2026-04-10 14:29:39,947 [INFO] WS-13: boot successful
2026-04-10 14:29:40,048 [INFO] WS-14: boot successful
2026-04-10 14:29:40,048 [INFO]   WS-5: Boot successful
2026-04-10 14:29:40,048 [INFO]   WS-6: Boot successful
2026-04-10 14:29:40,048 [INFO]   WS-7: Boot successful
2026-04-10 14:29:40,048 [INFO]   WS-8: Boot successful
2026-04-10 14:29:40,048 [INFO]   WS-9: Boot successful
2026-04-10 14:29:40,048 [INFO]   WS-10: Boot successful
2026-04-10 14:29:40,048 [INFO]   WS-11: Boot successful
2026-04-10 14:29:40,048 [INFO]   WS-12: Boot successful
2026-04-10 14:29:40,048 [INFO]   WS-13: Boot successful
2026-04-10 14:29:40,048 [INFO]   WS-14: Boot successful
2026-04-10 14:29:40,048 [INFO] All workstations are ready. Runtime controls unlocked.
2026-04-10 14:29:40,048 [INFO] Boot complete.
2026-04-10 14:36:50,519 [INFO] Shutting down 10 workstation(s)...
2026-04-10 14:36:50,821 [INFO] WS-5: stopping Docker container...
2026-04-10 14:36:51,022 [INFO] WS-6: stopping Docker container...
2026-04-10 14:36:51,224 [INFO] WS-5: shutdown complete
2026-04-10 14:36:51,728 [INFO] WS-7: stopping Docker container...
2026-04-10 14:36:52,333 [INFO] WS-6: shutdown complete
2026-04-10 14:36:52,433 [INFO] WS-8: stopping Docker container...
2026-04-10 14:36:52,434 [INFO] WS-7: shutdown complete
2026-04-10 14:36:52,736 [INFO] WS-9: stopping Docker container...
2026-04-10 14:36:52,938 [INFO] WS-8: shutdown complete
2026-04-10 14:36:53,039 [INFO] WS-10: stopping Docker container...
2026-04-10 14:36:53,240 [INFO] WS-11: stopping Docker container...
2026-04-10 14:36:53,241 [INFO] WS-9: shutdown complete
2026-04-10 14:36:53,342 [INFO] WS-10: shutdown complete
2026-04-10 14:36:53,443 [INFO] WS-12: stopping Docker container...
2026-04-10 14:36:53,645 [INFO] WS-13: stopping Docker container...
2026-04-10 14:36:53,645 [INFO] WS-11: shutdown complete
2026-04-10 14:36:53,847 [INFO] WS-12: shutdown complete
2026-04-10 14:36:53,948 [INFO] WS-14: stopping Docker container...
2026-04-10 14:36:54,250 [INFO] WS-13: shutdown complete
2026-04-10 14:36:54,451 [INFO] WS-14: shutdown complete
2026-04-10 14:36:54,451 [INFO]   WS-5: Shutdown successful
2026-04-10 14:36:54,451 [INFO]   WS-6: Shutdown successful
2026-04-10 14:36:54,451 [INFO]   WS-7: Shutdown successful
2026-04-10 14:36:54,451 [INFO]   WS-8: Shutdown successful
2026-04-10 14:36:54,451 [INFO]   WS-9: Shutdown successful
2026-04-10 14:36:54,451 [INFO]   WS-10: Shutdown successful
2026-04-10 14:36:54,451 [INFO]   WS-11: Shutdown successful
2026-04-10 14:36:54,552 [INFO]   WS-12: Shutdown successful
2026-04-10 14:36:54,552 [INFO]   WS-13: Shutdown successful
2026-04-10 14:36:54,552 [INFO]   WS-14: Shutdown successful
2026-04-10 14:36:54,552 [INFO] Shutdown complete.
2026-04-11 16:13:30,076 [INFO] ARMory dashboard started.
2026-04-11 16:13:30,076 [INFO] Querying workstation status...
2026-04-11 16:13:33,607 [INFO] WS-5: container not running (offline)
2026-04-11 16:13:35,422 [INFO] WS-6: container not running (offline)
2026-04-11 16:13:35,735 [INFO] WS-7: container not running (offline)
2026-04-11 16:13:36,206 [INFO] WS-8: container not running (offline)
2026-04-11 16:13:36,480 [INFO] WS-9: container not running (offline)
2026-04-11 16:13:36,978 [INFO] WS-10: container not running (offline)
2026-04-11 16:13:36,979 [INFO] WS-11: container not running (offline)
2026-04-11 16:13:37,449 [INFO] WS-12: container not running (offline)
2026-04-11 16:13:37,557 [INFO] WS-13: unreachable — SSH connection closed
2026-04-11 16:13:37,557 [INFO] WS-14: unreachable — SSH connection closed
2026-04-11 16:13:37,557 [INFO] Status refresh complete.
2026-04-11 16:13:51,879 [INFO] ARMory dashboard started.
2026-04-11 16:13:51,879 [INFO] Querying workstation status...
2026-04-11 16:13:54,705 [INFO] WS-11: container not running (offline)
2026-04-11 16:13:55,512 [INFO] Current operation still running. Controls will unlock shortly.
2026-04-11 16:13:56,522 [INFO] WS-12: container not running (offline)
2026-04-11 16:13:56,522 [INFO] Status refresh complete.
2026-04-11 16:13:59,208 [INFO] Booting 2 workstation(s)...
2026-04-11 16:14:00,320 [INFO] WS-11: starting Docker container...
2026-04-11 16:14:01,127 [INFO] WS-12: starting Docker container...
2026-04-11 16:14:01,127 [INFO] WS-11: bf38287cbf1fad318f4ac5148407b739a7221ff2ea06a8c745b3b24a0cc933df
2026-04-11 16:14:01,731 [INFO] WS-12: de4ff63b3c43d9c5c6efb9bde60c75f350a3c1d22b3f437aec98486a93b0d930
2026-04-11 16:14:03,440 [INFO] WS-11: container up, running entrypoint...
2026-04-11 16:14:03,643 [INFO] WS-11: boot successful
2026-04-11 16:14:03,946 [INFO] WS-12: container up, running entrypoint...
2026-04-11 16:14:04,048 [INFO] WS-12: boot successful
2026-04-11 16:14:04,149 [INFO]   WS-11: Boot successful
2026-04-11 16:14:04,149 [INFO]   WS-12: Boot successful
2026-04-11 16:14:04,149 [INFO] All workstations are ready. Runtime controls unlocked.
2026-04-11 16:14:04,149 [INFO] Boot complete.
2026-04-11 16:14:14,417 [INFO] Executing 'Enable' on 2 robot(s)...
2026-04-11 16:14:14,821 [INFO] WS-11: running 'p enable'
2026-04-11 16:14:15,326 [INFO] WS-12: running 'p enable'
2026-04-11 16:14:15,326 [INFO] WS-11 err: bash: line 1: p: command not found
2026-04-11 16:14:15,428 [INFO] WS-12 err: bash: line 1: p: command not found
2026-04-11 16:14:15,831 [INFO] WS-11: running 'p goto init'
2026-04-11 16:14:16,135 [INFO] WS-12: running 'p goto init'
2026-04-11 16:14:16,135 [INFO] WS-11 err: bash: line 1: p: command not found
2026-04-11 16:14:16,237 [INFO] WS-12 err: bash: line 1: p: command not found
2026-04-11 16:14:16,237 [INFO]   WS-11: bash: line 1: p: command not found
2026-04-11 16:14:16,338 [INFO]   WS-12: bash: line 1: p: command not found
2026-04-11 16:14:16,338 [INFO] 'Enable' complete.
2026-04-11 16:32:15,391 [INFO] ARMory dashboard started.
2026-04-11 16:32:15,391 [INFO] Querying workstation status...
2026-04-11 16:32:18,621 [INFO] WS-11: container running (booted)
2026-04-11 16:32:20,636 [INFO] WS-12: container running (booted)
2026-04-11 16:32:20,637 [INFO] All workstations are ready. Runtime controls unlocked.
2026-04-11 16:32:20,637 [INFO] Status refresh complete.
2026-04-11 16:32:24,721 [INFO] Executing 'Enable' on 2 robot(s)...
2026-04-11 16:32:24,924 [INFO] WS-11: running 'p enable'
2026-04-11 16:32:25,227 [INFO] WS-12: running 'p enable'
2026-04-11 16:32:25,832 [INFO] WS-11: 使能成功!!!!
Piper enable sequence complete.
2026-04-11 16:32:25,833 [INFO] WS-11 err: bash: cannot set terminal process group (-1): Inappropriate ioctl for device
bash: no job control in this shell
bash: /p
2026-04-11 16:32:26,035 [INFO] WS-12: 使能成功!!!!
Piper enable sequence complete.
2026-04-11 16:32:26,135 [INFO] WS-12 err: bash: cannot set terminal process group (-1): Inappropriate ioctl for device
bash: no job control in this shell
bash: /p
2026-04-11 16:32:26,639 [INFO] WS-11: running 'p goto init'
2026-04-11 16:32:27,245 [INFO] WS-12: running 'p goto init'
2026-04-11 16:32:28,351 [INFO] WS-11: Go to init complete.
2026-04-11 16:32:28,351 [INFO] WS-11 err: bash: cannot set terminal process group (-1): Inappropriate ioctl for device
bash: no job control in this shell
2026-04-11 16:32:28,954 [INFO] WS-12: Go to init complete.
2026-04-11 16:32:29,055 [INFO] WS-12 err: bash: cannot set terminal process group (-1): Inappropriate ioctl for device
bash: no job control in this shell
2026-04-11 16:32:29,156 [INFO]   WS-11: Go to init complete.
2026-04-11 16:32:29,156 [INFO]   WS-12: Go to init complete.
2026-04-11 16:32:29,257 [INFO] 'Enable' complete.
2026-04-11 16:32:41,001 [INFO] Executing 'Goto Zero' on 2 robot(s)...
2026-04-11 16:32:41,405 [INFO] WS-11: running 'p goto zero'
2026-04-11 16:32:41,508 [INFO] WS-12: running 'p goto zero'
2026-04-11 16:32:43,015 [INFO] WS-11: Go to zero complete.
2026-04-11 16:32:43,015 [INFO] WS-11 err: bash: cannot set terminal process group (-1): Inappropriate ioctl for device
bash: no job control in this shell
2026-04-11 16:32:43,016 [INFO] WS-12: Go to zero complete.
2026-04-11 16:32:43,016 [INFO] WS-12 err: bash: cannot set terminal process group (-1): Inappropriate ioctl for device
bash: no job control in this shell
2026-04-11 16:32:43,016 [INFO]   WS-11: Go to zero complete.
2026-04-11 16:32:43,016 [INFO]   WS-12: Go to zero complete.
2026-04-11 16:32:43,016 [INFO] 'Goto Zero' complete.
2026-04-11 16:32:51,769 [INFO] Executing 'Goto Init' on 2 robot(s)...
2026-04-11 16:32:52,073 [INFO] WS-11: running 'p goto init'
2026-04-11 16:32:52,376 [INFO] WS-12: running 'p goto init'
2026-04-11 16:32:53,683 [INFO] WS-11: Go to init complete.
2026-04-11 16:32:53,683 [INFO] WS-11 err: bash: cannot set terminal process group (-1): Inappropriate ioctl for device
bash: no job control in this shell
2026-04-11 16:32:53,985 [INFO] WS-12: Go to init complete.
2026-04-11 16:32:53,985 [INFO] WS-12 err: bash: cannot set terminal process group (-1): Inappropriate ioctl for device
bash: no job control in this shell
2026-04-11 16:32:53,985 [INFO]   WS-11: Go to init complete.
2026-04-11 16:32:53,985 [INFO]   WS-12: Go to init complete.
2026-04-11 16:32:53,985 [INFO] 'Goto Init' complete.
2026-04-11 16:33:00,609 [INFO] Executing 'Goto Zero' on 2 robot(s)...
2026-04-11 16:33:00,913 [INFO] WS-11: running 'p goto zero'
2026-04-11 16:33:01,318 [INFO] WS-12: running 'p goto zero'
2026-04-11 16:33:02,526 [INFO] WS-11: Go to zero complete.
2026-04-11 16:33:02,526 [INFO] WS-11 err: bash: cannot set terminal process group (-1): Inappropriate ioctl for device
bash: no job control in this shell
2026-04-11 16:33:03,029 [INFO] WS-12: Go to zero complete.
2026-04-11 16:33:03,029 [INFO] WS-12 err: bash: cannot set terminal process group (-1): Inappropriate ioctl for device
bash: no job control in this shell
2026-04-11 16:33:03,029 [INFO]   WS-11: Go to zero complete.
2026-04-11 16:33:03,029 [INFO]   WS-12: Go to zero complete.
2026-04-11 16:33:03,029 [INFO] 'Goto Zero' complete.
2026-04-11 16:33:06,089 [INFO] Executing 'Goto Init' on 2 robot(s)...
2026-04-11 16:33:06,392 [INFO] WS-11: running 'p goto init'
2026-04-11 16:33:07,097 [INFO] WS-12: running 'p goto init'
2026-04-11 16:33:08,203 [INFO] WS-11: Go to init complete.
2026-04-11 16:33:08,203 [INFO] WS-11 err: bash: cannot set terminal process group (-1): Inappropriate ioctl for device
bash: no job control in this shell
2026-04-11 16:33:08,606 [INFO] WS-12: Go to init complete.
2026-04-11 16:33:08,606 [INFO] WS-12 err: bash: cannot set terminal process group (-1): Inappropriate ioctl for device
bash: no job control in this shell
2026-04-11 16:33:08,606 [INFO]   WS-11: Go to init complete.
2026-04-11 16:33:08,606 [INFO]   WS-12: Go to init complete.
2026-04-11 16:33:08,606 [INFO] 'Goto Init' complete.
2026-04-11 16:33:22,969 [INFO] Executing 'Goto Zero' on 2 robot(s)...
2026-04-11 16:33:23,473 [INFO] WS-11: running 'p goto zero'
2026-04-11 16:33:23,777 [INFO] WS-12: running 'p goto zero'
2026-04-11 16:33:25,083 [INFO] WS-11: Go to zero complete.
2026-04-11 16:33:25,083 [INFO] WS-11 err: bash: cannot set terminal process group (-1): Inappropriate ioctl for device
bash: no job control in this shell
2026-04-11 16:33:25,385 [INFO] WS-12: Go to zero complete.
2026-04-11 16:33:25,385 [INFO] WS-12 err: bash: cannot set terminal process group (-1): Inappropriate ioctl for device
bash: no job control in this shell
2026-04-11 16:33:25,385 [INFO]   WS-11: Go to zero complete.
2026-04-11 16:33:25,385 [INFO]   WS-12: Go to zero complete.
2026-04-11 16:33:25,385 [INFO] 'Goto Zero' complete.
2026-04-11 16:34:06,802 [INFO] Disable cancelled.
2026-04-11 16:34:26,391 [INFO] ARMory dashboard started.
2026-04-11 16:34:26,391 [INFO] Querying workstation status...
2026-04-11 16:34:29,718 [INFO] WS-11: container running (booted)
2026-04-11 16:34:29,718 [INFO] All workstations are ready. Runtime controls unlocked.
2026-04-11 16:34:29,718 [INFO] Status refresh complete.
2026-04-11 16:34:33,402 [INFO] Executing 'Disable' on 1 robot(s)...
2026-04-11 16:34:33,705 [INFO] WS-11: running 'p goto reset'
2026-04-11 16:34:35,312 [INFO] WS-11: Go to reset complete.
2026-04-11 16:34:35,312 [INFO] WS-11 err: bash: cannot set terminal process group (-1): Inappropriate ioctl for device
bash: no job control in this shell
2026-04-11 16:34:35,515 [INFO] WS-11: running 'p disable'
2026-04-11 16:34:36,822 [INFO] WS-11: 失能成功!!!!
Piper disable sequence complete.
2026-04-11 16:34:36,822 [INFO] WS-11 err: bash: cannot set terminal process group (-1): Inappropriate ioctl for device
bash: no job control in this shell
2026-04-11 16:34:36,822 [INFO]   WS-11: 失能成功!!!!
Piper disable sequence complete.
2026-04-11 16:34:36,822 [INFO] 'Disable' complete.
2026-04-11 16:34:47,670 [INFO] ARMory dashboard started.
2026-04-11 16:34:47,670 [INFO] Querying workstation status...
2026-04-11 16:34:50,192 [INFO] WS-12: container running (booted)
2026-04-11 16:34:50,192 [INFO] All workstations are ready. Runtime controls unlocked.
2026-04-11 16:34:50,192 [INFO] Status refresh complete.
2026-04-11 16:34:53,082 [INFO] Executing 'Disable' on 1 robot(s)...
2026-04-11 16:34:53,486 [INFO] WS-12: running 'p goto reset'
2026-04-11 16:34:55,093 [INFO] WS-12: Go to reset complete.
2026-04-11 16:34:55,194 [INFO] WS-12 err: bash: cannot set terminal process group (-1): Inappropriate ioctl for device
bash: no job control in this shell
2026-04-11 16:34:55,497 [INFO] WS-12: running 'p disable'
2026-04-11 16:34:56,202 [INFO] WS-12: 失能成功!!!!
Piper disable sequence complete.
2026-04-11 16:34:56,202 [INFO] WS-12 err: bash: cannot set terminal process group (-1): Inappropriate ioctl for device
bash: no job control in this shell
2026-04-11 16:34:56,202 [INFO]   WS-12: 失能成功!!!!
Piper disable sequence complete.
2026-04-11 16:34:56,203 [INFO] 'Disable' complete.
2026-04-11 16:38:42,449 [INFO] ARMory dashboard started.
2026-04-11 16:38:42,449 [INFO] Querying workstation status...
2026-04-11 16:38:46,380 [INFO] WS-1: container not running (offline)
2026-04-11 16:38:48,899 [INFO] WS-2: container not running (offline)
2026-04-11 16:38:50,311 [INFO] WS-11: container running (booted)
2026-04-11 16:38:52,024 [INFO] WS-12: container running (booted)
2026-04-11 16:38:52,024 [INFO] Status refresh complete.
2026-04-11 16:38:55,267 [INFO] Shutting down 2 workstation(s)...
2026-04-11 16:38:55,571 [INFO] WS-11: stopping Docker container...
2026-04-11 16:38:55,975 [INFO] WS-12: stopping Docker container...
2026-04-11 16:38:56,177 [INFO] WS-11: shutdown complete
2026-04-11 16:38:56,481 [INFO] WS-12: shutdown complete
2026-04-11 16:38:56,481 [INFO]   WS-11: Shutdown successful
2026-04-11 16:38:56,481 [INFO]   WS-12: Shutdown successful
2026-04-11 16:38:56,481 [INFO] Shutdown complete.
2026-04-11 16:57:47,768 [INFO] ARMory dashboard started.
2026-04-11 16:57:47,768 [INFO] Querying workstation status...
2026-04-11 16:57:50,387 [INFO] WS-11: container not running (offline)
2026-04-11 16:57:50,388 [INFO] Status refresh complete.
2026-04-11 16:57:53,076 [INFO] Booting 1 workstation(s)...
2026-04-11 16:57:53,983 [INFO] WS-11: starting Docker container...
2026-04-11 16:57:54,586 [INFO] WS-11: 0a9fdfb3a59e7e307d6f83e7cad2e289e6fb2cc60a5776bc4ea1d159730a9c05
2026-04-11 16:57:57,095 [INFO] WS-11: container up, running entrypoint...
2026-04-11 16:57:57,297 [INFO] WS-11: boot successful
2026-04-11 16:57:57,297 [INFO]   WS-11: Boot successful
2026-04-11 16:57:57,297 [INFO] All workstations are ready. Runtime controls unlocked.
2026-04-11 16:57:57,297 [INFO] Boot complete.
2026-04-11 16:58:11,740 [INFO] Executing 'Enable' on 1 robot(s)...
2026-04-11 16:58:12,143 [INFO] WS-11: running 'p enable'
2026-04-11 16:58:12,947 [INFO] WS-11: 使能成功!!!!
Piper enable sequence complete.
2026-04-11 16:58:12,947 [INFO] WS-11 err: bash: cannot set terminal process group (-1): Inappropriate ioctl for device
bash: no job control in this shell
bash: /p
2026-04-11 16:58:13,451 [INFO] WS-11: running 'p goto init'
2026-04-11 16:58:15,057 [INFO] WS-11: Go to init complete.
2026-04-11 16:58:15,057 [INFO] WS-11 err: bash: cannot set terminal process group (-1): Inappropriate ioctl for device
bash: no job control in this shell
2026-04-11 16:58:15,057 [INFO]   WS-11: Go to init complete.
2026-04-11 16:58:15,057 [INFO] 'Enable' complete.
2026-04-11 16:58:57,452 [INFO] Executing 'Goto Zero' on 1 robot(s)...
2026-04-11 16:58:57,754 [INFO] WS-11: running 'p goto zero'
2026-04-11 16:58:59,461 [INFO] WS-11: Go to zero complete.
2026-04-11 16:58:59,461 [INFO] WS-11 err: bash: cannot set terminal process group (-1): Inappropriate ioctl for device
bash: no job control in this shell
2026-04-11 16:58:59,461 [INFO]   WS-11: Go to zero complete.
2026-04-11 16:58:59,461 [INFO] 'Goto Zero' complete.
2026-04-11 16:59:02,100 [INFO] Executing 'Goto Init' on 1 robot(s)...
2026-04-11 16:59:02,704 [INFO] WS-11: running 'p goto init'
2026-04-11 16:59:04,712 [INFO] WS-11: Go to init complete.
2026-04-11 16:59:04,712 [INFO] WS-11 err: bash: cannot set terminal process group (-1): Inappropriate ioctl for device
bash: no job control in this shell
2026-04-11 16:59:04,712 [INFO]   WS-11: Go to init complete.
2026-04-11 16:59:04,712 [INFO] 'Goto Init' complete.
2026-04-11 18:41:43,677 [INFO] Executing 'Goto Zero' on 1 robot(s)...
2026-04-11 18:41:44,282 [INFO] WS-11: running 'p goto zero'
2026-04-11 18:41:46,188 [INFO] WS-11: Go to zero complete.
2026-04-11 18:41:46,289 [INFO] WS-11 err: bash: cannot set terminal process group (-1): Inappropriate ioctl for device
bash: no job control in this shell
2026-04-11 18:41:46,289 [INFO]   WS-11: Go to zero complete.
2026-04-11 18:41:46,389 [INFO] 'Goto Zero' complete.
2026-04-11 18:41:48,084 [INFO] Executing 'Disable' on 1 robot(s)...
2026-04-11 18:41:48,388 [INFO] WS-11: running 'p goto reset'
2026-04-11 18:41:50,093 [INFO] WS-11: Go to reset complete.
2026-04-11 18:41:50,093 [INFO] WS-11 err: bash: cannot set terminal process group (-1): Inappropriate ioctl for device
bash: no job control in this shell
2026-04-11 18:41:50,295 [INFO] WS-11: running 'p disable'
2026-04-11 18:41:51,199 [INFO] WS-11: 失能成功!!!!
Piper disable sequence complete.
2026-04-11 18:41:51,299 [INFO] WS-11 err: bash: cannot set terminal process group (-1): Inappropriate ioctl for device
bash: no job control in this shell
2026-04-11 18:41:51,299 [INFO]   WS-11: 失能成功!!!!
Piper disable sequence complete.
2026-04-11 18:41:51,399 [INFO] 'Disable' complete.
2026-04-11 18:42:03,637 [INFO] Shutting down 1 workstation(s)...
2026-04-11 18:42:04,140 [INFO] WS-11: stopping Docker container...
2026-04-11 18:42:04,744 [INFO] WS-11: shutdown complete
2026-04-11 18:42:04,744 [INFO]   WS-11: Shutdown successful
2026-04-11 18:42:04,744 [INFO] Shutdown complete.
2026-04-11 18:43:24,634 [INFO] ARMory dashboard started.
2026-04-11 18:43:24,634 [INFO] Querying workstation status...
2026-04-11 18:43:27,364 [INFO] WS-11: container not running (offline)
2026-04-11 18:43:27,364 [INFO] Status refresh complete.
2026-04-11 18:46:27,191 [INFO] Booting 1 workstation(s)...
2026-04-11 18:46:28,198 [INFO] WS-11: starting Docker container...
2026-04-11 18:46:29,205 [INFO] WS-11: 22e7c13643f98ef8249c41be3fde7055e124b04586a4be63a626cd06887801ad
2026-04-11 18:46:31,620 [INFO] WS-11: container up, running entrypoint...
2026-04-11 18:46:31,922 [INFO] WS-11: boot successful
2026-04-11 18:46:31,922 [INFO]   WS-11: Boot successful
2026-04-11 18:46:31,922 [INFO] All workstations are ready. Runtime controls unlocked.
2026-04-11 18:46:31,922 [INFO] Boot complete.
2026-04-11 18:55:54,097 [INFO] ARMory dashboard started.
2026-04-11 18:55:54,097 [INFO] Querying workstation status...
2026-04-11 18:55:57,329 [INFO] WS-11: container running (booted)
2026-04-11 18:55:58,637 [INFO] WS-12: container not running (offline)
2026-04-11 18:55:58,637 [INFO] Status refresh complete.
2026-04-11 18:56:01,444 [INFO] Booting 2 workstation(s)...
2026-04-11 18:56:02,253 [INFO] WS-11: Container already running — skipping boot
2026-04-11 18:56:02,756 [INFO] WS-12: starting Docker container...
2026-04-11 18:56:03,259 [INFO] WS-12: 3efa17dfa5df699dc448b1ab6521016f0163a181459ccedcafed0ec5ba73a492
2026-04-11 18:56:05,873 [INFO] WS-12: container up, running entrypoint...
2026-04-11 18:56:06,276 [INFO] WS-12: boot successful
2026-04-11 18:56:06,276 [INFO]   WS-11: Container already running — skipping boot
2026-04-11 18:56:06,276 [INFO]   WS-12: Boot successful
2026-04-11 18:56:06,276 [INFO] All workstations are ready. Runtime controls unlocked.
2026-04-11 18:56:06,276 [INFO] Boot complete.
2026-04-11 18:58:33,270 [INFO] Goto Init cancelled.
2026-04-11 18:58:34,718 [INFO] Executing 'Enable' on 2 robot(s)...
2026-04-11 18:58:35,121 [INFO] WS-11: running 'p enable'
2026-04-11 18:58:35,425 [INFO] WS-12: running 'p enable'
2026-04-11 18:58:35,928 [INFO] WS-11: 使能成功!!!!
Piper enable sequence complete.
2026-04-11 18:58:35,928 [INFO] WS-11 err: bash: cannot set terminal process group (-1): Inappropriate ioctl for device
bash: no job control in this shell
bash: /p
2026-04-11 18:58:36,233 [INFO] WS-12: 使能成功!!!!
Piper enable sequence complete.
2026-04-11 18:58:36,233 [INFO] WS-12 err: bash: cannot set terminal process group (-1): Inappropriate ioctl for device
bash: no job control in this shell
bash: /p
2026-04-11 18:58:36,434 [INFO] WS-11: running 'p goto init'
2026-04-11 18:58:37,039 [INFO] WS-12: running 'p goto init'
2026-04-11 18:58:38,246 [INFO] WS-11: Go to init complete.
2026-04-11 18:58:38,347 [INFO] WS-11 err: bash: cannot set terminal process group (-1): Inappropriate ioctl for device
bash: no job control in this shell
2026-04-11 18:58:38,749 [INFO] WS-12: Go to init complete.
2026-04-11 18:58:38,749 [INFO] WS-12 err: bash: cannot set terminal process group (-1): Inappropriate ioctl for device
bash: no job control in this shell
2026-04-11 18:58:38,749 [INFO]   WS-11: Go to init complete.
2026-04-11 18:58:38,749 [INFO]   WS-12: Go to init complete.
2026-04-11 18:58:38,749 [INFO] 'Enable' complete.
2026-04-11 19:10:46,460 [INFO] Executing 'Goto Zero' on 2 robot(s)...
2026-04-11 19:10:46,762 [INFO] WS-11: running 'p goto zero'
2026-04-11 19:10:47,268 [INFO] WS-12: running 'p goto zero'
2026-04-11 19:10:48,580 [INFO] WS-11: Go to zero complete.
2026-04-11 19:10:48,580 [INFO] WS-11 err: bash: cannot set terminal process group (-1): Inappropriate ioctl for device
bash: no job control in this shell
2026-04-11 19:10:48,981 [INFO] WS-12: Go to zero complete.
2026-04-11 19:10:48,981 [INFO] WS-12 err: bash: cannot set terminal process group (-1): Inappropriate ioctl for device
bash: no job control in this shell
2026-04-11 19:10:48,981 [INFO]   WS-11: Go to zero complete.
2026-04-11 19:10:48,981 [INFO]   WS-12: Go to zero complete.
2026-04-11 19:10:48,981 [INFO] 'Goto Zero' complete.
2026-04-11 19:10:53,395 [INFO] Executing 'Disable' on 2 robot(s)...
2026-04-11 19:10:53,899 [INFO] WS-11: running 'p goto reset'
2026-04-11 19:10:54,403 [INFO] WS-12: running 'p goto reset'
2026-04-11 19:10:55,610 [INFO] WS-11: Go to reset complete.
2026-04-11 19:10:55,610 [INFO] WS-11 err: bash: cannot set terminal process group (-1): Inappropriate ioctl for device
bash: no job control in this shell
2026-04-11 19:10:55,912 [INFO] WS-12: Go to reset complete.
2026-04-11 19:10:55,912 [INFO] WS-12 err: bash: cannot set terminal process group (-1): Inappropriate ioctl for device
bash: no job control in this shell
2026-04-11 19:10:56,214 [INFO] WS-11: running 'p disable'
2026-04-11 19:10:56,618 [INFO] WS-12: running 'p disable'
2026-04-11 19:10:57,222 [INFO] WS-11: 失能成功!!!!
Piper disable sequence complete.
2026-04-11 19:10:57,223 [INFO] WS-11 err: bash: cannot set terminal process group (-1): Inappropriate ioctl for device
bash: no job control in this shell
2026-04-11 19:10:57,627 [INFO] WS-12: 失能成功!!!!
Piper disable sequence complete.
2026-04-11 19:10:57,728 [INFO] WS-12 err: bash: cannot set terminal process group (-1): Inappropriate ioctl for device
bash: no job control in this shell
2026-04-11 19:10:57,728 [INFO]   WS-11: 失能成功!!!!
Piper disable sequence complete.
2026-04-11 19:10:57,728 [INFO]   WS-12: 失能成功!!!!
Piper disable sequence complete.
2026-04-11 19:10:57,728 [INFO] 'Disable' complete.
2026-04-11 19:11:04,091 [INFO] Shutting down 2 workstation(s)...
2026-04-11 19:11:04,594 [INFO] WS-11: stopping Docker container...
2026-04-11 19:11:04,897 [INFO] WS-12: stopping Docker container...
2026-04-11 19:11:05,106 [INFO] WS-11: shutdown complete
2026-04-11 19:11:05,207 [INFO] WS-12: shutdown complete
2026-04-11 19:11:05,207 [INFO]   WS-11: Shutdown successful
2026-04-11 19:11:05,207 [INFO]   WS-12: Shutdown successful
2026-04-11 19:11:05,207 [INFO] Shutdown complete.
2026-04-12 16:30:27,944 [INFO] ARMory dashboard started.
2026-04-12 16:30:27,944 [INFO] Querying workstation status...
2026-04-12 16:30:29,656 [INFO] Current operation still running. Controls will unlock shortly.
2026-04-12 16:30:32,074 [INFO] WS-11: container not running (offline)
2026-04-12 16:30:33,891 [INFO] WS-12: container not running (offline)
2026-04-12 16:30:36,007 [INFO] WS-13: container not running (offline)
2026-04-12 16:30:38,223 [INFO] WS-14: container not running (offline)
2026-04-12 16:30:38,223 [INFO] Status refresh complete.
2026-04-12 16:30:59,736 [INFO] Booting 4 workstation(s)...
2026-04-12 16:31:00,743 [INFO] WS-11: starting Docker container...
2026-04-12 16:31:01,550 [INFO] WS-12: starting Docker container...
2026-04-12 16:31:01,551 [INFO] WS-11: aebc0e778753385522fbcd3740dcf8bc942e9ea702fcd4074bb8c7a981e2b4f1
2026-04-12 16:31:02,256 [INFO] WS-13: starting Docker container...
2026-04-12 16:31:02,357 [INFO] WS-12: 0426b3be3971c6c1b05cc40064e33efe6fcc70d715717c29c8b8edb7b2925068
2026-04-12 16:31:02,860 [INFO] WS-14: starting Docker container...
2026-04-12 16:31:03,161 [INFO] WS-13: 9639c9a8ad541c467aeb96bf8fc4de0dd5ba681c5afcfc4c14b417f439c15776
2026-04-12 16:31:03,564 [INFO] WS-14: 97de85e3a359c12aa029344158ec228bac0cb1dfc4ec92577499a339132f33b7
2026-04-12 16:31:03,765 [INFO] WS-11: container up, running entrypoint...
2026-04-12 16:31:03,966 [INFO] WS-11: boot successful
2026-04-12 16:31:04,771 [INFO] WS-12: container up, running entrypoint...
2026-04-12 16:31:05,077 [INFO] WS-12: boot successful
2026-04-12 16:31:05,781 [INFO] WS-13: container up, running entrypoint...
2026-04-12 16:31:06,285 [INFO] WS-13: boot successful
2026-04-12 16:31:06,285 [INFO] WS-14: container up, running entrypoint...
2026-04-12 16:31:06,486 [INFO] WS-14: boot successful
2026-04-12 16:31:06,486 [INFO]   WS-11: Boot successful
2026-04-12 16:31:06,486 [INFO]   WS-12: Boot successful
2026-04-12 16:31:06,486 [INFO]   WS-13: Boot successful
2026-04-12 16:31:06,486 [INFO]   WS-14: Boot successful
2026-04-12 16:31:06,486 [INFO] All workstations are ready. Runtime controls unlocked.
2026-04-12 16:31:06,486 [INFO] Boot complete.
2026-04-12 16:31:37,592 [INFO] Executing 'Enable' on 4 robot(s)...
2026-04-12 16:31:37,894 [INFO] WS-11: running 'p enable'
2026-04-12 16:31:38,197 [INFO] WS-12: running 'p enable'
2026-04-12 16:31:38,399 [INFO] WS-13: running 'p enable'
2026-04-12 16:31:38,600 [INFO] WS-14: running 'p enable'
2026-04-12 16:31:38,802 [INFO] WS-11: 使能成功!!!!
Piper enable sequence complete.
2026-04-12 16:31:38,802 [INFO] WS-11 err: bash: cannot set terminal process group (-1): Inappropriate ioctl for device
bash: no job control in this shell
bash: /p
2026-04-12 16:31:39,004 [INFO] WS-12: 使能成功!!!!
Piper enable sequence complete.
2026-04-12 16:31:39,004 [INFO] WS-12 err: bash: cannot set terminal process group (-1): Inappropriate ioctl for device
bash: no job control in this shell
bash: /p
2026-04-12 16:31:41,718 [INFO] WS-13: 使能成功!!!!
Piper enable sequence complete.
2026-04-12 16:31:41,718 [INFO] WS-13 err: bash: cannot set terminal process group (-1): Inappropriate ioctl for device
bash: no job control in this shell
bash: /p
2026-04-12 16:31:41,718 [INFO] WS-14: 使能成功!!!!
Piper enable sequence complete.
2026-04-12 16:31:41,718 [INFO] WS-14 err: bash: cannot set terminal process group (-1): Inappropriate ioctl for device
bash: no job control in this shell
bash: /p
2026-04-12 16:31:42,322 [INFO] WS-11: running 'p goto init'
2026-04-12 16:31:42,524 [INFO] WS-12: running 'p goto init'
2026-04-12 16:31:42,827 [INFO] WS-13: running 'p goto init'
2026-04-12 16:31:43,129 [INFO] WS-14: running 'p goto init'
2026-04-12 16:31:44,136 [INFO] WS-11: Go to init complete.
2026-04-12 16:31:44,136 [INFO] WS-11 err: bash: cannot set terminal process group (-1): Inappropriate ioctl for device
bash: no job control in this shell
2026-04-12 16:31:44,136 [INFO] WS-12: Go to init complete.
2026-04-12 16:31:44,136 [INFO] WS-12 err: bash: cannot set terminal process group (-1): Inappropriate ioctl for device
bash: no job control in this shell
2026-04-12 16:31:44,641 [INFO] WS-13: Go to init complete.
2026-04-12 16:31:44,741 [INFO] WS-13 err: bash: cannot set terminal process group (-1): Inappropriate ioctl for device
bash: no job control in this shell
2026-04-12 16:31:44,741 [INFO] WS-14: Go to init complete.
2026-04-12 16:31:44,741 [INFO] WS-14 err: bash: cannot set terminal process group (-1): Inappropriate ioctl for device
bash: no job control in this shell
2026-04-12 16:31:44,741 [INFO]   WS-11: Go to init complete.
2026-04-12 16:31:44,741 [INFO]   WS-12: Go to init complete.
2026-04-12 16:31:44,741 [INFO]   WS-13: Go to init complete.
2026-04-12 16:31:44,741 [INFO]   WS-14: Go to init complete.
2026-04-12 16:31:44,741 [INFO] 'Enable' complete.
2026-04-12 16:35:04,346 [INFO] Executing 'Disable' on 4 robot(s)...
2026-04-12 16:35:04,650 [INFO] WS-11: running 'p goto reset'
2026-04-12 16:35:05,355 [INFO] WS-12: running 'p goto reset'
2026-04-12 16:35:05,959 [INFO] WS-13: running 'p goto reset'
2026-04-12 16:35:06,161 [INFO] WS-14: running 'p goto reset'
2026-04-12 16:35:06,263 [INFO] WS-11: Go to reset complete.
2026-04-12 16:35:06,263 [INFO] WS-11 err: bash: cannot set terminal process group (-1): Inappropriate ioctl for device
bash: no job control in this shell
2026-04-12 16:35:07,068 [INFO] WS-12: Go to reset complete.
2026-04-12 16:35:07,068 [INFO] WS-12 err: bash: cannot set terminal process group (-1): Inappropriate ioctl for device
bash: no job control in this shell
2026-04-12 16:35:08,276 [INFO] WS-13: Go to reset complete.
2026-04-12 16:35:08,276 [INFO] WS-13 err: bash: cannot set terminal process group (-1): Inappropriate ioctl for device
bash: no job control in this shell
2026-04-12 16:35:08,477 [INFO] WS-14: Go to reset complete.
2026-04-12 16:35:08,477 [INFO] WS-14 err: bash: cannot set terminal process group (-1): Inappropriate ioctl for device
bash: no job control in this shell
2026-04-12 16:35:08,880 [INFO] WS-11: running 'p disable'
2026-04-12 16:35:09,484 [INFO] WS-12: running 'p disable'
2026-04-12 16:35:09,887 [INFO] WS-11: 失能成功!!!!
Piper disable sequence complete.
2026-04-12 16:35:09,887 [INFO] WS-11 err: bash: cannot set terminal process group (-1): Inappropriate ioctl for device
bash: no job control in this shell
2026-04-12 16:35:10,089 [INFO] WS-13: running 'p disable'
2026-04-12 16:35:10,493 [INFO] WS-14: running 'p disable'
2026-04-12 16:35:10,494 [INFO] WS-12: 失能成功!!!!
Piper disable sequence complete.
2026-04-12 16:35:10,594 [INFO] WS-12 err: bash: cannot set terminal process group (-1): Inappropriate ioctl for device
bash: no job control in this shell
2026-04-12 16:35:11,601 [INFO] WS-13: 失能成功!!!!
Piper disable sequence complete.
2026-04-12 16:35:11,601 [INFO] WS-13 err: bash: cannot set terminal process group (-1): Inappropriate ioctl for device
bash: no job control in this shell
2026-04-12 16:35:12,205 [INFO] WS-14: 失能成功!!!!
Piper disable sequence complete.
2026-04-12 16:35:12,206 [INFO] WS-14 err: bash: cannot set terminal process group (-1): Inappropriate ioctl for device
bash: no job control in this shell
2026-04-12 16:35:12,306 [INFO]   WS-11: 失能成功!!!!
Piper disable sequence complete.
2026-04-12 16:35:12,306 [INFO]   WS-12: 失能成功!!!!
Piper disable sequence complete.
2026-04-12 16:35:12,306 [INFO]   WS-13: 失能成功!!!!
Piper disable sequence complete.
2026-04-12 16:35:12,306 [INFO]   WS-14: 失能成功!!!!
Piper disable sequence complete.
2026-04-12 16:35:12,306 [INFO] 'Disable' complete.
2026-04-12 16:35:35,298 [INFO] Executing 'Enable' on 4 robot(s)...
2026-04-12 16:35:36,003 [INFO] WS-11: running 'p enable'
2026-04-12 16:35:36,808 [INFO] WS-12: running 'p enable'
2026-04-12 16:35:37,010 [INFO] WS-11: 使能成功!!!!
Piper enable sequence complete.
2026-04-12 16:35:37,010 [INFO] WS-11 err: bash: cannot set terminal process group (-1): Inappropriate ioctl for device
bash: no job control in this shell
bash: /p
2026-04-12 16:35:37,111 [INFO] WS-13: running 'p enable'
2026-04-12 16:35:37,315 [INFO] WS-14: running 'p enable'
2026-04-12 16:35:37,617 [INFO] WS-12: 使能成功!!!!
Piper enable sequence complete.
2026-04-12 16:35:37,617 [INFO] WS-12 err: bash: cannot set terminal process group (-1): Inappropriate ioctl for device
bash: no job control in this shell
bash: /p
2026-04-12 16:35:37,921 [INFO] WS-13: 使能成功!!!!
Piper enable sequence complete.
2026-04-12 16:35:37,921 [INFO] WS-13 err: bash: cannot set terminal process group (-1): Inappropriate ioctl for device
bash: no job control in this shell
bash: /p
2026-04-12 16:35:38,324 [INFO] WS-14: 使能成功!!!!
Piper enable sequence complete.
2026-04-12 16:35:38,324 [INFO] WS-14 err: bash: cannot set terminal process group (-1): Inappropriate ioctl for device
bash: no job control in this shell
bash: /p
2026-04-12 16:35:38,526 [INFO] WS-11: running 'p goto init'
2026-04-12 16:35:38,929 [INFO] WS-12: running 'p goto init'
2026-04-12 16:35:39,131 [INFO] WS-13: running 'p goto init'
2026-04-12 16:35:39,333 [INFO] WS-14: running 'p goto init'
2026-04-12 16:35:40,338 [INFO] WS-11: Go to init complete.
2026-04-12 16:35:40,439 [INFO] WS-11 err: bash: cannot set terminal process group (-1): Inappropriate ioctl for device
bash: no job control in this shell
2026-04-12 16:35:40,439 [INFO] WS-12: Go to init complete.
2026-04-12 16:35:40,540 [INFO] WS-12 err: bash: cannot set terminal process group (-1): Inappropriate ioctl for device
bash: no job control in this shell
2026-04-12 16:35:40,741 [INFO] WS-13: Go to init complete.
2026-04-12 16:35:40,741 [INFO] WS-13 err: bash: cannot set terminal process group (-1): Inappropriate ioctl for device
bash: no job control in this shell
2026-04-12 16:35:40,843 [INFO] WS-14: Go to init complete.
2026-04-12 16:35:40,843 [INFO] WS-14 err: bash: cannot set terminal process group (-1): Inappropriate ioctl for device
bash: no job control in this shell
2026-04-12 16:35:40,843 [INFO]   WS-11: Go to init complete.
2026-04-12 16:35:40,843 [INFO]   WS-12: Go to init complete.
2026-04-12 16:35:40,843 [INFO]   WS-13: Go to init complete.
2026-04-12 16:35:40,843 [INFO]   WS-14: Go to init complete.
2026-04-12 16:35:40,843 [INFO] 'Enable' complete.
2026-04-12 16:36:33,322 [INFO] Executing 'Disable' on 4 robot(s)...
2026-04-12 16:36:33,627 [INFO] WS-11: running 'p goto reset'
2026-04-12 16:36:33,828 [INFO] WS-12: running 'p goto reset'
2026-04-12 16:36:34,433 [INFO] WS-13: running 'p goto reset'
2026-04-12 16:36:35,137 [INFO] WS-14: running 'p goto reset'
2026-04-12 16:36:35,238 [INFO] WS-11: Go to reset complete.
2026-04-12 16:36:35,238 [INFO] WS-11 err: bash: cannot set terminal process group (-1): Inappropriate ioctl for device
bash: no job control in this shell
2026-04-12 16:36:35,340 [INFO] WS-12: Go to reset complete.
2026-04-12 16:36:35,340 [INFO] WS-12 err: bash: cannot set terminal process group (-1): Inappropriate ioctl for device
bash: no job control in this shell
2026-04-12 16:36:36,344 [INFO] WS-13: Go to reset complete.
2026-04-12 16:36:36,344 [INFO] WS-13 err: bash: cannot set terminal process group (-1): Inappropriate ioctl for device
bash: no job control in this shell
2026-04-12 16:36:36,747 [INFO] WS-14: Go to reset complete.
2026-04-12 16:36:36,747 [INFO] WS-14 err: bash: cannot set terminal process group (-1): Inappropriate ioctl for device
bash: no job control in this shell
2026-04-12 16:36:37,451 [INFO] WS-11: running 'p disable'
2026-04-12 16:36:38,357 [INFO] WS-12: running 'p disable'
2026-04-12 16:36:38,660 [INFO] WS-13: running 'p disable'
2026-04-12 16:36:39,063 [INFO] WS-14: running 'p disable'
2026-04-12 16:36:39,064 [INFO] WS-11: 失能成功!!!!
Piper disable sequence complete.
2026-04-12 16:36:39,064 [INFO] WS-11 err: bash: cannot set terminal process group (-1): Inappropriate ioctl for device
bash: no job control in this shell
2026-04-12 16:36:39,669 [INFO] WS-14: 失能成功!!!!
Piper disable sequence complete.
2026-04-12 16:36:39,669 [INFO] WS-14 err: bash: cannot set terminal process group (-1): Inappropriate ioctl for device
bash: no job control in this shell
2026-04-12 16:36:39,970 [INFO] WS-12: 失能成功!!!!
Piper disable sequence complete.
2026-04-12 16:36:39,970 [INFO] WS-12 err: bash: cannot set terminal process group (-1): Inappropriate ioctl for device
bash: no job control in this shell
2026-04-12 16:36:40,071 [INFO] WS-13: 失能成功!!!!
Piper disable sequence complete.
2026-04-12 16:36:40,071 [INFO] WS-13 err: bash: cannot set terminal process group (-1): Inappropriate ioctl for device
bash: no job control in this shell
2026-04-12 16:36:40,071 [INFO]   WS-11: 失能成功!!!!
Piper disable sequence complete.
2026-04-12 16:36:40,071 [INFO]   WS-12: 失能成功!!!!
Piper disable sequence complete.
2026-04-12 16:36:40,071 [INFO]   WS-13: 失能成功!!!!
Piper disable sequence complete.
2026-04-12 16:36:40,071 [INFO]   WS-14: 失能成功!!!!
Piper disable sequence complete.
2026-04-12 16:36:40,071 [INFO] 'Disable' complete.
2026-04-12 17:02:38,281 [INFO] Enable cancelled.
2026-04-12 17:09:11,666 [INFO] ARMory dashboard started.
2026-04-12 17:09:11,666 [INFO] Querying workstation status...
2026-04-12 17:09:14,692 [INFO] WS-11: container running (booted)
2026-04-12 17:09:16,808 [INFO] WS-12: container running (booted)
2026-04-12 17:09:18,117 [INFO] WS-13: container running (booted)
2026-04-12 17:09:18,923 [INFO] Current operation still running. Controls will unlock shortly.
2026-04-12 17:09:19,838 [INFO] WS-14: container running (booted)
2026-04-12 17:09:19,838 [INFO] All workstations are ready. Runtime controls unlocked.
2026-04-12 17:09:19,838 [INFO] Status refresh complete.
2026-04-12 17:09:25,273 [INFO] Selected WS-12.
2026-04-12 17:09:29,994 [INFO] Robot command menu closed.
2026-04-12 17:09:30,597 [INFO] Unselected WS-12.
2026-04-12 17:09:33,362 [INFO] Robot command menu closed.
2026-04-12 17:09:53,163 [INFO] Running 'Shutdown Docker' on WS-12...
2026-04-12 17:09:53,466 [INFO] WS-12: stopping Docker container...
2026-04-12 17:09:53,869 [INFO] WS-12: shutdown complete
2026-04-12 17:09:53,869 [INFO]   WS-12: Shutdown successful
2026-04-12 17:09:53,869 [INFO] 'Shutdown Docker' complete for WS-12.
2026-04-12 17:09:56,955 [INFO] Running 'Shutdown Docker' on WS-13...
2026-04-12 17:09:57,561 [INFO] WS-13: stopping Docker container...
2026-04-12 17:09:57,863 [INFO] WS-13: shutdown complete
2026-04-12 17:09:57,863 [INFO]   WS-13: Shutdown successful
2026-04-12 17:09:57,863 [INFO] 'Shutdown Docker' complete for WS-13.
2026-04-12 17:10:00,235 [INFO] Running 'Shutdown Docker' on WS-14...
2026-04-12 17:10:00,638 [INFO] WS-14: stopping Docker container...
2026-04-12 17:10:01,046 [INFO] WS-14: shutdown complete
2026-04-12 17:10:01,046 [INFO]   WS-14: Shutdown successful
2026-04-12 17:10:01,046 [INFO] 'Shutdown Docker' complete for WS-14.
2026-04-12 17:10:26,259 [INFO] Running 'Enable' on WS-11...
2026-04-12 17:10:26,561 [INFO] WS-11: running 'p enable'
2026-04-12 17:10:27,566 [INFO] WS-11: 使能成功!!!!
Piper enable sequence complete.
2026-04-12 17:10:27,566 [INFO] WS-11 err: bash: cannot set terminal process group (-1): Inappropriate ioctl for device
bash: no job control in this shell
bash: /p
2026-04-12 17:10:27,968 [INFO] WS-11: running 'p goto init'
2026-04-12 17:10:29,876 [INFO] WS-11: Go to init complete.
2026-04-12 17:10:29,876 [INFO] WS-11 err: bash: cannot set terminal process group (-1): Inappropriate ioctl for device
bash: no job control in this shell
2026-04-12 17:10:29,977 [INFO]   WS-11: Go to init complete.
2026-04-12 17:10:29,977 [INFO] 'Enable' complete for WS-11.
2026-04-12 17:15:16,069 [INFO] Running 'Disable' on WS-11...
2026-04-12 17:15:16,272 [INFO] WS-11: running 'p goto reset'
2026-04-12 17:15:17,880 [INFO] WS-11: Go to reset complete.
2026-04-12 17:15:17,980 [INFO] WS-11 err: bash: cannot set terminal process group (-1): Inappropriate ioctl for device
bash: no job control in this shell
2026-04-12 17:15:18,484 [INFO] WS-11: running 'p disable'
2026-04-12 17:15:19,199 [INFO] WS-11: 失能成功!!!!
Piper disable sequence complete.
2026-04-12 17:15:19,199 [INFO] WS-11 err: bash: cannot set terminal process group (-1): Inappropriate ioctl for device
bash: no job control in this shell
2026-04-12 17:15:19,199 [INFO]   WS-11: 失能成功!!!!
Piper disable sequence complete.
2026-04-12 17:15:19,199 [INFO] 'Disable' complete for WS-11.
2026-04-12 17:15:24,639 [INFO] Running 'Shutdown Docker' on WS-11...
2026-04-12 17:15:24,943 [INFO] WS-11: stopping Docker container...
2026-04-12 17:15:25,547 [INFO] WS-11: shutdown complete
2026-04-12 17:15:25,547 [INFO]   WS-11: Shutdown successful
2026-04-12 17:15:25,547 [INFO] 'Shutdown Docker' complete for WS-11.
2026-04-12 17:15:37,790 [INFO] Running 'Boot Docker' on WS-11...
2026-04-12 17:15:38,495 [INFO] WS-11: starting Docker container...
2026-04-12 17:15:38,998 [INFO] WS-11: 877784776f1ab36fa4db39da7a067c83c7057e85497fca6890b655167f714d6e
2026-04-12 17:15:41,208 [INFO] WS-11: container up, running entrypoint...
2026-04-12 17:15:41,612 [INFO] WS-11: boot successful
2026-04-12 17:15:41,613 [INFO]   WS-11: Boot successful
2026-04-12 17:15:41,713 [INFO] 'Boot Docker' complete for WS-11.
2026-04-12 17:15:55,888 [INFO] Running 'Enable' on WS-11...
2026-04-12 17:15:55,990 [INFO] WS-11: running 'p enable'
2026-04-12 17:15:56,996 [INFO] WS-11: 使能成功!!!!
Piper enable sequence complete.
2026-04-12 17:15:56,996 [INFO] WS-11 err: bash: cannot set terminal process group (-1): Inappropriate ioctl for device
bash: no job control in this shell
bash: /p
2026-04-12 17:15:57,198 [INFO] WS-11: running 'p goto init'
2026-04-12 17:15:59,006 [INFO] WS-11: Go to init complete.
2026-04-12 17:15:59,107 [INFO] WS-11 err: bash: cannot set terminal process group (-1): Inappropriate ioctl for device
bash: no job control in this shell
2026-04-12 17:15:59,207 [INFO]   WS-11: Go to init complete.
2026-04-12 17:15:59,207 [INFO] 'Enable' complete for WS-11.
2026-04-12 17:16:05,278 [INFO] Running 'Goto Init' on WS-11...
2026-04-12 17:16:05,580 [INFO] WS-11: running 'p goto init'
2026-04-12 17:16:07,290 [INFO] WS-11: Go to init complete.
2026-04-12 17:16:07,390 [INFO] WS-11 err: bash: cannot set terminal process group (-1): Inappropriate ioctl for device
bash: no job control in this shell
2026-04-12 17:16:07,391 [INFO]   WS-11: Go to init complete.
2026-04-12 17:16:07,391 [INFO] 'Goto Init' complete for WS-11.
2026-04-12 17:20:24,568 [INFO] Robot command menu closed.
2026-04-12 17:30:22,675 [INFO] ARMory dashboard started.
2026-04-12 17:30:22,675 [INFO] Querying workstation status...
2026-04-12 17:30:25,905 [INFO] WS-11: container running (booted)
2026-04-12 17:30:27,921 [INFO] WS-12: container not running (offline)
2026-04-12 17:30:29,533 [INFO] WS-13: container not running (offline)
2026-04-12 17:30:31,149 [INFO] WS-14: container not running (offline)
2026-04-12 17:30:31,149 [INFO] Status refresh complete.
2026-04-12 17:30:38,708 [INFO] Running 'Start Tunnel' on WS-11...
2026-04-12 17:30:39,212 [INFO] WS-11: starting tunnel 8080:grom:8080 via rbansal66@sky1.cc.gatech.edu
2026-04-12 17:30:59,505 [INFO] WS-11: tunnel start FAILED — 
2026-04-12 17:30:59,505 [INFO]   WS-11: ERROR: 
2026-04-12 17:30:59,505 [INFO] 'Start Tunnel' complete for WS-11.
2026-04-12 17:33:06,115 [INFO] ARMory dashboard started.
2026-04-12 17:33:06,115 [INFO] Querying workstation status...
2026-04-12 17:33:10,651 [INFO] WS-11: container running (booted)
2026-04-12 17:33:12,163 [INFO] WS-12: container not running (offline)
2026-04-12 17:33:14,582 [INFO] WS-13: container not running (offline)
2026-04-12 17:33:16,190 [INFO] WS-14: container not running (offline)
2026-04-12 17:33:16,190 [INFO] Status refresh complete.
2026-04-12 17:33:37,479 [INFO] Killing SSH tunnel on 4 workstation(s)...
2026-04-12 17:33:37,784 [INFO] WS-11: killing tunnel for grom:8999
2026-04-12 17:33:38,086 [INFO] WS-11: tunnel kill FAILED — tunnel kill failed
2026-04-12 17:33:38,087 [INFO] WS-12: killing tunnel for grom:8999
2026-04-12 17:33:39,095 [INFO] WS-12: tunnel kill FAILED — tunnel kill failed
2026-04-12 17:33:39,095 [INFO] WS-13: killing tunnel for grom:8999
2026-04-12 17:33:39,398 [INFO] WS-13: tunnel kill FAILED — tunnel kill failed
2026-04-12 17:33:39,499 [INFO] WS-14: killing tunnel for grom:8999
2026-04-12 17:33:39,702 [INFO] WS-14: tunnel kill FAILED — tunnel kill failed
2026-04-12 17:33:39,702 [INFO]   WS-11: ERROR: tunnel kill failed
2026-04-12 17:33:39,702 [INFO]   WS-12: ERROR: tunnel kill failed
2026-04-12 17:33:39,702 [INFO]   WS-13: ERROR: tunnel kill failed
2026-04-12 17:33:39,802 [INFO]   WS-14: ERROR: tunnel kill failed
2026-04-12 17:33:39,802 [INFO] Kill Tunnel complete.
2026-04-12 17:34:55,822 [INFO] Running 'Start Tunnel' on WS-11...
2026-04-12 17:34:56,326 [INFO] WS-11: starting tunnel 8999:grom:8999 via rbansal66@sky1.cc.gatech.edu
2026-04-12 17:35:16,714 [INFO] WS-11: tunnel start FAILED — 
2026-04-12 17:35:16,714 [INFO]   WS-11: ERROR: 
2026-04-12 17:35:16,714 [INFO] 'Start Tunnel' complete for WS-11.
2026-04-12 17:36:01,807 [INFO] Running 'Goto Init' on WS-11...
2026-04-12 17:36:02,109 [INFO] WS-11: running 'p goto init'
2026-04-12 17:36:03,917 [INFO] WS-11: Go to init complete.
2026-04-12 17:36:03,917 [INFO] WS-11 err: bash: cannot set terminal process group (-1): Inappropriate ioctl for device
bash: no job control in this shell
2026-04-12 17:36:03,918 [INFO]   WS-11: Go to init complete.
2026-04-12 17:36:03,918 [INFO] 'Goto Init' complete for WS-11.
2026-04-12 17:43:52,299 [INFO] Running 'Boot Docker' on WS-12...
2026-04-12 17:43:53,105 [INFO] WS-12: starting Docker container...
2026-04-12 17:43:53,607 [INFO] WS-12: 3cd572bffce2bca6324810697c44e5b30798b786c95cfaf53e166afb494c43c3
2026-04-12 17:43:56,018 [INFO] WS-12: container up, running entrypoint...
2026-04-12 17:43:56,220 [INFO] Current operation still running. Robot command menu is locked.
2026-04-12 17:43:56,221 [INFO] WS-12: boot successful
2026-04-12 17:43:56,221 [INFO]   WS-12: Boot successful
2026-04-12 17:43:56,221 [INFO] 'Boot Docker' complete for WS-12.
2026-04-12 17:44:00,675 [INFO] Running 'Start Tunnel' on WS-12...
2026-04-12 17:44:01,078 [INFO] WS-12: starting tunnel 8999:grom:8999 via rbansal66@sky1.cc.gatech.edu
2026-04-12 17:44:04,600 [INFO] Current operation still running. Robot command menu is locked.
2026-04-12 17:44:07,712 [INFO] Current operation still running. Robot command menu is locked.
2026-04-12 17:44:08,215 [INFO] Current operation still running. Robot command menu is locked.
2026-04-12 17:44:08,617 [INFO] Current operation still running. Robot command menu is locked.
2026-04-12 17:44:10,832 [INFO] Current operation still running. Robot command menu is locked.
2026-04-12 17:44:11,032 [INFO] Current operation still running. Robot command menu is locked.
2026-04-12 17:44:14,346 [INFO] Current operation still running. Robot command menu is locked.
2026-04-12 17:44:17,362 [INFO] Current operation still running. Robot command menu is locked.
2026-04-12 17:44:21,180 [INFO] WS-12: tunnel start FAILED — 
2026-04-12 17:44:21,180 [INFO]   WS-12: ERROR: 
2026-04-12 17:44:21,280 [INFO] 'Start Tunnel' complete for WS-12.
2026-04-12 17:44:36,691 [INFO] Running 'Enable' on WS-12...
2026-04-12 17:44:37,194 [INFO] WS-12: running 'p enable'
2026-04-12 17:44:38,402 [INFO] WS-12: 使能成功!!!!
Piper enable sequence complete.
2026-04-12 17:44:38,402 [INFO] WS-12 err: bash: cannot set terminal process group (-1): Inappropriate ioctl for device
bash: no job control in this shell
bash: /p
2026-04-12 17:44:38,706 [INFO] WS-12: running 'p goto init'
2026-04-12 17:44:40,619 [INFO] WS-12: Go to init complete.
2026-04-12 17:44:40,619 [INFO] WS-12 err: bash: cannot set terminal process group (-1): Inappropriate ioctl for device
bash: no job control in this shell
2026-04-12 17:44:40,619 [INFO]   WS-12: Go to init complete.
2026-04-12 17:44:40,619 [INFO] 'Enable' complete for WS-12.
2026-04-12 17:46:24,676 [INFO] Running 'Goto Init' on WS-12...
2026-04-12 17:46:24,878 [INFO] WS-12: running 'p goto init'
2026-04-12 17:46:26,584 [INFO] WS-12: Go to init complete.
2026-04-12 17:46:26,584 [INFO] WS-12 err: bash: cannot set terminal process group (-1): Inappropriate ioctl for device
bash: no job control in this shell
2026-04-12 17:46:26,584 [INFO]   WS-12: Go to init complete.
2026-04-12 17:46:26,584 [INFO] 'Goto Init' complete for WS-12.
2026-04-12 17:50:08,342 [INFO] Running 'Goto Init' on WS-12...
2026-04-12 17:50:08,444 [INFO] WS-12: running 'p goto init'
2026-04-12 17:50:09,954 [INFO] WS-12: Go to init complete.
2026-04-12 17:50:09,954 [INFO] WS-12 err: bash: cannot set terminal process group (-1): Inappropriate ioctl for device
bash: no job control in this shell
2026-04-12 17:50:09,954 [INFO]   WS-12: Go to init complete.
2026-04-12 17:50:09,954 [INFO] 'Goto Init' complete for WS-12.
2026-04-12 17:50:12,614 [INFO] Running 'Goto Init' on WS-11...
2026-04-12 17:50:12,918 [INFO] WS-11: running 'p goto init'
2026-04-12 17:50:14,624 [INFO] WS-11: Go to init complete.
2026-04-12 17:50:14,624 [INFO] WS-11 err: bash: cannot set terminal process group (-1): Inappropriate ioctl for device
bash: no job control in this shell
2026-04-12 17:50:14,624 [INFO]   WS-11: Go to init complete.
2026-04-12 17:50:14,624 [INFO] 'Goto Init' complete for WS-11.
2026-04-12 17:54:56,354 [INFO] Robot command menu closed.
2026-04-12 18:03:14,492 [INFO] ARMory dashboard started.
2026-04-12 18:03:14,492 [INFO] Querying workstation status...
2026-04-12 18:03:18,117 [INFO] WS-11: container running (booted)
2026-04-12 18:03:19,934 [INFO] WS-12: container running (booted)
2026-04-12 18:03:21,646 [INFO] WS-13: container not running (offline)
2026-04-12 18:03:23,558 [INFO] WS-14: container not running (offline)
2026-04-12 18:03:23,558 [INFO] Status refresh complete.
2026-04-12 18:03:33,388 [INFO] Robot command menu closed.
2026-04-12 18:04:04,819 [INFO] Selected WS-13.
2026-04-12 18:04:05,623 [INFO] Selected WS-14.
2026-04-12 18:04:09,797 [INFO] Boot cancelled.
2026-04-12 18:04:10,906 [INFO] Unselected WS-14.
2026-04-12 18:04:11,308 [INFO] Unselected WS-13.
2026-04-12 18:04:24,353 [INFO] Selected WS-11.
2026-04-12 18:04:24,855 [INFO] Unselected WS-11.
2026-04-12 18:04:25,156 [INFO] Selected WS-11.
2026-04-12 18:04:26,059 [INFO] Unselected WS-11.
2026-04-12 18:04:50,421 [INFO] Robot command menu closed.
2026-04-12 18:06:39,134 [INFO] Robot command menu closed.
2026-04-12 18:07:28,559 [INFO] Robot command menu closed.
2026-04-12 18:15:22,341 [INFO] ARMory dashboard started.
2026-04-12 18:15:22,341 [INFO] Querying workstation status...
2026-04-12 18:15:26,273 [INFO] WS-11: container running (booted)
2026-04-12 18:15:27,987 [INFO] WS-12: container running (booted)
2026-04-12 18:15:29,601 [INFO] WS-13: container not running (offline)
2026-04-12 18:15:31,214 [INFO] WS-14: container not running (offline)
2026-04-12 18:15:31,214 [INFO] Status refresh complete.
2026-04-12 18:17:20,954 [INFO] ARMory dashboard started.
2026-04-12 18:17:20,954 [INFO] Querying workstation status...
2026-04-12 18:17:23,884 [INFO] WS-11: container running (booted)
2026-04-12 18:17:25,505 [INFO] WS-12: container running (booted)
2026-04-12 18:17:27,522 [INFO] WS-13: container not running (offline)
2026-04-12 18:17:29,135 [INFO] Selected WS-11.
2026-04-12 18:17:29,235 [INFO] WS-14: container not running (offline)
2026-04-12 18:17:29,236 [INFO] WS-11 is ready. Runtime controls unlocked.
2026-04-12 18:17:29,236 [INFO] Status refresh complete.
2026-04-12 18:17:30,340 [INFO] Unselected WS-11.
2026-04-12 18:17:30,742 [INFO] Selected WS-11.
2026-04-12 18:17:31,747 [INFO] Selected WS-12.
2026-04-12 18:17:42,060 [INFO] Executing 'Goto Zero' on WS-11, WS-12...
2026-04-12 18:17:42,162 [INFO] WS-11: running 'p goto zero'
2026-04-12 18:17:42,665 [INFO] WS-12: running 'p goto zero'
2026-04-12 18:17:43,872 [INFO] WS-11: Go to zero complete.
2026-04-12 18:17:43,872 [INFO] WS-11 err: bash: cannot set terminal process group (-1): Inappropriate ioctl for device
bash: no job control in this shell
2026-04-12 18:17:44,475 [INFO] WS-12: Go to zero complete.
2026-04-12 18:17:44,475 [INFO] WS-12 err: bash: cannot set terminal process group (-1): Inappropriate ioctl for device
bash: no job control in this shell
2026-04-12 18:17:44,475 [INFO]   WS-11: Go to zero complete.
2026-04-12 18:17:44,475 [INFO]   WS-12: Go to zero complete.
2026-04-12 18:17:44,475 [INFO] WS-11, WS-12 is ready. Runtime controls unlocked.
2026-04-12 18:17:44,475 [INFO] 'Goto Zero' complete.
2026-04-12 18:17:50,308 [INFO] Executing 'Goto Init' on WS-11, WS-12...
2026-04-12 18:17:50,613 [INFO] WS-11: running 'p goto init'
2026-04-12 18:17:50,915 [INFO] WS-12: running 'p goto init'
2026-04-12 18:17:52,526 [INFO] WS-11: Go to init complete.
2026-04-12 18:17:52,526 [INFO] WS-11 err: bash: cannot set terminal process group (-1): Inappropriate ioctl for device
bash: no job control in this shell
2026-04-12 18:17:52,627 [INFO] WS-12: Go to init complete.
2026-04-12 18:17:52,727 [INFO] WS-12 err: bash: cannot set terminal process group (-1): Inappropriate ioctl for device
bash: no job control in this shell
2026-04-12 18:17:52,727 [INFO]   WS-11: Go to init complete.
2026-04-12 18:17:52,727 [INFO]   WS-12: Go to init complete.
2026-04-12 18:17:52,727 [INFO] 'Goto Init' complete.
2026-04-12 18:18:18,628 [INFO] Starting listener on WS-11, WS-12...
2026-04-12 18:18:19,233 [INFO] WS-11: starting data listener; log /CS4803ARM_Lab/user_data/armory/logs/workstation_11-listener.log
2026-04-12 18:18:19,233 [INFO] WS-12: starting data listener; log /CS4803ARM_Lab/user_data/armory/logs/workstation_12-listener.log
2026-04-12 18:18:19,435 [INFO] WS-11: data listener already running; log: /CS4803ARM_Lab/user_data/armory/logs/workstation_11-listener.log
2026-04-12 18:18:19,435 [INFO] WS-12: data listener already running; log: /CS4803ARM_Lab/user_data/armory/logs/workstation_12-listener.log
2026-04-12 18:18:19,435 [INFO]   WS-11: data listener already running; log: /CS4803ARM_Lab/user_data/armory/logs/worksta
2026-04-12 18:18:19,436 [INFO]   WS-12: data listener already running; log: /CS4803ARM_Lab/user_data/armory/logs/worksta
2026-04-12 18:18:19,436 [INFO] Start Listener complete.
2026-04-12 18:19:17,845 [INFO] Stopping listener on WS-11, WS-12...
2026-04-12 18:19:17,845 [INFO] WS-11: stopping data listener
2026-04-12 18:19:17,846 [INFO] WS-12: stopping data listener
2026-04-12 18:19:18,351 [INFO] WS-11: data listener stopped; log: /CS4803ARM_Lab/user_data/armory/logs/workstation_11-listener.log
2026-04-12 18:19:18,553 [INFO] WS-12: data listener stopped; log: /CS4803ARM_Lab/user_data/armory/logs/workstation_12-listener.log
2026-04-12 18:19:18,553 [INFO]   WS-11: data listener stopped; log: /CS4803ARM_Lab/user_data/armory/logs/workstation_11-
2026-04-12 18:19:18,654 [INFO]   WS-12: data listener stopped; log: /CS4803ARM_Lab/user_data/armory/logs/workstation_12-
2026-04-12 18:19:18,654 [INFO] Stop Listener complete.
2026-04-12 18:19:25,748 [INFO] Starting listener on WS-11, WS-12...
2026-04-12 18:19:26,757 [INFO] WS-11: starting data listener; log /CS4803ARM_Lab/user_data/armory/logs/workstation_11-listener.log
2026-04-12 18:19:26,958 [INFO] WS-12: starting data listener; log /CS4803ARM_Lab/user_data/armory/logs/workstation_12-listener.log
2026-04-12 18:19:27,264 [INFO] WS-11: data listener already running; log: /CS4803ARM_Lab/user_data/armory/logs/workstation_11-listener.log
2026-04-12 18:19:27,264 [INFO] WS-12: data listener already running; log: /CS4803ARM_Lab/user_data/armory/logs/workstation_12-listener.log
2026-04-12 18:19:27,264 [INFO]   WS-11: data listener already running; log: /CS4803ARM_Lab/user_data/armory/logs/worksta
2026-04-12 18:19:27,264 [INFO]   WS-12: data listener already running; log: /CS4803ARM_Lab/user_data/armory/logs/worksta
2026-04-12 18:19:27,264 [INFO] Start Listener complete.
2026-04-12 18:19:36,988 [INFO] Stopping listener on WS-11, WS-12...
2026-04-12 18:19:37,089 [INFO] WS-11: stopping data listener
2026-04-12 18:19:37,190 [INFO] WS-12: stopping data listener
2026-04-12 18:19:37,796 [INFO] WS-11: data listener stopped; log: /CS4803ARM_Lab/user_data/armory/logs/workstation_11-listener.log
2026-04-12 18:19:37,897 [INFO] WS-12: data listener stopped; log: /CS4803ARM_Lab/user_data/armory/logs/workstation_12-listener.log
2026-04-12 18:19:37,897 [INFO]   WS-11: data listener stopped; log: /CS4803ARM_Lab/user_data/armory/logs/workstation_11-
2026-04-12 18:19:37,897 [INFO]   WS-12: data listener stopped; log: /CS4803ARM_Lab/user_data/armory/logs/workstation_12-
2026-04-12 18:19:37,897 [INFO] Stop Listener complete.
2026-04-12 18:23:47,909 [INFO] ARMory dashboard started.
2026-04-12 18:23:47,909 [INFO] Querying workstation status...
2026-04-12 18:23:51,037 [INFO] WS-11: container running (booted)
2026-04-12 18:23:52,247 [INFO] WS-12: container running (booted)
2026-04-12 18:23:53,857 [INFO] WS-13: container not running (offline)
2026-04-12 18:23:53,959 [INFO] Selected WS-11.
2026-04-12 18:23:54,367 [INFO] Selected WS-12.
2026-04-12 18:23:55,978 [INFO] WS-14: container not running (offline)
2026-04-12 18:23:55,978 [INFO] WS-11, WS-12 is ready. Runtime controls unlocked.
2026-04-12 18:23:55,978 [INFO] Status refresh complete.
2026-04-12 18:23:58,944 [INFO] Starting listener on WS-11, WS-12...
2026-04-12 18:24:00,155 [INFO] WS-11: starting data listener; log /CS4803ARM_Lab/user_data/armory/logs/workstation_11-listener.log
2026-04-12 18:24:00,156 [INFO] WS-12: starting data listener; log /CS4803ARM_Lab/user_data/armory/logs/workstation_12-listener.log
2026-04-12 18:24:00,559 [INFO] WS-11: data listener launch FAILED — touch: cannot touch '/CS4803ARM_Lab/user_data/armory/logs/workstation_11-listener.log': Permission denied
2026-04-12 18:24:00,559 [INFO] WS-12: data listener launch FAILED — touch: cannot touch '/CS4803ARM_Lab/user_data/armory/logs/workstation_12-listener.log': Permission denied
2026-04-12 18:24:00,559 [INFO]   WS-11: ERROR: touch: cannot touch '/CS4803ARM_Lab/user_data/armory/logs/workstation_11-
2026-04-12 18:24:00,559 [INFO]   WS-12: ERROR: touch: cannot touch '/CS4803ARM_Lab/user_data/armory/logs/workstation_12-
2026-04-12 18:24:00,659 [INFO] Start Listener complete.
2026-04-12 18:28:28,872 [INFO] ARMory dashboard started.
2026-04-12 18:28:28,872 [INFO] Querying workstation status...
2026-04-12 18:28:31,394 [INFO] WS-11: container running (booted)
2026-04-12 18:28:33,314 [INFO] WS-12: container running (booted)
2026-04-12 18:28:35,631 [INFO] WS-13: container not running (offline)
2026-04-12 18:28:37,543 [INFO] WS-14: container not running (offline)
2026-04-12 18:28:37,543 [INFO] Status refresh complete.
2026-04-12 18:28:53,160 [INFO] ARMory dashboard started.
2026-04-12 18:28:53,160 [INFO] Querying workstation status...
2026-04-12 18:28:56,087 [INFO] WS-11: container running (booted)
2026-04-12 18:28:57,805 [INFO] WS-12: container running (booted)
2026-04-12 18:28:59,622 [INFO] WS-13: container not running (offline)
2026-04-12 18:29:01,736 [INFO] WS-14: container not running (offline)
2026-04-12 18:29:01,736 [INFO] Status refresh complete.
2026-04-12 18:29:03,142 [INFO] Selected WS-11.
2026-04-12 18:29:04,048 [INFO] Selected WS-12.
2026-04-12 18:29:09,969 [INFO] Starting listener on WS-11, WS-12...
2026-04-12 18:29:10,876 [INFO] WS-11: starting data listener; log /nethome/rbansal66/CS4803ARM_Lab/user_data/armory/logs/workstation_11-listener.log
2026-04-12 18:29:11,178 [INFO] WS-12: starting data listener; log /nethome/rbansal66/CS4803ARM_Lab/user_data/armory/logs/workstation_12-listener.log
2026-04-12 18:29:13,387 [INFO] WS-11: data listener started (pid 3583); log: /nethome/rbansal66/CS4803ARM_Lab/user_data/armory/logs/workstation_11-listener.log
2026-04-12 18:29:13,689 [INFO] WS-12: data listener started (pid 3119); log: /nethome/rbansal66/CS4803ARM_Lab/user_data/armory/logs/workstation_12-listener.log
2026-04-12 18:29:13,689 [INFO]   WS-11: data listener started (pid 3583); log: /nethome/rbansal66/CS4803ARM_Lab/user_dat
2026-04-12 18:29:13,790 [INFO]   WS-12: data listener started (pid 3119); log: /nethome/rbansal66/CS4803ARM_Lab/user_dat
2026-04-12 18:29:13,790 [INFO] Start Listener complete.
2026-04-12 18:29:32,465 [INFO] Stopping listener on WS-11, WS-12...
2026-04-12 18:29:32,466 [INFO] WS-11: stopping data listener
2026-04-12 18:29:32,668 [INFO] WS-12: stopping data listener
2026-04-12 18:29:33,776 [INFO] WS-11: data listener stopped; log: /nethome/rbansal66/CS4803ARM_Lab/user_data/armory/logs/workstation_11-listener.log
2026-04-12 18:29:34,279 [INFO] WS-12: data listener stopped; log: /nethome/rbansal66/CS4803ARM_Lab/user_data/armory/logs/workstation_12-listener.log
2026-04-12 18:29:34,280 [INFO]   WS-11: data listener stopped; log: /nethome/rbansal66/CS4803ARM_Lab/user_data/armory/lo
2026-04-12 18:29:34,280 [INFO]   WS-12: data listener stopped; log: /nethome/rbansal66/CS4803ARM_Lab/user_data/armory/lo
2026-04-12 18:29:34,280 [INFO] Stop Listener complete.
2026-04-12 18:30:08,931 [INFO] Unselected WS-12.
2026-04-12 18:30:11,569 [INFO] Starting listener on WS-11...
2026-04-12 18:30:12,073 [INFO] WS-11: starting data listener; log /nethome/rbansal66/CS4803ARM_Lab/user_data/armory/logs/workstation_11-listener.log
2026-04-12 18:30:14,584 [INFO] WS-11: data listener started (pid 3823); log: /nethome/rbansal66/CS4803ARM_Lab/user_data/armory/logs/workstation_11-listener.log
2026-04-12 18:30:14,584 [INFO]   WS-11: data listener started (pid 3823); log: /nethome/rbansal66/CS4803ARM_Lab/user_dat
2026-04-12 18:30:14,584 [INFO] Start Listener complete.
2026-04-12 18:30:20,490 [INFO] Starting client on WS-11...
2026-04-12 18:30:20,893 [INFO] WS-11: starting Piper client; log /nethome/rbansal66/CS4803ARM_Lab/user_data/armory/logs/workstation_11-client.log
2026-04-12 18:30:23,404 [INFO] WS-11: Piper client started (pid 4055); log: /nethome/rbansal66/CS4803ARM_Lab/user_data/armory/logs/workstation_11-client.log
2026-04-12 18:30:23,404 [INFO]   WS-11: Piper client started (pid 4055); log: /nethome/rbansal66/CS4803ARM_Lab/user_data
2026-04-12 18:30:23,404 [INFO] Start Client complete.
2026-04-12 18:30:42,466 [INFO] Stopping client on WS-11...
2026-04-12 18:30:42,667 [INFO] WS-11: stopping Piper client
2026-04-12 18:30:43,975 [INFO] WS-11: Piper client stopped; log: /nethome/rbansal66/CS4803ARM_Lab/user_data/armory/logs/workstation_11-client.log
2026-04-12 18:30:44,075 [INFO]   WS-11: Piper client stopped; log: /nethome/rbansal66/CS4803ARM_Lab/user_data/armory/log
2026-04-12 18:30:44,076 [INFO] Stop Client complete.
2026-04-12 18:31:26,314 [INFO] Starting client on WS-11...
2026-04-12 18:31:26,918 [INFO] WS-11: starting Piper client; log /nethome/rbansal66/CS4803ARM_Lab/user_data/armory/logs/workstation_11-client.log
2026-04-12 18:31:29,331 [INFO] WS-11: Piper client started (pid 4163); log: /nethome/rbansal66/CS4803ARM_Lab/user_data/armory/logs/workstation_11-client.log
2026-04-12 18:31:29,331 [INFO]   WS-11: Piper client started (pid 4163); log: /nethome/rbansal66/CS4803ARM_Lab/user_data
2026-04-12 18:31:29,331 [INFO] Start Client complete.
2026-04-12 18:32:07,363 [INFO] Stopping client on WS-11...
2026-04-12 18:32:07,564 [INFO] WS-11: stopping Piper client
2026-04-12 18:32:08,872 [INFO] WS-11: Piper client stopped; log: /nethome/rbansal66/CS4803ARM_Lab/user_data/armory/logs/workstation_11-client.log
2026-04-12 18:32:08,872 [INFO]   WS-11: Piper client stopped; log: /nethome/rbansal66/CS4803ARM_Lab/user_data/armory/log
2026-04-12 18:32:08,872 [INFO] Stop Client complete.
2026-04-12 18:32:14,170 [INFO] Stopping listener on WS-11...
2026-04-12 18:32:14,472 [INFO] WS-11: stopping data listener
2026-04-12 18:32:15,477 [INFO] WS-11: data listener stopped; log: /nethome/rbansal66/CS4803ARM_Lab/user_data/armory/logs/workstation_11-listener.log
2026-04-12 18:32:15,477 [INFO]   WS-11: data listener stopped; log: /nethome/rbansal66/CS4803ARM_Lab/user_data/armory/lo
2026-04-12 18:32:15,477 [INFO] Stop Listener complete.
2026-04-12 18:32:16,783 [INFO] Selected WS-12.
2026-04-12 18:32:24,276 [INFO] Starting listener on WS-11, WS-12...
2026-04-12 18:32:25,082 [INFO] WS-11: starting data listener; log /nethome/rbansal66/CS4803ARM_Lab/user_data/armory/logs/workstation_11-listener.log
2026-04-12 18:32:25,385 [INFO] WS-12: starting data listener; log /nethome/rbansal66/CS4803ARM_Lab/user_data/armory/logs/workstation_12-listener.log
2026-04-12 18:32:27,904 [INFO] WS-12: data listener started (pid 3556); log: /nethome/rbansal66/CS4803ARM_Lab/user_data/armory/logs/workstation_12-listener.log
2026-04-12 18:32:27,904 [INFO] WS-11: data listener started (pid 4280); log: /nethome/rbansal66/CS4803ARM_Lab/user_data/armory/logs/workstation_11-listener.log
2026-04-12 18:32:28,005 [INFO]   WS-11: data listener started (pid 4280); log: /nethome/rbansal66/CS4803ARM_Lab/user_dat
2026-04-12 18:32:28,005 [INFO]   WS-12: data listener started (pid 3556); log: /nethome/rbansal66/CS4803ARM_Lab/user_dat
2026-04-12 18:32:28,005 [INFO] Start Listener complete.
2026-04-12 18:32:31,866 [INFO] Starting client on WS-11, WS-12...
2026-04-12 18:32:32,370 [INFO] Current operation still running. Controls will unlock shortly.
2026-04-12 18:32:32,673 [INFO] WS-11: starting Piper client; log /nethome/rbansal66/CS4803ARM_Lab/user_data/armory/logs/workstation_11-client.log
2026-04-12 18:32:32,874 [INFO] WS-12: starting Piper client; log /nethome/rbansal66/CS4803ARM_Lab/user_data/armory/logs/workstation_12-client.log
2026-04-12 18:32:35,189 [INFO] WS-11: Piper client started (pid 4509); log: /nethome/rbansal66/CS4803ARM_Lab/user_data/armory/logs/workstation_11-client.log
2026-04-12 18:32:35,189 [INFO] Current operation still running. Controls will unlock shortly.
2026-04-12 18:32:35,390 [INFO] WS-12: Piper client started (pid 3786); log: /nethome/rbansal66/CS4803ARM_Lab/user_data/armory/logs/workstation_12-client.log
2026-04-12 18:32:35,391 [INFO]   WS-11: Piper client started (pid 4509); log: /nethome/rbansal66/CS4803ARM_Lab/user_data
2026-04-12 18:32:35,391 [INFO]   WS-12: Piper client started (pid 3786); log: /nethome/rbansal66/CS4803ARM_Lab/user_data
2026-04-12 18:32:35,391 [INFO] Start Client complete.
2026-04-12 18:33:31,860 [INFO] Stopping client on WS-11, WS-12...
2026-04-12 18:33:32,262 [INFO] WS-11: stopping Piper client
2026-04-12 18:33:32,463 [INFO] WS-12: stopping Piper client
2026-04-12 18:33:33,575 [INFO] WS-11: Piper client stopped; log: /nethome/rbansal66/CS4803ARM_Lab/user_data/armory/logs/workstation_11-client.log
2026-04-12 18:33:33,876 [INFO] WS-12: Piper client stopped; log: /nethome/rbansal66/CS4803ARM_Lab/user_data/armory/logs/workstation_12-client.log
2026-04-12 18:33:33,876 [INFO]   WS-11: Piper client stopped; log: /nethome/rbansal66/CS4803ARM_Lab/user_data/armory/log
2026-04-12 18:33:33,876 [INFO]   WS-12: Piper client stopped; log: /nethome/rbansal66/CS4803ARM_Lab/user_data/armory/log
2026-04-12 18:33:33,876 [INFO] Stop Client complete.
2026-04-12 18:34:09,324 [INFO] Starting client on WS-11, WS-12...
2026-04-12 18:34:10,030 [INFO] WS-11: starting Piper client; log /nethome/rbansal66/CS4803ARM_Lab/user_data/armory/logs/workstation_11-client.log
2026-04-12 18:34:10,231 [INFO] WS-12: starting Piper client; log /nethome/rbansal66/CS4803ARM_Lab/user_data/armory/logs/workstation_12-client.log
2026-04-12 18:34:12,443 [INFO] WS-11: Piper client started (pid 4614); log: /nethome/rbansal66/CS4803ARM_Lab/user_data/armory/logs/workstation_11-client.log
2026-04-12 18:34:12,544 [INFO] WS-12: Piper client started (pid 3893); log: /nethome/rbansal66/CS4803ARM_Lab/user_data/armory/logs/workstation_12-client.log
2026-04-12 18:34:12,544 [INFO]   WS-11: Piper client started (pid 4614); log: /nethome/rbansal66/CS4803ARM_Lab/user_data
2026-04-12 18:34:12,544 [INFO]   WS-12: Piper client started (pid 3893); log: /nethome/rbansal66/CS4803ARM_Lab/user_data
2026-04-12 18:34:12,544 [INFO] Start Client complete.
2026-04-12 18:34:59,004 [INFO] Stopping client on WS-11, WS-12...
2026-04-12 18:34:59,206 [INFO] WS-11: stopping Piper client
2026-04-12 18:34:59,407 [INFO] WS-12: stopping Piper client
2026-04-12 18:35:00,517 [INFO] WS-11: Piper client stopped; log: /nethome/rbansal66/CS4803ARM_Lab/user_data/armory/logs/workstation_11-client.log
2026-04-12 18:35:00,819 [INFO] WS-12: Piper client stopped; log: /nethome/rbansal66/CS4803ARM_Lab/user_data/armory/logs/workstation_12-client.log
2026-04-12 18:35:00,819 [INFO]   WS-11: Piper client stopped; log: /nethome/rbansal66/CS4803ARM_Lab/user_data/armory/log
2026-04-12 18:35:00,819 [INFO]   WS-12: Piper client stopped; log: /nethome/rbansal66/CS4803ARM_Lab/user_data/armory/log
2026-04-12 18:35:00,819 [INFO] Stop Client complete.
2026-04-12 18:36:52,613 [INFO] Executing 'Disable' on WS-11, WS-12...
2026-04-12 18:36:52,915 [INFO] WS-11: running 'p goto reset'
2026-04-12 18:36:53,117 [INFO] WS-12: running 'p goto reset'
2026-04-12 18:36:54,524 [INFO] WS-11: Go to reset complete.
2026-04-12 18:36:54,524 [INFO] WS-11 err: bash: cannot set terminal process group (-1): Inappropriate ioctl for device
bash: no job control in this shell
2026-04-12 18:36:55,026 [INFO] WS-12: Go to reset complete.
2026-04-12 18:36:55,227 [INFO] WS-12 err: bash: cannot set terminal process group (-1): Inappropriate ioctl for device
bash: no job control in this shell
2026-04-12 18:36:55,529 [INFO] WS-11: running 'p disable'
2026-04-12 18:36:55,933 [INFO] WS-12: running 'p disable'
2026-04-12 18:36:56,337 [INFO] WS-11: 失能成功!!!!
Piper disable sequence complete.
2026-04-12 18:36:56,438 [INFO] WS-11 err: bash: cannot set terminal process group (-1): Inappropriate ioctl for device
bash: no job control in this shell
2026-04-12 18:36:56,642 [INFO] WS-12: 失能成功!!!!
Piper disable sequence complete.
2026-04-12 18:36:56,642 [INFO] WS-12 err: bash: cannot set terminal process group (-1): Inappropriate ioctl for device
bash: no job control in this shell
2026-04-12 18:36:56,642 [INFO]   WS-11: 失能成功!!!!
Piper disable sequence complete.
2026-04-12 18:36:56,744 [INFO]   WS-12: 失能成功!!!!
Piper disable sequence complete.
2026-04-12 18:36:56,845 [INFO] WS-11, WS-12 is ready. Runtime controls unlocked.
2026-04-12 18:36:56,845 [INFO] 'Disable' complete.
2026-04-12 18:37:04,853 [INFO] Killing SSH tunnel on WS-11, WS-12...
2026-04-12 18:37:05,256 [INFO] WS-11: killing tunnel for grom:8999
2026-04-12 18:37:05,358 [INFO] WS-11: tunnel kill FAILED — tunnel kill failed
2026-04-12 18:37:05,458 [INFO] WS-12: killing tunnel for grom:8999
2026-04-12 18:37:05,761 [INFO] WS-12: tunnel kill FAILED — tunnel kill failed
2026-04-12 18:37:05,761 [INFO]   WS-11: ERROR: tunnel kill failed
2026-04-12 18:37:05,761 [INFO]   WS-12: ERROR: tunnel kill failed
2026-04-12 18:37:05,761 [INFO] Kill Tunnel complete.
2026-04-12 18:37:11,165 [INFO] Disabling, killing tunnels, and shutting down WS-11, WS-12...
2026-04-12 18:37:11,368 [INFO] WS-11: running 'p goto reset'
2026-04-12 18:37:11,569 [INFO] WS-12: running 'p goto reset'
2026-04-12 18:37:13,076 [INFO] WS-11: Go to reset complete.
2026-04-12 18:37:13,076 [INFO] WS-11 err: bash: cannot set terminal process group (-1): Inappropriate ioctl for device
bash: no job control in this shell
2026-04-12 18:37:13,378 [INFO] WS-12: Go to reset complete.
2026-04-12 18:37:13,379 [INFO] WS-12 err: bash: cannot set terminal process group (-1): Inappropriate ioctl for device
bash: no job control in this shell
2026-04-12 18:37:13,781 [INFO] WS-11: running 'p disable'
2026-04-12 18:37:14,184 [INFO] WS-12: running 'p disable'
2026-04-12 18:37:14,790 [INFO] WS-11: 失能成功!!!!
Piper disable sequence complete.
2026-04-12 18:37:14,991 [INFO] WS-11 err: bash: cannot set terminal process group (-1): Inappropriate ioctl for device
bash: no job control in this shell
2026-04-12 18:37:14,992 [INFO] WS-12: 失能成功!!!!
Piper disable sequence complete.
2026-04-12 18:37:15,092 [INFO] WS-12 err: bash: cannot set terminal process group (-1): Inappropriate ioctl for device
bash: no job control in this shell
2026-04-12 18:37:15,494 [INFO] WS-11: killing tunnel for grom:8999
2026-04-12 18:37:15,797 [INFO] WS-12: killing tunnel for grom:8999
2026-04-12 18:37:15,797 [INFO] WS-11: tunnel kill FAILED — tunnel kill failed
2026-04-12 18:37:15,999 [INFO] WS-12: tunnel kill FAILED — tunnel kill failed
2026-04-12 18:37:16,304 [INFO] WS-11: stopping Docker container...
2026-04-12 18:37:16,908 [INFO] WS-12: stopping Docker container...
2026-04-12 18:37:16,909 [INFO] WS-11: shutdown complete
2026-04-12 18:37:17,312 [INFO] WS-12: shutdown complete
2026-04-12 18:37:17,312 [INFO]   WS-11: Reset: Go to reset complete.; Disable: 失能成功!!!!
Piper disable sequence complete.
2026-04-12 18:37:17,312 [INFO]   WS-12: Reset: Go to reset complete.; Disable: 失能成功!!!!
Piper disable sequence complete.
2026-04-12 18:37:17,312 [INFO] Shutdown complete.
2026-04-13 15:24:28,438 [INFO] ARMory dashboard started.
2026-04-13 15:24:28,438 [INFO] Querying workstation status...
2026-04-13 15:24:32,871 [INFO] WS-11: container not running (offline)
2026-04-13 15:24:35,188 [INFO] WS-12: container not running (offline)
2026-04-13 15:24:38,309 [INFO] WS-13: container not running (offline)
2026-04-13 15:24:40,322 [INFO] WS-14: container not running (offline)
2026-04-13 15:24:40,323 [INFO] Status refresh complete.
2026-04-13 15:24:43,198 [INFO] Booting WS-11, WS-12, WS-13, WS-14...
2026-04-13 15:24:44,105 [INFO] WS-11: starting Docker container...
2026-04-13 15:24:44,508 [INFO] WS-12: starting Docker container...
2026-04-13 15:24:44,811 [INFO] WS-13: starting Docker container...
2026-04-13 15:24:45,116 [INFO] WS-14: starting Docker container...
2026-04-13 15:24:45,116 [INFO] WS-12: 1f87e08caed7f72214ad5295f7c1cead347a0a2fce428ddfddcc7c31537c211a
2026-04-13 15:24:45,116 [INFO] WS-11: 93b7e5ec148f27ba129c7a5cc7ce7689883ccf0d6eba9edb832c5ad797588543
2026-04-13 15:24:45,518 [INFO] WS-13: e9179c76b9c6629c63404b6cde4135c5bfec0600584c26e88429589234da9a54
2026-04-13 15:24:45,721 [INFO] WS-14: bb167dba2fcac4b5be2f1e078eef0a96b3c24e2534e48377f80b7da46bf8911e
2026-04-13 15:24:47,331 [INFO] WS-12: container up, running entrypoint...
2026-04-13 15:24:47,432 [INFO] WS-11: container up, running entrypoint...
2026-04-13 15:24:47,835 [INFO] WS-12: boot successful
2026-04-13 15:24:47,937 [INFO] WS-11: boot successful
2026-04-13 15:24:48,139 [INFO] WS-13: container up, running entrypoint...
2026-04-13 15:24:48,139 [INFO] WS-14: container up, running entrypoint...
2026-04-13 15:24:48,342 [INFO] WS-13: boot successful
2026-04-13 15:24:48,342 [INFO] WS-14: boot successful
2026-04-13 15:24:48,342 [INFO]   WS-11: Boot successful
2026-04-13 15:24:48,342 [INFO]   WS-12: Boot successful
2026-04-13 15:24:48,342 [INFO]   WS-13: Boot successful
2026-04-13 15:24:48,342 [INFO]   WS-14: Boot successful
2026-04-13 15:24:48,342 [INFO] ALL is ready. Runtime controls unlocked.
2026-04-13 15:24:48,342 [INFO] Boot complete.
2026-04-13 15:24:53,886 [INFO] Executing 'Enable' on WS-11, WS-12, WS-13, WS-14...
2026-04-13 15:24:54,391 [INFO] WS-11: running 'p enable'
2026-04-13 15:24:54,593 [INFO] WS-12: running 'p enable'
2026-04-13 15:24:54,997 [INFO] WS-13: running 'p enable'
2026-04-13 15:24:55,098 [INFO] WS-11: 使能成功!!!!
Piper enable sequence complete.
2026-04-13 15:24:55,098 [INFO] WS-11 err: bash: cannot set terminal process group (-1): Inappropriate ioctl for device
bash: no job control in this shell
bash: /p
2026-04-13 15:24:55,199 [INFO] WS-14: running 'p enable'
2026-04-13 15:24:55,300 [INFO] WS-12: 使能成功!!!!
Piper enable sequence complete.
2026-04-13 15:24:55,300 [INFO] WS-12 err: bash: cannot set terminal process group (-1): Inappropriate ioctl for device
bash: no job control in this shell
bash: /p
2026-04-13 15:24:55,702 [INFO] WS-13: 使能成功!!!!
Piper enable sequence complete.
2026-04-13 15:24:55,702 [INFO] WS-13 err: bash: cannot set terminal process group (-1): Inappropriate ioctl for device
bash: no job control in this shell
bash: /p
2026-04-13 15:24:56,206 [INFO] WS-14: 使能成功!!!!
Piper enable sequence complete.
2026-04-13 15:24:56,408 [INFO] WS-14 err: bash: cannot set terminal process group (-1): Inappropriate ioctl for device
bash: no job control in this shell
bash: /p
2026-04-13 15:24:57,012 [INFO] WS-11: running 'p goto init'
2026-04-13 15:24:57,617 [INFO] WS-12: running 'p goto init'
2026-04-13 15:24:57,822 [INFO] WS-13: running 'p goto init'
2026-04-13 15:24:58,225 [INFO] WS-14: running 'p goto init'
2026-04-13 15:24:58,428 [INFO] WS-11: Go to init complete.
2026-04-13 15:24:58,428 [INFO] WS-11 err: bash: cannot set terminal process group (-1): Inappropriate ioctl for device
bash: no job control in this shell
bash: /p
2026-04-13 15:24:58,930 [INFO] WS-12: Go to init complete.
2026-04-13 15:24:58,930 [INFO] WS-12 err: bash: cannot set terminal process group (-1): Inappropriate ioctl for device
bash: no job control in this shell
bash: /p
2026-04-13 15:24:59,232 [INFO] WS-13: Go to init complete.
2026-04-13 15:24:59,232 [INFO] WS-13 err: bash: cannot set terminal process group (-1): Inappropriate ioctl for device
bash: no job control in this shell
bash: /p
2026-04-13 15:24:59,935 [INFO] WS-14: Go to init complete.
2026-04-13 15:24:59,936 [INFO] WS-14 err: bash: cannot set terminal process group (-1): Inappropriate ioctl for device
bash: no job control in this shell
bash: /p
2026-04-13 15:24:59,936 [INFO]   WS-11: Go to init complete.
2026-04-13 15:24:59,936 [INFO]   WS-12: Go to init complete.
2026-04-13 15:24:59,936 [INFO]   WS-13: Go to init complete.
2026-04-13 15:24:59,936 [INFO]   WS-14: Go to init complete.
2026-04-13 15:24:59,936 [INFO] 'Enable' complete.
2026-04-13 15:25:33,683 [INFO] Selected WS-14.
2026-04-13 15:25:38,623 [INFO] Starting listener on WS-14...
2026-04-13 15:25:39,229 [INFO] WS-14: starting data listener; log /nethome/rbansal66/CS4803ARM_Lab/user_data/armory/logs/workstation_14-listener.log
2026-04-13 15:25:40,134 [INFO] WS-14: data listener launch FAILED — data listener exited immediately; check log: /nethome/rbansal66/CS4803ARM_Lab/user_data/armory/logs/workstation_14-liste
2026-04-13 15:25:40,234 [INFO]   WS-14: ERROR: data listener exited immediately; check log: /nethome/rbansal66/CS4803ARM
2026-04-13 15:25:40,235 [INFO] Start Listener complete.
2026-04-13 15:25:59,455 [INFO] Starting listener on WS-14...
2026-04-13 15:25:59,858 [INFO] WS-14: starting data listener; log /nethome/rbansal66/CS4803ARM_Lab/user_data/armory/logs/workstation_14-listener.log
2026-04-13 15:26:00,261 [INFO] WS-14: data listener already running (pid 169); log: /nethome/rbansal66/CS4803ARM_Lab/user_data/armory/logs/workstation_14-listener.log
2026-04-13 15:26:00,261 [INFO]   WS-14: data listener already running (pid 169); log: /nethome/rbansal66/CS4803ARM_Lab/u
2026-04-13 15:26:00,361 [INFO] Start Listener complete.
2026-04-13 15:26:34,967 [INFO] Stopping listener on WS-14...
2026-04-13 15:26:35,168 [INFO] WS-14: stopping data listener
2026-04-13 15:26:36,375 [INFO] WS-14: data listener stopped; log: /nethome/rbansal66/CS4803ARM_Lab/user_data/armory/logs/workstation_14-listener.log
2026-04-13 15:26:36,376 [INFO]   WS-14: data listener stopped; log: /nethome/rbansal66/CS4803ARM_Lab/user_data/armory/lo
2026-04-13 15:26:36,376 [INFO] Stop Listener complete.
2026-04-13 15:26:44,327 [INFO] Starting listener on WS-14...
2026-04-13 15:26:44,831 [INFO] WS-14: starting data listener; log /nethome/rbansal66/CS4803ARM_Lab/user_data/armory/logs/workstation_14-listener.log
2026-04-13 15:26:45,636 [INFO] WS-14: data listener launch FAILED — data listener exited immediately; check log: /nethome/rbansal66/CS4803ARM_Lab/user_data/armory/logs/workstation_14-liste
2026-04-13 15:26:45,636 [INFO]   WS-14: ERROR: data listener exited immediately; check log: /nethome/rbansal66/CS4803ARM
2026-04-13 15:26:45,636 [INFO] Start Listener complete.
2026-04-13 15:27:19,055 [INFO] Stopping listener on WS-14...
2026-04-13 15:27:19,157 [INFO] WS-14: stopping data listener
2026-04-13 15:27:20,467 [INFO] WS-14: data listener stopped; log: /nethome/rbansal66/CS4803ARM_Lab/user_data/armory/logs/workstation_14-listener.log
2026-04-13 15:27:20,467 [INFO]   WS-14: data listener stopped; log: /nethome/rbansal66/CS4803ARM_Lab/user_data/armory/lo
2026-04-13 15:27:20,467 [INFO] Stop Listener complete.
2026-04-13 15:27:21,873 [INFO] Unselected WS-14.
2026-04-13 15:27:23,379 [INFO] Selected WS-11.
2026-04-13 15:27:26,189 [INFO] Selected WS-12.
2026-04-13 15:27:29,279 [INFO] Starting listener on WS-11, WS-12...
2026-04-13 15:27:30,086 [INFO] WS-11: starting data listener; log /nethome/rbansal66/CS4803ARM_Lab/user_data/armory/logs/workstation_11-listener.log
2026-04-13 15:27:30,287 [INFO] WS-12: starting data listener; log /nethome/rbansal66/CS4803ARM_Lab/user_data/armory/logs/workstation_12-listener.log
2026-04-13 15:27:31,193 [INFO] WS-12: data listener launch FAILED — data listener exited immediately; check log: /nethome/rbansal66/CS4803ARM_Lab/user_data/armory/logs/workstation_12-liste
2026-04-13 15:27:31,396 [INFO] WS-11: data listener launch FAILED — data listener exited immediately; check log: /nethome/rbansal66/CS4803ARM_Lab/user_data/armory/logs/workstation_11-liste
2026-04-13 15:27:31,397 [INFO]   WS-11: ERROR: data listener exited immediately; check log: /nethome/rbansal66/CS4803ARM
2026-04-13 15:27:31,397 [INFO]   WS-12: ERROR: data listener exited immediately; check log: /nethome/rbansal66/CS4803ARM
2026-04-13 15:27:31,397 [INFO] Start Listener complete.
2026-04-13 15:27:50,274 [INFO] Unselected WS-11.
2026-04-13 15:27:50,576 [INFO] Unselected WS-12.
2026-04-13 15:28:40,587 [INFO] Selected WS-11.
2026-04-13 15:28:40,889 [INFO] Selected WS-12.
2026-04-13 15:28:48,848 [INFO] Starting SSH tunnel on WS-11, WS-12...
2026-04-13 15:28:49,256 [INFO] WS-11: starting tunnel 8999:grom:8999 via rbansal66@sky1.cc.gatech.edu
2026-04-13 15:28:49,559 [INFO] WS-12: starting tunnel 8999:grom:8999 via rbansal66@sky1.cc.gatech.edu
2026-04-13 15:28:55,486 [INFO] Current operation still running. Controls will unlock shortly.
2026-04-13 15:29:09,651 [INFO] WS-11: tunnel start FAILED — 
2026-04-13 15:29:09,853 [INFO] WS-12: tunnel start FAILED — 
2026-04-13 15:29:09,853 [INFO]   WS-11: ERROR: 
2026-04-13 15:29:09,853 [INFO]   WS-12: ERROR: 
2026-04-13 15:29:09,853 [INFO] Start Tunnel complete.
2026-04-13 15:29:17,896 [INFO] Killing SSH tunnel on WS-11, WS-12...
2026-04-13 15:29:18,500 [INFO] WS-11: killing tunnel for grom:8999
2026-04-13 15:29:19,105 [INFO] WS-11: tunnel kill FAILED — tunnel kill failed
2026-04-13 15:29:19,206 [INFO] WS-12: killing tunnel for grom:8999
2026-04-13 15:29:19,609 [INFO] WS-12: tunnel kill FAILED — tunnel kill failed
2026-04-13 15:29:19,609 [INFO]   WS-11: ERROR: tunnel kill failed
2026-04-13 15:29:19,609 [INFO]   WS-12: ERROR: tunnel kill failed
2026-04-13 15:29:19,609 [INFO] Kill Tunnel complete.
2026-04-13 15:29:30,968 [INFO] ARMory dashboard started.
2026-04-13 15:29:30,968 [INFO] Querying workstation status...
2026-04-13 15:29:34,996 [INFO] WS-11: container running (booted)
2026-04-13 15:29:36,307 [INFO] WS-12: container running (booted)
2026-04-13 15:29:38,429 [INFO] WS-13: container running (booted)
2026-04-13 15:29:40,447 [INFO] WS-14: container running (booted)
2026-04-13 15:29:40,447 [INFO] ALL is ready. Runtime controls unlocked.
2026-04-13 15:29:40,548 [INFO] Status refresh complete.
2026-04-13 15:30:03,838 [INFO] Selected WS-11.
2026-04-13 15:30:04,141 [INFO] Selected WS-12.
2026-04-13 15:30:04,445 [INFO] Selected WS-13.
2026-04-13 15:30:04,646 [INFO] Selected WS-14.
2026-04-13 15:30:11,097 [INFO] Executing 'Goto Zero' on WS-11, WS-12, WS-13, WS-14...
2026-04-13 15:30:11,500 [INFO] WS-11: running 'p goto zero'
2026-04-13 15:30:11,803 [INFO] WS-12: running 'p goto zero'
2026-04-13 15:30:12,109 [INFO] WS-13: running 'p goto zero'
2026-04-13 15:30:12,311 [INFO] WS-14: running 'p goto zero'
2026-04-13 15:30:12,915 [INFO] WS-11: Go to zero complete.
2026-04-13 15:30:12,915 [INFO] WS-11 err: bash: cannot set terminal process group (-1): Inappropriate ioctl for device
bash: no job control in this shell
bash: /p
2026-04-13 15:30:13,418 [INFO] WS-12: Go to zero complete.
2026-04-13 15:30:13,418 [INFO] WS-12 err: bash: cannot set terminal process group (-1): Inappropriate ioctl for device
bash: no job control in this shell
bash: /p
2026-04-13 15:30:13,619 [INFO] WS-13: Go to zero complete.
2026-04-13 15:30:13,721 [INFO] WS-13 err: bash: cannot set terminal process group (-1): Inappropriate ioctl for device
bash: no job control in this shell
bash: /p
2026-04-13 15:30:13,722 [INFO] WS-14: Go to zero complete.
2026-04-13 15:30:13,722 [INFO] WS-14 err: bash: cannot set terminal process group (-1): Inappropriate ioctl for device
bash: no job control in this shell
bash: /p
2026-04-13 15:30:13,722 [INFO]   WS-11: Go to zero complete.
2026-04-13 15:30:13,722 [INFO]   WS-12: Go to zero complete.
2026-04-13 15:30:13,722 [INFO]   WS-13: Go to zero complete.
2026-04-13 15:30:13,722 [INFO]   WS-14: Go to zero complete.
2026-04-13 15:30:13,722 [INFO] WS-11, WS-12, WS-13, WS-14 is ready. Runtime controls unlocked.
2026-04-13 15:30:13,722 [INFO] 'Goto Zero' complete.
2026-04-13 15:30:16,362 [INFO] Executing 'Goto Init' on WS-11, WS-12, WS-13, WS-14...
2026-04-13 15:30:16,766 [INFO] WS-11: running 'p goto init'
2026-04-13 15:30:17,068 [INFO] WS-12: running 'p goto init'
2026-04-13 15:30:17,371 [INFO] WS-13: running 'p goto init'
2026-04-13 15:30:17,774 [INFO] WS-14: running 'p goto init'
2026-04-13 15:30:18,177 [INFO] WS-11: Go to init complete.
2026-04-13 15:30:18,177 [INFO] WS-11 err: bash: cannot set terminal process group (-1): Inappropriate ioctl for device
bash: no job control in this shell
bash: /p
2026-04-13 15:30:18,579 [INFO] WS-12: Go to init complete.
2026-04-13 15:30:18,579 [INFO] WS-12 err: bash: cannot set terminal process group (-1): Inappropriate ioctl for device
bash: no job control in this shell
bash: /p
2026-04-13 15:30:18,981 [INFO] WS-13: Go to init complete.
2026-04-13 15:30:18,981 [INFO] WS-13 err: bash: cannot set terminal process group (-1): Inappropriate ioctl for device
bash: no job control in this shell
bash: /p
2026-04-13 15:30:19,183 [INFO] WS-14: Go to init complete.
2026-04-13 15:30:19,183 [INFO] WS-14 err: bash: cannot set terminal process group (-1): Inappropriate ioctl for device
bash: no job control in this shell
bash: /p
2026-04-13 15:30:19,183 [INFO]   WS-11: Go to init complete.
2026-04-13 15:30:19,183 [INFO]   WS-12: Go to init complete.
2026-04-13 15:30:19,183 [INFO]   WS-13: Go to init complete.
2026-04-13 15:30:19,183 [INFO]   WS-14: Go to init complete.
2026-04-13 15:30:19,183 [INFO] 'Goto Init' complete.
2026-04-13 15:30:28,880 [INFO] Starting SSH tunnel on WS-11, WS-12, WS-13, WS-14...
2026-04-13 15:30:29,889 [INFO] WS-11: starting tunnel 8999:dynamics:8999 via rbansal66@sky1.cc.gatech.edu
2026-04-13 15:30:30,091 [INFO] WS-12: starting tunnel 8999:dynamics:8999 via rbansal66@sky1.cc.gatech.edu
2026-04-13 15:30:30,293 [INFO] WS-13: starting tunnel 8999:dynamics:8999 via rbansal66@sky1.cc.gatech.edu
2026-04-13 15:30:30,595 [INFO] WS-14: starting tunnel 8999:dynamics:8999 via rbansal66@sky1.cc.gatech.edu
2026-04-13 15:30:30,898 [INFO] WS-11: Tunnel started
2026-04-13 15:30:30,998 [INFO] WS-12: Tunnel started
2026-04-13 15:30:31,302 [INFO] WS-13: Tunnel started
2026-04-13 15:30:31,805 [INFO] WS-14: Tunnel started
2026-04-13 15:30:31,805 [INFO]   WS-11: Tunnel started
2026-04-13 15:30:31,805 [INFO]   WS-12: Tunnel started
2026-04-13 15:30:31,805 [INFO]   WS-13: Tunnel started
2026-04-13 15:30:31,805 [INFO]   WS-14: Tunnel started
2026-04-13 15:30:31,805 [INFO] Start Tunnel complete.
2026-04-13 15:30:42,353 [INFO] Starting listener on WS-11, WS-12, WS-13, WS-14...
2026-04-13 15:30:43,663 [INFO] WS-11: starting data listener; log /nethome/rbansal66/CS4803ARM_Lab/user_data/armory/logs/workstation_11-listener.log
2026-04-13 15:30:43,765 [INFO] WS-12: starting data listener; log /nethome/rbansal66/CS4803ARM_Lab/user_data/armory/logs/workstation_12-listener.log
2026-04-13 15:30:43,766 [INFO] WS-13: starting data listener; log /nethome/rbansal66/CS4803ARM_Lab/user_data/armory/logs/workstation_13-listener.log
2026-04-13 15:30:43,967 [INFO] WS-14: starting data listener; log /nethome/rbansal66/CS4803ARM_Lab/user_data/armory/logs/workstation_14-listener.log
2026-04-13 15:30:44,169 [INFO] WS-11: data listener already running (pid 168); log: /nethome/rbansal66/CS4803ARM_Lab/user_data/armory/logs/workstation_11-listener.log
2026-04-13 15:30:44,170 [INFO] WS-12: data listener already running (pid 167); log: /nethome/rbansal66/CS4803ARM_Lab/user_data/armory/logs/workstation_12-listener.log
2026-04-13 15:30:44,772 [INFO] WS-13: data listener launch FAILED — data listener exited immediately; check log: /nethome/rbansal66/CS4803ARM_Lab/user_data/armory/logs/workstation_13-liste
2026-04-13 15:30:44,873 [INFO] WS-14: data listener launch FAILED — data listener exited immediately; check log: /nethome/rbansal66/CS4803ARM_Lab/user_data/armory/logs/workstation_14-liste
2026-04-13 15:30:44,873 [INFO]   WS-11: data listener already running (pid 168); log: /nethome/rbansal66/CS4803ARM_Lab/u
2026-04-13 15:30:44,873 [INFO]   WS-12: data listener already running (pid 167); log: /nethome/rbansal66/CS4803ARM_Lab/u
2026-04-13 15:30:44,874 [INFO]   WS-13: ERROR: data listener exited immediately; check log: /nethome/rbansal66/CS4803ARM
2026-04-13 15:30:44,874 [INFO]   WS-14: ERROR: data listener exited immediately; check log: /nethome/rbansal66/CS4803ARM
2026-04-13 15:30:44,874 [INFO] Start Listener complete.
2026-04-13 15:32:07,338 [INFO] Killing SSH tunnel on WS-11, WS-12, WS-13, WS-14...
2026-04-13 15:32:07,641 [INFO] WS-11: killing tunnel for dynamics:8999
2026-04-13 15:32:07,742 [INFO] WS-11: tunnel kill FAILED — tunnel kill failed
2026-04-13 15:32:07,843 [INFO] WS-12: killing tunnel for dynamics:8999
2026-04-13 15:32:08,045 [INFO] WS-12: tunnel kill FAILED — tunnel kill failed
2026-04-13 15:32:08,346 [INFO] WS-13: killing tunnel for dynamics:8999
2026-04-13 15:32:08,750 [INFO] WS-13: tunnel kill FAILED — tunnel kill failed
2026-04-13 15:32:08,952 [INFO] WS-14: killing tunnel for dynamics:8999
2026-04-13 15:32:09,254 [INFO] WS-14: tunnel kill FAILED — tunnel kill failed
2026-04-13 15:32:09,254 [INFO]   WS-11: ERROR: tunnel kill failed
2026-04-13 15:32:09,254 [INFO]   WS-12: ERROR: tunnel kill failed
2026-04-13 15:32:09,254 [INFO]   WS-13: ERROR: tunnel kill failed
2026-04-13 15:32:09,254 [INFO]   WS-14: ERROR: tunnel kill failed
2026-04-13 15:32:09,254 [INFO] Kill Tunnel complete.
2026-04-13 15:32:20,938 [INFO] Executing 'Disable' on WS-11, WS-12, WS-13, WS-14...
2026-04-13 15:32:21,441 [INFO] WS-11: running 'p goto reset'
2026-04-13 15:32:21,643 [INFO] WS-12: running 'p goto reset'
2026-04-13 15:32:22,449 [INFO] WS-13: running 'p goto reset'
2026-04-13 15:32:22,852 [INFO] WS-11: Go to reset complete.
2026-04-13 15:32:22,852 [INFO] WS-11 err: bash: cannot set terminal process group (-1): Inappropriate ioctl for device
bash: no job control in this shell
bash: /p
2026-04-13 15:32:23,054 [INFO] WS-14: running 'p goto reset'
2026-04-13 15:32:23,357 [INFO] WS-12: Go to reset complete.
2026-04-13 15:32:23,357 [INFO] WS-12 err: bash: cannot set terminal process group (-1): Inappropriate ioctl for device
bash: no job control in this shell
bash: /p
2026-04-13 15:32:24,060 [INFO] WS-13: Go to reset complete.
2026-04-13 15:32:24,061 [INFO] WS-13 err: bash: cannot set terminal process group (-1): Inappropriate ioctl for device
bash: no job control in this shell
bash: /p
2026-04-13 15:32:24,463 [INFO] WS-14: Go to reset complete.
2026-04-13 15:32:24,463 [INFO] WS-14 err: bash: cannot set terminal process group (-1): Inappropriate ioctl for device
bash: no job control in this shell
bash: /p
2026-04-13 15:32:24,766 [INFO] WS-11: running 'p disable'
2026-04-13 15:32:25,069 [INFO] WS-12: running 'p disable'
2026-04-13 15:32:25,271 [INFO] WS-11: 失能成功!!!!
Piper disable sequence complete.
2026-04-13 15:32:25,271 [INFO] WS-11 err: bash: cannot set terminal process group (-1): Inappropriate ioctl for device
bash: no job control in this shell
bash: /p
2026-04-13 15:32:25,473 [INFO] WS-13: running 'p disable'
2026-04-13 15:32:25,674 [INFO] WS-12: 失能成功!!!!
Piper disable sequence complete.
2026-04-13 15:32:25,775 [INFO] WS-12 err: bash: cannot set terminal process group (-1): Inappropriate ioctl for device
bash: no job control in this shell
bash: /p
2026-04-13 15:32:25,877 [INFO] WS-14: running 'p disable'
2026-04-13 15:32:26,079 [INFO] WS-13: 失能成功!!!!
Piper disable sequence complete.
2026-04-13 15:32:26,079 [INFO] WS-13 err: bash: cannot set terminal process group (-1): Inappropriate ioctl for device
bash: no job control in this shell
bash: /p
2026-04-13 15:32:27,083 [INFO] WS-14: 失能成功!!!!
Piper disable sequence complete.
2026-04-13 15:32:27,083 [INFO] WS-14 err: bash: cannot set terminal process group (-1): Inappropriate ioctl for device
bash: no job control in this shell
bash: /p
2026-04-13 15:32:27,083 [INFO]   WS-11: 失能成功!!!!
Piper disable sequence complete.
2026-04-13 15:32:27,083 [INFO]   WS-12: 失能成功!!!!
Piper disable sequence complete.
2026-04-13 15:32:27,083 [INFO]   WS-13: 失能成功!!!!
Piper disable sequence complete.
2026-04-13 15:32:27,083 [INFO]   WS-14: 失能成功!!!!
Piper disable sequence complete.
2026-04-13 15:32:27,083 [INFO] 'Disable' complete.
2026-04-13 15:32:43,298 [INFO] Disabling, killing tunnels, and shutting down WS-11, WS-12, WS-13, WS-14...
2026-04-13 15:32:43,802 [INFO] WS-11: running 'p goto reset'
2026-04-13 15:32:44,306 [INFO] WS-12: running 'p goto reset'
2026-04-13 15:32:44,710 [INFO] WS-13: running 'p goto reset'
2026-04-13 15:32:45,421 [INFO] WS-14: running 'p goto reset'
2026-04-13 15:32:45,522 [INFO] WS-11: Go to reset complete.
2026-04-13 15:32:45,522 [INFO] WS-11 err: bash: cannot set terminal process group (-1): Inappropriate ioctl for device
bash: no job control in this shell
bash: /p
2026-04-13 15:32:45,824 [INFO] WS-12: Go to reset complete.
2026-04-13 15:32:45,824 [INFO] WS-12 err: bash: cannot set terminal process group (-1): Inappropriate ioctl for device
bash: no job control in this shell
bash: /p
2026-04-13 15:32:46,327 [INFO] WS-13: Go to reset complete.
2026-04-13 15:32:46,327 [INFO] WS-13 err: bash: cannot set terminal process group (-1): Inappropriate ioctl for device
bash: no job control in this shell
bash: /p
2026-04-13 15:32:46,830 [INFO] WS-14: Go to reset complete.
2026-04-13 15:32:46,830 [INFO] WS-14 err: bash: cannot set terminal process group (-1): Inappropriate ioctl for device
bash: no job control in this shell
bash: /p
2026-04-13 15:32:47,133 [INFO] WS-11: running 'p disable'
2026-04-13 15:32:47,337 [INFO] WS-12: running 'p disable'
2026-04-13 15:32:47,539 [INFO] WS-13: running 'p disable'
2026-04-13 15:32:47,539 [INFO] WS-11: 失能成功!!!!
Piper disable sequence complete.
2026-04-13 15:32:47,540 [INFO] WS-11 err: bash: cannot set terminal process group (-1): Inappropriate ioctl for device
bash: no job control in this shell
bash: /p
2026-04-13 15:32:47,741 [INFO] WS-12: 失能成功!!!!
Piper disable sequence complete.
2026-04-13 15:32:47,842 [INFO] WS-12 err: bash: cannot set terminal process group (-1): Inappropriate ioctl for device
bash: no job control in this shell
bash: /p
2026-04-13 15:32:47,943 [INFO] WS-14: running 'p disable'
2026-04-13 15:32:48,950 [INFO] WS-14: 失能成功!!!!
Piper disable sequence complete.
2026-04-13 15:32:49,051 [INFO] WS-14 err: bash: cannot set terminal process group (-1): Inappropriate ioctl for device
bash: no job control in this shell
bash: /p
2026-04-13 15:32:49,052 [INFO] WS-13: 失能成功!!!!
Piper disable sequence complete.
2026-04-13 15:32:49,052 [INFO] WS-13 err: bash: cannot set terminal process group (-1): Inappropriate ioctl for device
bash: no job control in this shell
bash: /p
2026-04-13 15:32:49,253 [INFO] WS-11: killing tunnel for dynamics:8999
2026-04-13 15:32:49,456 [INFO] WS-11: tunnel kill FAILED — tunnel kill failed
2026-04-13 15:32:49,456 [INFO] WS-12: killing tunnel for dynamics:8999
2026-04-13 15:32:50,060 [INFO] WS-12: tunnel kill FAILED — tunnel kill failed
2026-04-13 15:32:50,060 [INFO] WS-13: killing tunnel for dynamics:8999
2026-04-13 15:32:50,363 [INFO] WS-14: killing tunnel for dynamics:8999
2026-04-13 15:32:50,364 [INFO] WS-13: tunnel kill FAILED — tunnel kill failed
2026-04-13 15:32:50,465 [INFO] WS-14: tunnel kill FAILED — tunnel kill failed
2026-04-13 15:32:50,768 [INFO] WS-11: stopping Docker container...
2026-04-13 15:32:51,272 [INFO] WS-12: stopping Docker container...
2026-04-13 15:32:51,373 [INFO] WS-11: shutdown complete
2026-04-13 15:32:51,475 [INFO] WS-13: stopping Docker container...
2026-04-13 15:32:51,881 [INFO] WS-14: stopping Docker container...
2026-04-13 15:32:51,881 [INFO] WS-12: shutdown complete
2026-04-13 15:32:51,881 [INFO] WS-13: shutdown complete
2026-04-13 15:32:52,286 [INFO] WS-14: shutdown complete
2026-04-13 15:32:52,286 [INFO]   WS-11: Reset: Go to reset complete.; Disable: 失能成功!!!!
Piper disable sequence complete.
2026-04-13 15:32:52,286 [INFO]   WS-12: Reset: Go to reset complete.; Disable: 失能成功!!!!
Piper disable sequence complete.
2026-04-13 15:32:52,286 [INFO]   WS-13: Reset: Go to reset complete.; Disable: 失能成功!!!!
Piper disable sequence complete.
2026-04-13 15:32:52,286 [INFO]   WS-14: Reset: Go to reset complete.; Disable: 失能成功!!!!
Piper disable sequence complete.
2026-04-13 15:32:52,286 [INFO] Shutdown complete.
2026-04-13 15:33:28,482 [INFO] Booting WS-11, WS-12, WS-13, WS-14...
2026-04-13 15:33:29,289 [INFO] WS-11: starting Docker container...
2026-04-13 15:33:30,196 [INFO] WS-11: 75589d8f0941fed9885dcc48bbe46abe7bb38ea79244c4c1bd3e97bb0a9ff75d
2026-04-13 15:33:30,297 [INFO] WS-12: starting Docker container...
2026-04-13 15:33:30,298 [INFO] WS-13: starting Docker container...
2026-04-13 15:33:30,802 [INFO] WS-12: 378a62e31ad1d170101cb9e25c97211c2b1dc8e9d5d40b8cba66c90e57fbf6c9
2026-04-13 15:33:30,902 [INFO] WS-14: starting Docker container...
2026-04-13 15:33:31,003 [INFO] WS-13: 392ed2ce4b2c1f878bcf5bc02cf6d50eed88c157504c41143d9eccaa1283d2e3
2026-04-13 15:33:31,508 [INFO] WS-14: 0b6e1e4ae374faf0d1297a30bf5444940f9e5a79863cbea9b2061e02a6c59107
2026-04-13 15:33:32,818 [INFO] WS-11: container up, running entrypoint...
2026-04-13 15:33:33,322 [INFO] WS-11: boot successful
2026-04-13 15:33:33,322 [INFO] WS-12: container up, running entrypoint...
2026-04-13 15:33:33,423 [INFO] WS-13: container up, running entrypoint...
2026-04-13 15:33:33,525 [INFO] WS-12: boot successful
2026-04-13 15:33:34,129 [INFO] WS-13: boot successful
2026-04-13 15:33:34,129 [INFO] WS-14: container up, running entrypoint...
2026-04-13 15:33:34,635 [INFO] WS-14: boot successful
2026-04-13 15:33:34,635 [INFO]   WS-11: Boot successful
2026-04-13 15:33:34,736 [INFO]   WS-12: Boot successful
2026-04-13 15:33:34,736 [INFO]   WS-13: Boot successful
2026-04-13 15:33:34,836 [INFO]   WS-14: Boot successful
2026-04-13 15:33:34,837 [INFO] WS-11, WS-12, WS-13, WS-14 is ready. Runtime controls unlocked.
2026-04-13 15:33:34,937 [INFO] Boot complete.
2026-04-13 15:33:38,352 [INFO] Unselected WS-11.
2026-04-13 15:33:38,854 [INFO] Unselected WS-12.
2026-04-13 15:33:39,156 [INFO] Unselected WS-13.
2026-04-13 15:33:49,666 [INFO] Executing 'Enable' on WS-14...
2026-04-13 15:33:49,969 [INFO] WS-14: running 'p enable'
2026-04-13 15:33:50,472 [INFO] WS-14: 使能成功!!!!
Piper enable sequence complete.
2026-04-13 15:33:50,472 [INFO] WS-14 err: bash: cannot set terminal process group (-1): Inappropriate ioctl for device
bash: no job control in this shell
bash: /p
2026-04-13 15:33:50,674 [INFO] WS-14: running 'p goto init'
2026-04-13 15:33:52,182 [INFO] WS-14: Go to init complete.
2026-04-13 15:33:52,182 [INFO] WS-14 err: bash: cannot set terminal process group (-1): Inappropriate ioctl for device
bash: no job control in this shell
bash: /p
2026-04-13 15:33:52,182 [INFO]   WS-14: Go to init complete.
2026-04-13 15:33:52,182 [INFO] WS-14 is ready. Runtime controls unlocked.
2026-04-13 15:33:52,182 [INFO] 'Enable' complete.
2026-04-13 15:33:58,331 [INFO] Starting listener on WS-14...
2026-04-13 15:33:58,734 [INFO] WS-14: starting data listener; log /nethome/rbansal66/CS4803ARM_Lab/user_data/armory/logs/workstation_14-listener.log
2026-04-13 15:33:59,540 [INFO] WS-14: data listener launch FAILED — data listener exited immediately; check log: /nethome/rbansal66/CS4803ARM_Lab/user_data/armory/logs/workstation_14-liste
2026-04-13 15:33:59,541 [INFO]   WS-14: ERROR: data listener exited immediately; check log: /nethome/rbansal66/CS4803ARM
2026-04-13 15:33:59,541 [INFO] Start Listener complete.
2026-04-13 15:34:35,323 [INFO] Stopping listener on WS-14...
2026-04-13 15:34:35,524 [INFO] WS-14: stopping data listener
2026-04-13 15:34:36,531 [INFO] WS-14: data listener stopped; log: /nethome/rbansal66/CS4803ARM_Lab/user_data/armory/logs/workstation_14-listener.log
2026-04-13 15:34:36,631 [INFO]   WS-14: data listener stopped; log: /nethome/rbansal66/CS4803ARM_Lab/user_data/armory/lo
2026-04-13 15:34:36,631 [INFO] Stop Listener complete.
2026-04-13 15:36:28,861 [INFO] Starting listener on WS-14...
2026-04-13 15:36:29,264 [INFO] WS-14: starting data listener; log /nethome/rbansal66/CS4803ARM_Lab/user_data/armory/logs/workstation_14-listener.log
2026-04-13 15:36:31,575 [INFO] WS-14: data listener started (pid 210); log: /nethome/rbansal66/CS4803ARM_Lab/user_data/armory/logs/workstation_14-listener.log
2026-04-13 15:36:31,575 [INFO]   WS-14: data listener started (pid 210); log: /nethome/rbansal66/CS4803ARM_Lab/user_data
2026-04-13 15:36:31,575 [INFO] Start Listener complete.
2026-04-13 15:50:01,395 [INFO] Starting client on WS-14...
2026-04-13 15:50:01,596 [INFO] WS-14: starting Piper client; log /nethome/rbansal66/CS4803ARM_Lab/user_data/armory/logs/workstation_14-client.log
2026-04-13 15:50:03,908 [INFO] WS-14: Piper client started (pid 532); log: /nethome/rbansal66/CS4803ARM_Lab/user_data/armory/logs/workstation_14-client.log
2026-04-13 15:50:03,908 [INFO]   WS-14: Piper client started (pid 532); log: /nethome/rbansal66/CS4803ARM_Lab/user_data/
2026-04-13 15:50:03,908 [INFO] Start Client complete.
2026-04-13 15:50:28,714 [INFO] Stopping client on WS-14...
2026-04-13 15:50:28,815 [INFO] WS-14: stopping Piper client
2026-04-13 15:50:30,525 [INFO] WS-14: Piper client stopped; log: /nethome/rbansal66/CS4803ARM_Lab/user_data/armory/logs/workstation_14-client.log
2026-04-13 15:50:30,525 [INFO]   WS-14: Piper client stopped; log: /nethome/rbansal66/CS4803ARM_Lab/user_data/armory/log
2026-04-13 15:50:30,525 [INFO] Stop Client complete.
2026-04-13 15:50:45,835 [INFO] Starting SSH tunnel on WS-14...
2026-04-13 15:50:46,137 [INFO] WS-14: starting tunnel 8999:dynamics:8999 via rbansal66@sky1.cc.gatech.edu
2026-04-13 15:50:47,243 [INFO] WS-14: Tunnel started
2026-04-13 15:50:47,243 [INFO]   WS-14: Tunnel started
2026-04-13 15:50:47,243 [INFO] Start Tunnel complete.
2026-04-13 15:50:54,467 [INFO] Starting client on WS-14...
2026-04-13 15:50:55,273 [INFO] WS-14: starting Piper client; log /nethome/rbansal66/CS4803ARM_Lab/user_data/armory/logs/workstation_14-client.log
2026-04-13 15:50:57,684 [INFO] WS-14: Piper client started (pid 633); log: /nethome/rbansal66/CS4803ARM_Lab/user_data/armory/logs/workstation_14-client.log
2026-04-13 15:50:57,684 [INFO]   WS-14: Piper client started (pid 633); log: /nethome/rbansal66/CS4803ARM_Lab/user_data/
2026-04-13 15:50:57,684 [INFO] Start Client complete.
2026-04-13 15:51:38,723 [INFO] Killing SSH tunnel on WS-14...
2026-04-13 15:51:38,925 [INFO] WS-14: killing tunnel for dynamics:8999
2026-04-13 15:51:39,129 [INFO] WS-14: tunnel kill FAILED — tunnel kill failed
2026-04-13 15:51:39,129 [INFO]   WS-14: ERROR: tunnel kill failed
2026-04-13 15:51:39,129 [INFO] Kill Tunnel complete.
2026-04-13 15:51:54,424 [INFO] ARMory dashboard started.
2026-04-13 15:51:54,424 [INFO] Querying workstation status...
2026-04-13 15:51:58,260 [INFO] WS-11: container running (booted)
2026-04-13 15:52:00,174 [INFO] WS-12: container running (booted)
2026-04-13 15:52:03,098 [INFO] WS-13: container running (booted)
2026-04-13 15:52:04,406 [INFO] WS-14: container running (booted)
2026-04-13 15:52:04,506 [INFO] ALL is ready. Runtime controls unlocked.
2026-04-13 15:52:04,506 [INFO] Status refresh complete.
2026-04-13 15:52:05,109 [INFO] Selected WS-14.
2026-04-13 15:52:08,251 [INFO] Starting SSH tunnel on WS-14...
2026-04-13 15:52:08,453 [INFO] WS-14: starting tunnel 8080:dynamics:8080 via rbansal66@sky1.cc.gatech.edu
2026-04-13 15:52:09,358 [INFO] WS-14: Tunnel started
2026-04-13 15:52:09,459 [INFO]   WS-14: Tunnel started
2026-04-13 15:52:09,459 [INFO] Start Tunnel complete.
2026-04-13 15:52:36,668 [INFO] Starting client on WS-14...
2026-04-13 15:52:37,170 [INFO] WS-14: starting Piper client; log /nethome/rbansal66/CS4803ARM_Lab/user_data/armory/logs/workstation_14-client.log
2026-04-13 15:52:37,373 [INFO] WS-14: Piper client already running (pid 633); log: /nethome/rbansal66/CS4803ARM_Lab/user_data/armory/logs/workstation_14-client.log
2026-04-13 15:52:37,473 [INFO]   WS-14: Piper client already running (pid 633); log: /nethome/rbansal66/CS4803ARM_Lab/us
2026-04-13 15:52:37,474 [INFO] Start Client complete.
2026-04-13 15:53:03,220 [INFO] Stopping client on WS-14...
2026-04-13 15:53:03,421 [INFO] WS-14: stopping Piper client
2026-04-13 15:53:04,729 [INFO] WS-14: Piper client stopped; log: /nethome/rbansal66/CS4803ARM_Lab/user_data/armory/logs/workstation_14-client.log
2026-04-13 15:53:04,829 [INFO]   WS-14: Piper client stopped; log: /nethome/rbansal66/CS4803ARM_Lab/user_data/armory/log
2026-04-13 15:53:04,829 [INFO] Stop Client complete.
2026-04-13 15:55:10,887 [INFO] Unselected WS-14.
2026-04-13 15:55:11,189 [INFO] Selected WS-14.
2026-04-13 15:55:12,676 [INFO] Starting SSH tunnel on WS-14...
2026-04-13 15:55:12,879 [INFO] WS-14: starting tunnel 8080:dynamics:8080 via rbansal66@sky1.cc.gatech.edu
2026-04-13 15:55:31,364 [INFO] Current operation still running. Controls will unlock shortly.
2026-04-13 15:55:33,272 [INFO] WS-14: tunnel start FAILED — 
2026-04-13 15:55:33,272 [INFO]   WS-14: ERROR: 
2026-04-13 15:55:33,372 [INFO] Start Tunnel complete.
2026-04-13 15:55:35,813 [INFO] Starting listener on WS-14...
2026-04-13 15:55:36,116 [INFO] WS-14: starting data listener; log /nethome/rbansal66/CS4803ARM_Lab/user_data/armory/logs/workstation_14-listener.log
2026-04-13 15:55:36,520 [INFO] WS-14: data listener already running (pid 210); log: /nethome/rbansal66/CS4803ARM_Lab/user_data/armory/logs/workstation_14-listener.log
2026-04-13 15:55:36,520 [INFO]   WS-14: data listener already running (pid 210); log: /nethome/rbansal66/CS4803ARM_Lab/u
2026-04-13 15:55:36,622 [INFO] Start Listener complete.
2026-04-13 15:55:41,492 [INFO] Starting client on WS-14...
2026-04-13 15:55:41,795 [INFO] WS-14: starting Piper client; log /nethome/rbansal66/CS4803ARM_Lab/user_data/armory/logs/workstation_14-client.log
2026-04-13 15:55:44,105 [INFO] WS-14: Piper client started (pid 772); log: /nethome/rbansal66/CS4803ARM_Lab/user_data/armory/logs/workstation_14-client.log
2026-04-13 15:55:44,105 [INFO]   WS-14: Piper client started (pid 772); log: /nethome/rbansal66/CS4803ARM_Lab/user_data/
2026-04-13 15:55:44,205 [INFO] Start Client complete.
2026-04-13 15:56:44,242 [INFO] Starting client on WS-14...
2026-04-13 15:56:44,748 [INFO] WS-14: starting Piper client; log /nethome/rbansal66/CS4803ARM_Lab/user_data/armory/logs/workstation_14-client.log
2026-04-13 15:56:45,152 [INFO] WS-14: Piper client already running (pid 772); log: /nethome/rbansal66/CS4803ARM_Lab/user_data/armory/logs/workstation_14-client.log
2026-04-13 15:56:45,152 [INFO]   WS-14: Piper client already running (pid 772); log: /nethome/rbansal66/CS4803ARM_Lab/us
2026-04-13 15:56:45,152 [INFO] Start Client complete.
2026-04-13 15:56:51,669 [INFO] Stopping client on WS-14...
2026-04-13 15:56:51,770 [INFO] WS-14: stopping Piper client
2026-04-13 15:56:52,880 [INFO] WS-14: Piper client stopped; log: /nethome/rbansal66/CS4803ARM_Lab/user_data/armory/logs/workstation_14-client.log
2026-04-13 15:56:52,880 [INFO]   WS-14: Piper client stopped; log: /nethome/rbansal66/CS4803ARM_Lab/user_data/armory/log
2026-04-13 15:56:52,981 [INFO] Stop Client complete.
2026-04-13 15:59:39,623 [INFO] Starting client on WS-14...
2026-04-13 15:59:40,227 [INFO] WS-14: starting Piper client; log /nethome/rbansal66/CS4803ARM_Lab/user_data/armory/logs/workstation_14-client.log
2026-04-13 15:59:42,637 [INFO] WS-14: Piper client started (pid 1188); log: /nethome/rbansal66/CS4803ARM_Lab/user_data/armory/logs/workstation_14-client.log
2026-04-13 15:59:42,637 [INFO]   WS-14: Piper client started (pid 1188); log: /nethome/rbansal66/CS4803ARM_Lab/user_data
2026-04-13 15:59:42,638 [INFO] Start Client complete.
2026-04-13 16:00:36,111 [INFO] Stopping client on WS-14...
2026-04-13 16:00:36,212 [INFO] WS-14: stopping Piper client
2026-04-13 16:00:37,218 [INFO] WS-14: Piper client stopped; log: /nethome/rbansal66/CS4803ARM_Lab/user_data/armory/logs/workstation_14-client.log
2026-04-13 16:00:37,218 [INFO]   WS-14: Piper client stopped; log: /nethome/rbansal66/CS4803ARM_Lab/user_data/armory/log
2026-04-13 16:00:37,218 [INFO] Stop Client complete.
2026-04-13 16:00:40,031 [INFO] Executing 'Goto Init' on WS-14...
2026-04-13 16:00:40,234 [INFO] WS-14: running 'p goto init'
2026-04-13 16:00:41,841 [INFO] WS-14: Go to init complete.
2026-04-13 16:00:41,942 [INFO] WS-14 err: bash: cannot set terminal process group (-1): Inappropriate ioctl for device
bash: no job control in this shell
2026-04-13 16:00:41,942 [INFO]   WS-14: Go to init complete.
2026-04-13 16:00:41,942 [INFO] WS-14 is ready. Runtime controls unlocked.
2026-04-13 16:00:41,942 [INFO] 'Goto Init' complete.
2026-04-13 16:01:02,499 [INFO] Starting client on WS-14...
2026-04-13 16:01:02,702 [INFO] WS-14: starting Piper client; log /nethome/rbansal66/CS4803ARM_Lab/user_data/armory/logs/workstation_14-client.log
2026-04-13 16:01:05,115 [INFO] WS-14: Piper client started (pid 1354); log: /nethome/rbansal66/CS4803ARM_Lab/user_data/armory/logs/workstation_14-client.log
2026-04-13 16:01:05,116 [INFO]   WS-14: Piper client started (pid 1354); log: /nethome/rbansal66/CS4803ARM_Lab/user_data
2026-04-13 16:01:05,116 [INFO] Start Client complete.
2026-04-13 16:02:37,776 [INFO] Stopping client on WS-14...
2026-04-13 16:02:37,977 [INFO] WS-14: stopping Piper client
2026-04-13 16:02:39,184 [INFO] WS-14: Piper client stopped; log: /nethome/rbansal66/CS4803ARM_Lab/user_data/armory/logs/workstation_14-client.log
2026-04-13 16:02:39,184 [INFO]   WS-14: Piper client stopped; log: /nethome/rbansal66/CS4803ARM_Lab/user_data/armory/log
2026-04-13 16:02:39,184 [INFO] Stop Client complete.
2026-04-13 16:02:43,769 [INFO] Executing 'Goto Init' on WS-14...
2026-04-13 16:02:44,177 [INFO] WS-14: running 'p goto init'
2026-04-13 16:02:45,885 [INFO] WS-14: Go to init complete.
2026-04-13 16:02:45,885 [INFO] WS-14 err: bash: cannot set terminal process group (-1): Inappropriate ioctl for device
bash: no job control in this shell
2026-04-13 16:02:45,885 [INFO]   WS-14: Go to init complete.
2026-04-13 16:02:45,885 [INFO] 'Goto Init' complete.
2026-04-13 16:03:09,791 [INFO] Unselected WS-14.
2026-04-13 16:03:11,202 [INFO] Selected WS-14.
2026-04-13 16:03:19,481 [INFO] Killing SSH tunnel on WS-14...
2026-04-13 16:03:19,683 [INFO] WS-14: killing tunnel for dynamics:8080
2026-04-13 16:03:19,885 [INFO] WS-14: tunnel kill FAILED — tunnel kill failed
2026-04-13 16:03:19,885 [INFO]   WS-14: ERROR: tunnel kill failed
2026-04-13 16:03:19,885 [INFO] Kill Tunnel complete.
2026-04-13 16:03:25,080 [INFO] Stopping listener on WS-14...
2026-04-13 16:03:25,283 [INFO] WS-14: stopping data listener
2026-04-13 16:03:26,390 [INFO] WS-14: data listener stopped; log: /nethome/rbansal66/CS4803ARM_Lab/user_data/armory/logs/workstation_14-listener.log
2026-04-13 16:03:26,390 [INFO]   WS-14: data listener stopped; log: /nethome/rbansal66/CS4803ARM_Lab/user_data/armory/lo
2026-04-13 16:03:26,390 [INFO] Stop Listener complete.
2026-04-13 16:03:27,895 [INFO] Unselected WS-14.
2026-04-13 16:03:28,297 [INFO] Selected WS-13.
2026-04-13 16:03:29,000 [INFO] Unselected WS-13.
2026-04-13 16:03:29,201 [INFO] Selected WS-13.
2026-04-13 16:03:29,402 [INFO] Unselected WS-13.
2026-04-13 16:03:29,605 [INFO] Selected WS-13.
2026-04-13 16:03:29,705 [INFO] Unselected WS-13.
2026-04-13 16:03:30,107 [INFO] Selected WS-13.
2026-04-13 16:03:34,625 [INFO] Starting listener on WS-13...
2026-04-13 16:03:35,129 [INFO] WS-13: starting data listener; log /nethome/rbansal66/CS4803ARM_Lab/user_data/armory/logs/workstation_13-listener.log
2026-04-13 16:03:37,646 [INFO] WS-13: data listener started (pid 87); log: /nethome/rbansal66/CS4803ARM_Lab/user_data/armory/logs/workstation_13-listener.log
2026-04-13 16:03:37,646 [INFO]   WS-13: data listener started (pid 87); log: /nethome/rbansal66/CS4803ARM_Lab/user_data/
2026-04-13 16:03:37,646 [INFO] Start Listener complete.
2026-04-13 16:03:41,153 [INFO] Executing 'Enable' on WS-13...
2026-04-13 16:03:41,458 [INFO] WS-13: running 'p enable'
2026-04-13 16:03:42,262 [INFO] WS-13: 使能成功!!!!
Piper enable sequence complete.
2026-04-13 16:03:42,262 [INFO] WS-13 err: bash: cannot set terminal process group (-1): Inappropriate ioctl for device
bash: no job control in this shell
bash: /p
2026-04-13 16:03:42,464 [INFO] WS-13: running 'p goto init'
2026-04-13 16:03:44,072 [INFO] WS-13: Go to init complete.
2026-04-13 16:03:44,072 [INFO] WS-13 err: bash: cannot set terminal process group (-1): Inappropriate ioctl for device
bash: no job control in this shell
2026-04-13 16:03:44,072 [INFO]   WS-13: Go to init complete.
2026-04-13 16:03:44,072 [INFO] WS-13 is ready. Runtime controls unlocked.
2026-04-13 16:03:44,072 [INFO] 'Enable' complete.
2026-04-13 16:07:49,224 [INFO] Unselected WS-13.
2026-04-13 16:07:50,027 [INFO] Selected WS-13.
2026-04-13 16:07:54,315 [INFO] Stopping listener on WS-13...
2026-04-13 16:07:54,416 [INFO] WS-13: stopping data listener
2026-04-13 16:07:55,626 [INFO] WS-13: data listener stopped; log: /nethome/rbansal66/CS4803ARM_Lab/user_data/armory/logs/workstation_13-listener.log
2026-04-13 16:07:55,626 [INFO]   WS-13: data listener stopped; log: /nethome/rbansal66/CS4803ARM_Lab/user_data/armory/lo
2026-04-13 16:07:55,626 [INFO] Stop Listener complete.
2026-04-13 16:07:59,845 [INFO] Unselected WS-13.
2026-04-13 16:08:01,050 [INFO] Selected WS-11.
2026-04-13 16:08:01,352 [INFO] Selected WS-12.
2026-04-13 16:08:01,653 [INFO] Selected WS-13.
2026-04-13 16:08:01,855 [INFO] Selected WS-14.
2026-04-13 16:08:03,560 [INFO] Unselected WS-14.
2026-04-13 16:08:03,762 [INFO] Unselected WS-13.
2026-04-13 16:08:04,063 [INFO] Unselected WS-12.
2026-04-13 16:08:04,466 [INFO] Unselected WS-11.
2026-04-13 16:10:44,228 [INFO] Selected WS-13.
2026-04-13 16:10:44,530 [INFO] Selected WS-14.
2026-04-13 16:10:49,757 [INFO] Goto Zero cancelled.
2026-04-13 16:10:52,317 [INFO] Executing 'Disable' on WS-13, WS-14...
2026-04-13 16:10:52,619 [INFO] WS-13: running 'p goto reset'
2026-04-13 16:10:52,924 [INFO] WS-14: running 'p goto reset'
2026-04-13 16:10:54,435 [INFO] WS-13: Go to reset complete.
2026-04-13 16:10:54,435 [INFO] WS-13 err: bash: cannot set terminal process group (-1): Inappropriate ioctl for device
bash: no job control in this shell
2026-04-13 16:10:54,536 [INFO] WS-14: Go to reset complete.
2026-04-13 16:10:54,536 [INFO] WS-14 err: bash: cannot set terminal process group (-1): Inappropriate ioctl for device
bash: no job control in this shell
2026-04-13 16:10:55,140 [INFO] WS-13: running 'p disable'
2026-04-13 16:10:55,342 [INFO] WS-14: running 'p disable'
2026-04-13 16:10:55,946 [INFO] WS-13: 失能成功!!!!
Piper disable sequence complete.
2026-04-13 16:10:56,047 [INFO] WS-13 err: bash: cannot set terminal process group (-1): Inappropriate ioctl for device
bash: no job control in this shell
2026-04-13 16:10:56,750 [INFO] WS-14: 失能成功!!!!
Piper disable sequence complete.
2026-04-13 16:10:56,750 [INFO] WS-14 err: bash: cannot set terminal process group (-1): Inappropriate ioctl for device
bash: no job control in this shell
2026-04-13 16:10:56,750 [INFO]   WS-13: 失能成功!!!!
Piper disable sequence complete.
2026-04-13 16:10:56,750 [INFO]   WS-14: 失能成功!!!!
Piper disable sequence complete.
2026-04-13 16:10:56,750 [INFO] WS-13, WS-14 is ready. Runtime controls unlocked.
2026-04-13 16:10:56,750 [INFO] 'Disable' complete.
2026-04-13 16:10:57,353 [INFO] Unselected WS-14.
2026-04-13 16:10:57,855 [INFO] Unselected WS-13.
2026-04-13 16:11:02,008 [INFO] Executing 'Enable' on WS-11, WS-12, WS-13, WS-14...
2026-04-13 16:11:02,413 [INFO] WS-11: running 'p enable'
2026-04-13 16:11:02,716 [INFO] WS-12: running 'p enable'
2026-04-13 16:11:03,120 [INFO] WS-13: running 'p enable'
2026-04-13 16:11:03,321 [INFO] WS-11: 使能成功!!!!
Piper enable sequence complete.
2026-04-13 16:11:03,321 [INFO] WS-11 err: bash: cannot set terminal process group (-1): Inappropriate ioctl for device
bash: no job control in this shell
bash: /p
2026-04-13 16:11:03,523 [INFO] WS-14: running 'p enable'
2026-04-13 16:11:03,524 [INFO] WS-12: 使能成功!!!!
Piper enable sequence complete.
2026-04-13 16:11:03,524 [INFO] WS-12 err: bash: cannot set terminal process group (-1): Inappropriate ioctl for device
bash: no job control in this shell
bash: /p
2026-04-13 16:11:04,027 [INFO] WS-13: 使能成功!!!!
Piper enable sequence complete.
2026-04-13 16:11:04,027 [INFO] WS-13 err: bash: cannot set terminal process group (-1): Inappropriate ioctl for device
bash: no job control in this shell
bash: /p
2026-04-13 16:11:04,229 [INFO] WS-14: 使能成功!!!!
Piper enable sequence complete.
2026-04-13 16:11:04,229 [INFO] WS-14 err: bash: cannot set terminal process group (-1): Inappropriate ioctl for device
bash: no job control in this shell
bash: /p
2026-04-13 16:11:04,631 [INFO] WS-11: running 'p goto init'
2026-04-13 16:11:04,833 [INFO] WS-12: running 'p goto init'
2026-04-13 16:11:05,135 [INFO] WS-13: running 'p goto init'
2026-04-13 16:11:05,639 [INFO] WS-14: running 'p goto init'
2026-04-13 16:11:06,648 [INFO] WS-11: Go to init complete.
2026-04-13 16:11:06,649 [INFO] WS-11 err: bash: cannot set terminal process group (-1): Inappropriate ioctl for device
bash: no job control in this shell
2026-04-13 16:11:06,649 [INFO] WS-12: Go to init complete.
2026-04-13 16:11:06,649 [INFO] WS-12 err: bash: cannot set terminal process group (-1): Inappropriate ioctl for device
bash: no job control in this shell
2026-04-13 16:11:06,953 [INFO] WS-13: Go to init complete.
2026-04-13 16:11:06,953 [INFO] WS-13 err: bash: cannot set terminal process group (-1): Inappropriate ioctl for device
bash: no job control in this shell
2026-04-13 16:11:07,455 [INFO] WS-14: Go to init complete.
2026-04-13 16:11:07,456 [INFO] WS-14 err: bash: cannot set terminal process group (-1): Inappropriate ioctl for device
bash: no job control in this shell
2026-04-13 16:11:07,557 [INFO]   WS-11: Go to init complete.
2026-04-13 16:11:07,557 [INFO]   WS-12: Go to init complete.
2026-04-13 16:11:07,557 [INFO]   WS-13: Go to init complete.
2026-04-13 16:11:07,557 [INFO]   WS-14: Go to init complete.
2026-04-13 16:11:07,557 [INFO] ALL is ready. Runtime controls unlocked.
2026-04-13 16:11:07,557 [INFO] 'Enable' complete.
2026-04-13 16:11:14,774 [INFO] Kill Tunnel cancelled.
2026-04-13 16:11:15,693 [INFO] Starting SSH tunnel on WS-11, WS-12, WS-13, WS-14...
2026-04-13 16:11:16,097 [INFO] WS-11: starting tunnel 8080:dynamics:8080 via rbansal66@sky1.cc.gatech.edu
2026-04-13 16:11:16,501 [INFO] WS-12: starting tunnel 8080:dynamics:8080 via rbansal66@sky1.cc.gatech.edu
2026-04-13 16:11:16,905 [INFO] WS-13: starting tunnel 8080:dynamics:8080 via rbansal66@sky1.cc.gatech.edu
2026-04-13 16:11:17,006 [INFO] WS-11: Tunnel started
2026-04-13 16:11:17,309 [INFO] WS-14: starting tunnel 8080:dynamics:8080 via rbansal66@sky1.cc.gatech.edu
2026-04-13 16:11:20,224 [INFO] Current operation still running. Controls will unlock shortly.
2026-04-13 16:11:33,281 [INFO] Current operation still running. Controls will unlock shortly.
2026-04-13 16:11:36,898 [INFO] WS-12: tunnel start FAILED — 
2026-04-13 16:11:37,400 [INFO] WS-13: tunnel start FAILED — 
2026-04-13 16:11:37,704 [INFO] WS-14: tunnel start FAILED — 
2026-04-13 16:11:37,804 [INFO]   WS-11: Tunnel started
2026-04-13 16:11:37,804 [INFO]   WS-12: ERROR: 
2026-04-13 16:11:37,805 [INFO]   WS-13: ERROR: 
2026-04-13 16:11:37,805 [INFO]   WS-14: ERROR: 
2026-04-13 16:11:37,805 [INFO] Start Tunnel complete.
2026-04-13 16:12:02,302 [INFO] Starting listener on WS-11, WS-12, WS-13, WS-14...
2026-04-13 16:12:04,724 [INFO] WS-11: starting data listener; log /nethome/rbansal66/CS4803ARM_Lab/user_data/armory/logs/workstation_11-listener.log
2026-04-13 16:12:04,926 [INFO] WS-12: starting data listener; log /nethome/rbansal66/CS4803ARM_Lab/user_data/armory/logs/workstation_12-listener.log
2026-04-13 16:12:05,029 [INFO] WS-13: starting data listener; log /nethome/rbansal66/CS4803ARM_Lab/user_data/armory/logs/workstation_13-listener.log
2026-04-13 16:12:05,333 [INFO] WS-14: starting data listener; log /nethome/rbansal66/CS4803ARM_Lab/user_data/armory/logs/workstation_14-listener.log
2026-04-13 16:12:07,544 [INFO] WS-12: data listener started (pid 209); log: /nethome/rbansal66/CS4803ARM_Lab/user_data/armory/logs/workstation_12-listener.log
2026-04-13 16:12:07,544 [INFO] WS-13: data listener started (pid 712); log: /nethome/rbansal66/CS4803ARM_Lab/user_data/armory/logs/workstation_13-listener.log
2026-04-13 16:12:07,544 [INFO] WS-11: data listener started (pid 211); log: /nethome/rbansal66/CS4803ARM_Lab/user_data/armory/logs/workstation_11-listener.log
2026-04-13 16:12:07,746 [INFO] WS-14: data listener started (pid 1792); log: /nethome/rbansal66/CS4803ARM_Lab/user_data/armory/logs/workstation_14-listener.log
2026-04-13 16:12:07,746 [INFO]   WS-11: data listener started (pid 211); log: /nethome/rbansal66/CS4803ARM_Lab/user_data
2026-04-13 16:12:07,746 [INFO]   WS-12: data listener started (pid 209); log: /nethome/rbansal66/CS4803ARM_Lab/user_data
2026-04-13 16:12:07,746 [INFO]   WS-13: data listener started (pid 712); log: /nethome/rbansal66/CS4803ARM_Lab/user_data
2026-04-13 16:12:07,746 [INFO]   WS-14: data listener started (pid 1792); log: /nethome/rbansal66/CS4803ARM_Lab/user_dat
2026-04-13 16:12:07,746 [INFO] Start Listener complete.
2026-04-13 16:12:13,470 [INFO] Starting client on WS-11, WS-12, WS-13, WS-14...
2026-04-13 16:12:14,578 [INFO] WS-11: starting Piper client; log /nethome/rbansal66/CS4803ARM_Lab/user_data/armory/logs/workstation_11-client.log
2026-04-13 16:12:14,679 [INFO] WS-12: starting Piper client; log /nethome/rbansal66/CS4803ARM_Lab/user_data/armory/logs/workstation_12-client.log
2026-04-13 16:12:14,780 [INFO] WS-13: starting Piper client; log /nethome/rbansal66/CS4803ARM_Lab/user_data/armory/logs/workstation_13-client.log
2026-04-13 16:12:14,781 [INFO] WS-14: starting Piper client; log /nethome/rbansal66/CS4803ARM_Lab/user_data/armory/logs/workstation_14-client.log
2026-04-13 16:12:16,492 [INFO] WS-11: Piper client started (pid 441); log: /nethome/rbansal66/CS4803ARM_Lab/user_data/armory/logs/workstation_11-client.log
2026-04-13 16:12:16,996 [INFO] WS-12: Piper client started (pid 439); log: /nethome/rbansal66/CS4803ARM_Lab/user_data/armory/logs/workstation_12-client.log
2026-04-13 16:12:16,996 [INFO] WS-13: Piper client started (pid 942); log: /nethome/rbansal66/CS4803ARM_Lab/user_data/armory/logs/workstation_13-client.log
2026-04-13 16:12:16,996 [INFO] WS-14: Piper client started (pid 2023); log: /nethome/rbansal66/CS4803ARM_Lab/user_data/armory/logs/workstation_14-client.log
2026-04-13 16:12:16,996 [INFO]   WS-11: Piper client started (pid 441); log: /nethome/rbansal66/CS4803ARM_Lab/user_data/
2026-04-13 16:12:16,996 [INFO]   WS-12: Piper client started (pid 439); log: /nethome/rbansal66/CS4803ARM_Lab/user_data/
2026-04-13 16:12:16,996 [INFO]   WS-13: Piper client started (pid 942); log: /nethome/rbansal66/CS4803ARM_Lab/user_data/
2026-04-13 16:12:16,996 [INFO]   WS-14: Piper client started (pid 2023); log: /nethome/rbansal66/CS4803ARM_Lab/user_data
2026-04-13 16:12:17,097 [INFO] Start Client complete.
2026-04-13 16:13:32,630 [INFO] Selected WS-11.
2026-04-13 16:13:48,319 [INFO] Stopping client on WS-11...
2026-04-13 16:13:48,420 [INFO] WS-11: stopping Piper client
2026-04-13 16:13:49,831 [INFO] WS-11: Piper client stopped; log: /nethome/rbansal66/CS4803ARM_Lab/user_data/armory/logs/workstation_11-client.log
2026-04-13 16:13:49,931 [INFO]   WS-11: Piper client stopped; log: /nethome/rbansal66/CS4803ARM_Lab/user_data/armory/log
2026-04-13 16:13:49,931 [INFO] Stop Client complete.
2026-04-13 16:13:53,119 [INFO] Starting client on WS-11...
2026-04-13 16:13:53,421 [INFO] WS-11: starting Piper client; log /nethome/rbansal66/CS4803ARM_Lab/user_data/armory/logs/workstation_11-client.log
2026-04-13 16:13:54,927 [INFO] WS-11: Piper client started (pid 547); log: /nethome/rbansal66/CS4803ARM_Lab/user_data/armory/logs/workstation_11-client.log
2026-04-13 16:13:54,927 [INFO]   WS-11: Piper client started (pid 547); log: /nethome/rbansal66/CS4803ARM_Lab/user_data/
2026-04-13 16:13:54,927 [INFO] Start Client complete.
2026-04-13 16:16:28,488 [INFO] Stopping client on WS-11...
2026-04-13 16:16:28,589 [INFO] WS-11: stopping Piper client
2026-04-13 16:16:29,698 [INFO] WS-11: Piper client stopped; log: /nethome/rbansal66/CS4803ARM_Lab/user_data/armory/logs/workstation_11-client.log
2026-04-13 16:16:29,699 [INFO]   WS-11: Piper client stopped; log: /nethome/rbansal66/CS4803ARM_Lab/user_data/armory/log
2026-04-13 16:16:29,699 [INFO] Stop Client complete.
2026-04-13 16:16:38,842 [INFO] Selected WS-14.
2026-04-13 16:16:39,344 [INFO] Unselected WS-14.
2026-04-13 16:16:40,049 [INFO] Unselected WS-11.
2026-04-13 16:16:43,384 [INFO] Stopping client on WS-11, WS-12, WS-13, WS-14...
2026-04-13 16:16:43,485 [INFO] WS-11: stopping Piper client
2026-04-13 16:16:43,586 [INFO] WS-12: stopping Piper client
2026-04-13 16:16:43,788 [INFO] WS-13: stopping Piper client
2026-04-13 16:16:43,990 [INFO] WS-14: stopping Piper client
2026-04-13 16:16:44,698 [INFO] WS-11: Piper client stopped; log: /nethome/rbansal66/CS4803ARM_Lab/user_data/armory/logs/workstation_11-client.log
2026-04-13 16:16:45,510 [INFO] WS-12: Piper client stopped; log: /nethome/rbansal66/CS4803ARM_Lab/user_data/armory/logs/workstation_12-client.log
2026-04-13 16:16:45,711 [INFO] WS-13: Piper client stopped; log: /nethome/rbansal66/CS4803ARM_Lab/user_data/armory/logs/workstation_13-client.log
2026-04-13 16:16:46,012 [INFO] WS-14: Piper client stopped; log: /nethome/rbansal66/CS4803ARM_Lab/user_data/armory/logs/workstation_14-client.log
2026-04-13 16:16:46,012 [INFO]   WS-11: Piper client stopped; log: /nethome/rbansal66/CS4803ARM_Lab/user_data/armory/log
2026-04-13 16:16:46,012 [INFO]   WS-12: Piper client stopped; log: /nethome/rbansal66/CS4803ARM_Lab/user_data/armory/log
2026-04-13 16:16:46,012 [INFO]   WS-13: Piper client stopped; log: /nethome/rbansal66/CS4803ARM_Lab/user_data/armory/log
2026-04-13 16:16:46,012 [INFO]   WS-14: Piper client stopped; log: /nethome/rbansal66/CS4803ARM_Lab/user_data/armory/log
2026-04-13 16:16:46,012 [INFO] Stop Client complete.
2026-04-13 16:17:55,193 [INFO] Stopping listener on WS-11, WS-12, WS-13, WS-14...
2026-04-13 16:17:55,395 [INFO] WS-11: stopping data listener
2026-04-13 16:17:55,496 [INFO] WS-12: stopping data listener
2026-04-13 16:17:55,697 [INFO] WS-13: stopping data listener
2026-04-13 16:17:55,898 [INFO] WS-14: stopping data listener
2026-04-13 16:17:57,413 [INFO] WS-11: data listener stopped; log: /nethome/rbansal66/CS4803ARM_Lab/user_data/armory/logs/workstation_11-listener.log
2026-04-13 16:17:57,413 [INFO] WS-12: data listener stopped; log: /nethome/rbansal66/CS4803ARM_Lab/user_data/armory/logs/workstation_12-listener.log
2026-04-13 16:17:57,715 [INFO] WS-13: data listener stopped; log: /nethome/rbansal66/CS4803ARM_Lab/user_data/armory/logs/workstation_13-listener.log
2026-04-13 16:17:58,217 [INFO] WS-14: data listener stopped; log: /nethome/rbansal66/CS4803ARM_Lab/user_data/armory/logs/workstation_14-listener.log
2026-04-13 16:17:58,217 [INFO]   WS-11: data listener stopped; log: /nethome/rbansal66/CS4803ARM_Lab/user_data/armory/lo
2026-04-13 16:17:58,217 [INFO]   WS-12: data listener stopped; log: /nethome/rbansal66/CS4803ARM_Lab/user_data/armory/lo
2026-04-13 16:17:58,217 [INFO]   WS-13: data listener stopped; log: /nethome/rbansal66/CS4803ARM_Lab/user_data/armory/lo
2026-04-13 16:17:58,217 [INFO]   WS-14: data listener stopped; log: /nethome/rbansal66/CS4803ARM_Lab/user_data/armory/lo
2026-04-13 16:17:58,217 [INFO] Stop Listener complete.
2026-04-13 16:18:01,441 [INFO] Killing SSH tunnel on WS-11, WS-12, WS-13, WS-14...
2026-04-13 16:18:02,047 [INFO] WS-11: killing tunnel for dynamics:8080
2026-04-13 16:18:02,249 [INFO] WS-11: tunnel kill FAILED — tunnel kill failed
2026-04-13 16:18:02,249 [INFO] WS-12: killing tunnel for dynamics:8080
2026-04-13 16:18:03,058 [INFO] WS-12: tunnel kill FAILED — tunnel kill failed
2026-04-13 16:18:03,059 [INFO] WS-13: killing tunnel for dynamics:8080
2026-04-13 16:18:03,361 [INFO] WS-13: tunnel kill FAILED — tunnel kill failed
2026-04-13 16:18:03,361 [INFO] WS-14: killing tunnel for dynamics:8080
2026-04-13 16:18:03,663 [INFO] WS-14: tunnel kill FAILED — tunnel kill failed
2026-04-13 16:18:03,664 [INFO]   WS-11: ERROR: tunnel kill failed
2026-04-13 16:18:03,664 [INFO]   WS-12: ERROR: tunnel kill failed
2026-04-13 16:18:03,664 [INFO]   WS-13: ERROR: tunnel kill failed
2026-04-13 16:18:03,664 [INFO]   WS-14: ERROR: tunnel kill failed
2026-04-13 16:18:03,664 [INFO] Kill Tunnel complete.
2026-04-13 16:18:12,872 [INFO] Goto Init cancelled.
2026-04-13 16:18:14,369 [INFO] Executing 'Disable' on WS-11, WS-12, WS-13, WS-14...
2026-04-13 16:18:14,571 [INFO] WS-11: running 'p goto reset'
2026-04-13 16:18:15,074 [INFO] WS-12: running 'p goto reset'
2026-04-13 16:18:15,276 [INFO] WS-13: running 'p goto reset'
2026-04-13 16:18:15,579 [INFO] WS-14: running 'p goto reset'
2026-04-13 16:18:16,485 [INFO] WS-11: Go to reset complete.
2026-04-13 16:18:16,485 [INFO] WS-11 err: bash: cannot set terminal process group (-1): Inappropriate ioctl for device
bash: no job control in this shell
2026-04-13 16:18:16,789 [INFO] WS-12: Go to reset complete.
2026-04-13 16:18:16,789 [INFO] WS-12 err: bash: cannot set terminal process group (-1): Inappropriate ioctl for device
bash: no job control in this shell
2026-04-13 16:18:16,991 [INFO] WS-13: Go to reset complete.
2026-04-13 16:18:16,991 [INFO] WS-13 err: bash: cannot set terminal process group (-1): Inappropriate ioctl for device
bash: no job control in this shell
2026-04-13 16:18:17,091 [INFO] WS-14: Go to reset complete.
2026-04-13 16:18:17,091 [INFO] WS-14 err: bash: cannot set terminal process group (-1): Inappropriate ioctl for device
bash: no job control in this shell
2026-04-13 16:18:17,695 [INFO] WS-11: running 'p disable'
2026-04-13 16:18:17,898 [INFO] WS-12: running 'p disable'
2026-04-13 16:18:18,099 [INFO] WS-13: running 'p disable'
2026-04-13 16:18:18,905 [INFO] WS-12: 失能成功!!!!
Piper disable sequence complete.
2026-04-13 16:18:18,905 [INFO] WS-12 err: bash: cannot set terminal process group (-1): Inappropriate ioctl for device
bash: no job control in this shell
2026-04-13 16:18:18,905 [INFO] WS-14: running 'p disable'
2026-04-13 16:18:19,007 [INFO] WS-11: 失能成功!!!!
Piper disable sequence complete.
2026-04-13 16:18:19,007 [INFO] WS-11 err: bash: cannot set terminal process group (-1): Inappropriate ioctl for device
bash: no job control in this shell
2026-04-13 16:18:19,612 [INFO] WS-14: 失能成功!!!!
Piper disable sequence complete.
2026-04-13 16:18:19,612 [INFO] WS-14 err: bash: cannot set terminal process group (-1): Inappropriate ioctl for device
bash: no job control in this shell
2026-04-13 16:18:19,814 [INFO] WS-13: 失能成功!!!!
Piper disable sequence complete.
2026-04-13 16:18:19,814 [INFO] WS-13 err: bash: cannot set terminal process group (-1): Inappropriate ioctl for device
bash: no job control in this shell
2026-04-13 16:18:19,814 [INFO]   WS-11: 失能成功!!!!
Piper disable sequence complete.
2026-04-13 16:18:19,814 [INFO]   WS-12: 失能成功!!!!
Piper disable sequence complete.
2026-04-13 16:18:19,814 [INFO]   WS-13: 失能成功!!!!
Piper disable sequence complete.
2026-04-13 16:18:19,814 [INFO]   WS-14: 失能成功!!!!
Piper disable sequence complete.
2026-04-13 16:18:19,814 [INFO] ALL is ready. Runtime controls unlocked.
2026-04-13 16:18:19,814 [INFO] 'Disable' complete.
2026-04-13 16:33:55,184 [INFO] ARMory dashboard started.
2026-04-13 16:33:55,184 [INFO] Querying workstation status...
2026-04-13 16:33:59,322 [INFO] WS-11: container running (booted)
2026-04-13 16:34:00,935 [INFO] WS-12: container running (booted)
2026-04-13 16:34:03,752 [INFO] WS-13: container running (booted)
2026-04-13 16:34:04,861 [INFO] WS-14: container running (booted)
2026-04-13 16:34:04,862 [INFO] ALL is ready. Runtime controls unlocked.
2026-04-13 16:34:04,862 [INFO] Status refresh complete.
2026-04-13 16:34:07,978 [INFO] Selected WS-11.
2026-04-13 16:34:08,380 [INFO] Unselected WS-11.
2026-04-13 16:34:09,083 [INFO] Selected WS-14.
2026-04-13 16:34:12,873 [INFO] Executing 'Enable' on WS-14...
2026-04-13 16:34:13,276 [INFO] WS-14: running 'p enable'
2026-04-13 16:34:14,282 [INFO] WS-14: 使能成功!!!!
Piper enable sequence complete.
2026-04-13 16:34:14,282 [INFO] WS-14 err: bash: cannot set terminal process group (-1): Inappropriate ioctl for device
bash: no job control in this shell
bash: /p
2026-04-13 16:34:14,483 [INFO] WS-14: running 'p goto init'
2026-04-13 16:34:16,093 [INFO] WS-14: Go to init complete.
2026-04-13 16:34:16,093 [INFO] WS-14 err: bash: cannot set terminal process group (-1): Inappropriate ioctl for device
bash: no job control in this shell
2026-04-13 16:34:16,093 [INFO]   WS-14: Go to init complete.
2026-04-13 16:34:16,093 [INFO] WS-14 is ready. Runtime controls unlocked.
2026-04-13 16:34:16,093 [INFO] 'Enable' complete.
2026-04-13 16:34:51,713 [INFO] Starting listener on WS-14...
2026-04-13 16:34:52,116 [INFO] WS-14: starting data listener; log /nethome/rbansal66/CS4803ARM_Lab/user_data/armory/logs/workstation_14-listener.log
2026-04-13 16:34:54,532 [INFO] WS-14: data listener started (pid 2395); log: /nethome/rbansal66/CS4803ARM_Lab/user_data/armory/logs/workstation_14-listener.log
2026-04-13 16:34:54,532 [INFO]   WS-14: data listener started (pid 2395); log: /nethome/rbansal66/CS4803ARM_Lab/user_dat
2026-04-13 16:34:54,532 [INFO] Start Listener complete.
2026-04-13 16:54:12,164 [INFO] Executing 'Goto Init' on WS-14...
2026-04-13 16:54:12,568 [INFO] WS-14: running 'p goto init'
2026-04-13 16:54:14,177 [INFO] WS-14: Go to init complete.
2026-04-13 16:54:14,177 [INFO] WS-14 err: bash: cannot set terminal process group (-1): Inappropriate ioctl for device
bash: no job control in this shell
2026-04-13 16:54:14,177 [INFO]   WS-14: Go to init complete.
2026-04-13 16:54:14,177 [INFO] 'Goto Init' complete.
2026-04-13 16:55:10,547 [INFO] Executing 'Disable' on WS-14...
2026-04-13 16:55:10,649 [INFO] WS-14: running 'p goto reset'
2026-04-13 16:55:12,256 [INFO] WS-14: Go to reset complete.
2026-04-13 16:55:12,256 [INFO] WS-14 err: bash: cannot set terminal process group (-1): Inappropriate ioctl for device
bash: no job control in this shell
2026-04-13 16:55:12,661 [INFO] WS-14: running 'p disable'
2026-04-13 16:55:13,968 [INFO] WS-14: 失能成功!!!!
Piper disable sequence complete.
2026-04-13 16:55:13,968 [INFO] WS-14 err: bash: cannot set terminal process group (-1): Inappropriate ioctl for device
bash: no job control in this shell
2026-04-13 16:55:13,968 [INFO]   WS-14: 失能成功!!!!
Piper disable sequence complete.
2026-04-13 16:55:13,968 [INFO] 'Disable' complete.
2026-04-13 17:44:45,417 [INFO] Unselected WS-14.
2026-04-13 17:44:50,848 [INFO] Selected WS-11.
2026-04-13 17:44:55,123 [INFO] Executing 'Enable' on WS-11...
2026-04-13 17:44:55,427 [INFO] WS-11: running 'p enable'
2026-04-13 17:44:56,432 [INFO] WS-11: 使能成功!!!!
Piper enable sequence complete.
2026-04-13 17:44:56,432 [INFO] WS-11 err: bash: cannot set terminal process group (-1): Inappropriate ioctl for device
bash: no job control in this shell
bash: /p
2026-04-13 17:44:56,837 [INFO] WS-11: running 'p goto init'
2026-04-13 17:44:58,446 [INFO] WS-11: Go to init complete.
2026-04-13 17:44:58,446 [INFO] WS-11 err: bash: cannot set terminal process group (-1): Inappropriate ioctl for device
bash: no job control in this shell
2026-04-13 17:44:58,446 [INFO]   WS-11: Go to init complete.
2026-04-13 17:44:58,446 [INFO] WS-11 is ready. Runtime controls unlocked.
2026-04-13 17:44:58,446 [INFO] 'Enable' complete.
2026-04-13 17:57:45,851 [INFO] Executing 'Disable' on WS-11...
2026-04-13 17:57:46,354 [INFO] WS-11: running 'p goto reset'
2026-04-13 17:57:48,267 [INFO] WS-11: Go to reset complete.
2026-04-13 17:57:48,267 [INFO] WS-11 err: bash: cannot set terminal process group (-1): Inappropriate ioctl for device
bash: no job control in this shell
2026-04-13 17:57:48,570 [INFO] WS-11: running 'p disable'
2026-04-13 17:57:50,176 [INFO] WS-11: 失能成功!!!!
Piper disable sequence complete.
2026-04-13 17:57:50,176 [INFO] WS-11 err: bash: cannot set terminal process group (-1): Inappropriate ioctl for device
bash: no job control in this shell
2026-04-13 17:57:50,176 [INFO]   WS-11: 失能成功!!!!
Piper disable sequence complete.
2026-04-13 17:57:50,176 [INFO] 'Disable' complete.
2026-04-13 18:12:53,145 [INFO] Executing 'Enable' on WS-11...
2026-04-13 18:12:53,752 [INFO] WS-11: running 'p enable'
2026-04-13 18:12:54,757 [INFO] WS-11: 使能成功!!!!
Piper enable sequence complete.
2026-04-13 18:12:54,757 [INFO] WS-11 err: bash: cannot set terminal process group (-1): Inappropriate ioctl for device
bash: no job control in this shell
bash: /p
2026-04-13 18:12:55,164 [INFO] WS-11: running 'p goto init'
2026-04-13 18:12:56,872 [INFO] WS-11: Go to init complete.
2026-04-13 18:12:56,872 [INFO] WS-11 err: bash: cannot set terminal process group (-1): Inappropriate ioctl for device
bash: no job control in this shell
2026-04-13 18:12:56,872 [INFO]   WS-11: Go to init complete.
2026-04-13 18:12:56,872 [INFO] 'Enable' complete.
2026-04-13 18:13:02,137 [INFO] Starting SSH tunnel on WS-11...
2026-04-13 18:13:02,442 [INFO] WS-11: starting tunnel 8080:dynamics:8080 via rbansal66@sky1.cc.gatech.edu
2026-04-13 18:13:03,748 [INFO] WS-11: Tunnel started
2026-04-13 18:13:03,748 [INFO]   WS-11: Tunnel started
2026-04-13 18:13:03,748 [INFO] Start Tunnel complete.
2026-04-13 18:13:10,850 [INFO] Starting listener on WS-11...
2026-04-13 18:13:11,152 [INFO] WS-11: starting data listener; log /nethome/rbansal66/CS4803ARM_Lab/user_data/armory/logs/workstation_11-listener.log
2026-04-13 18:13:11,957 [INFO] WS-11: data listener launch FAILED — data listener exited immediately; check log: /nethome/rbansal66/CS4803ARM_Lab/user_data/armory/logs/workstation_11-liste
2026-04-13 18:13:11,957 [INFO]   WS-11: ERROR: data listener exited immediately; check log: /nethome/rbansal66/CS4803ARM
2026-04-13 18:13:11,957 [INFO] Start Listener complete.
2026-04-13 18:13:33,369 [INFO] Killing SSH tunnel on WS-11...
2026-04-13 18:13:33,672 [INFO] WS-11: killing tunnel for dynamics:8080
2026-04-13 18:13:34,175 [INFO] WS-11: tunnel kill FAILED — tunnel kill failed
2026-04-13 18:13:34,176 [INFO]   WS-11: ERROR: tunnel kill failed
2026-04-13 18:13:34,176 [INFO] Kill Tunnel complete.
2026-04-13 18:13:39,580 [INFO] ARMory dashboard started.
2026-04-13 18:13:39,580 [INFO] Querying workstation status...
2026-04-13 18:13:43,409 [INFO] WS-11: container running (booted)
2026-04-13 18:13:45,122 [INFO] WS-12: container running (booted)
2026-04-13 18:13:47,539 [INFO] WS-13: container running (booted)
2026-04-13 18:13:49,757 [INFO] WS-14: container running (booted)
2026-04-13 18:13:49,857 [INFO] ALL is ready. Runtime controls unlocked.
2026-04-13 18:13:49,857 [INFO] Status refresh complete.
2026-04-13 18:13:53,818 [INFO] Starting listener on WS-11, WS-12, WS-13, WS-14...
2026-04-13 18:13:54,830 [INFO] WS-11: starting data listener; log /nethome/rbansal66/CS4803ARM_Lab/user_data/armory/logs/workstation_11-listener.log
2026-04-13 18:13:54,931 [INFO] WS-12: starting data listener; log /nethome/rbansal66/CS4803ARM_Lab/user_data/armory/logs/workstation_12-listener.log
2026-04-13 18:13:55,132 [INFO] WS-13: starting data listener; log /nethome/rbansal66/CS4803ARM_Lab/user_data/armory/logs/workstation_13-listener.log
2026-04-13 18:13:55,133 [INFO] WS-14: starting data listener; log /nethome/rbansal66/CS4803ARM_Lab/user_data/armory/logs/workstation_14-listener.log
2026-04-13 18:13:55,335 [INFO] WS-14: data listener already running (pid 2395); log: /nethome/rbansal66/CS4803ARM_Lab/user_data/armory/logs/workstation_14-listener.log
2026-04-13 18:13:55,435 [INFO] WS-11: data listener already running (pid 2238); log: /nethome/rbansal66/CS4803ARM_Lab/user_data/armory/logs/workstation_11-listener.log
2026-04-13 18:13:57,550 [INFO] WS-12: data listener started (pid 687); log: /nethome/rbansal66/CS4803ARM_Lab/user_data/armory/logs/workstation_12-listener.log
2026-04-13 18:13:57,651 [INFO] WS-13: data listener started (pid 1190); log: /nethome/rbansal66/CS4803ARM_Lab/user_data/armory/logs/workstation_13-listener.log
2026-04-13 18:13:57,751 [INFO]   WS-11: data listener already running (pid 2238); log: /nethome/rbansal66/CS4803ARM_Lab/
2026-04-13 18:13:57,751 [INFO]   WS-12: data listener started (pid 687); log: /nethome/rbansal66/CS4803ARM_Lab/user_data
2026-04-13 18:13:57,751 [INFO]   WS-13: data listener started (pid 1190); log: /nethome/rbansal66/CS4803ARM_Lab/user_dat
2026-04-13 18:13:57,751 [INFO]   WS-14: data listener already running (pid 2395); log: /nethome/rbansal66/CS4803ARM_Lab/
2026-04-13 18:13:57,751 [INFO] Start Listener complete.
2026-04-13 18:14:04,297 [INFO] Stopping listener on WS-11, WS-12, WS-13, WS-14...
2026-04-13 18:14:04,398 [INFO] WS-11: stopping data listener
2026-04-13 18:14:04,802 [INFO] WS-12: stopping data listener
2026-04-13 18:14:04,903 [INFO] WS-13: stopping data listener
2026-04-13 18:14:04,904 [INFO] WS-14: stopping data listener
2026-04-13 18:14:06,015 [INFO] WS-11: data listener stopped; log: /nethome/rbansal66/CS4803ARM_Lab/user_data/armory/logs/workstation_11-listener.log
2026-04-13 18:14:06,116 [INFO] WS-12: data listener stopped; log: /nethome/rbansal66/CS4803ARM_Lab/user_data/armory/logs/workstation_12-listener.log
2026-04-13 18:14:06,317 [INFO] WS-13: data listener stopped; log: /nethome/rbansal66/CS4803ARM_Lab/user_data/armory/logs/workstation_13-listener.log
2026-04-13 18:14:06,719 [INFO] WS-14: data listener stopped; log: /nethome/rbansal66/CS4803ARM_Lab/user_data/armory/logs/workstation_14-listener.log
2026-04-13 18:14:06,719 [INFO]   WS-11: data listener stopped; log: /nethome/rbansal66/CS4803ARM_Lab/user_data/armory/lo
2026-04-13 18:14:06,819 [INFO]   WS-12: data listener stopped; log: /nethome/rbansal66/CS4803ARM_Lab/user_data/armory/lo
2026-04-13 18:14:06,819 [INFO]   WS-13: data listener stopped; log: /nethome/rbansal66/CS4803ARM_Lab/user_data/armory/lo
2026-04-13 18:14:06,819 [INFO]   WS-14: data listener stopped; log: /nethome/rbansal66/CS4803ARM_Lab/user_data/armory/lo
2026-04-13 18:14:06,819 [INFO] Stop Listener complete.
2026-04-13 18:14:07,924 [INFO] Selected WS-11.
2026-04-13 18:14:12,537 [INFO] Starting listener on WS-11...
2026-04-13 18:14:13,042 [INFO] WS-11: starting data listener; log /nethome/rbansal66/CS4803ARM_Lab/user_data/armory/logs/workstation_11-listener.log
2026-04-13 18:14:15,456 [INFO] WS-11: data listener started (pid 2314); log: /nethome/rbansal66/CS4803ARM_Lab/user_data/armory/logs/workstation_11-listener.log
2026-04-13 18:14:15,556 [INFO]   WS-11: data listener started (pid 2314); log: /nethome/rbansal66/CS4803ARM_Lab/user_dat
2026-04-13 18:14:15,556 [INFO] Start Listener complete.
2026-04-13 18:14:24,756 [INFO] Client menu closed.
2026-04-13 18:14:27,418 [INFO] Starting SSH tunnel on WS-11...
2026-04-13 18:14:27,721 [INFO] WS-11: starting tunnel 8080:dynamics:8080 via rbansal66@sky1.cc.gatech.edu
2026-04-13 18:14:29,232 [INFO] WS-11: Tunnel started
2026-04-13 18:14:29,232 [INFO]   WS-11: Tunnel started
2026-04-13 18:14:29,232 [INFO] Start Tunnel complete.
2026-04-13 18:14:32,650 [INFO] Starting client on WS-11...
2026-04-13 18:14:33,154 [INFO] WS-11: starting Piper client; log /nethome/rbansal66/CS4803ARM_Lab/user_data/armory/logs/workstation_11-client.log
2026-04-13 18:14:35,464 [INFO] WS-11: Piper client started (pid 2544); log: /nethome/rbansal66/CS4803ARM_Lab/user_data/armory/logs/workstation_11-client.log
2026-04-13 18:14:35,465 [INFO]   WS-11: Piper client started (pid 2544); log: /nethome/rbansal66/CS4803ARM_Lab/user_data
2026-04-13 18:14:35,465 [INFO] Start Client complete.
2026-04-13 18:14:40,861 [INFO] ARMory dashboard started.
2026-04-13 18:14:40,861 [INFO] Querying workstation status...
2026-04-13 18:14:44,596 [INFO] WS-11: container running (booted)
2026-04-13 18:14:46,009 [INFO] WS-12: container running (booted)
2026-04-13 18:14:47,323 [INFO] WS-13: container running (booted)
2026-04-13 18:14:50,140 [INFO] WS-14: container running (booted)
2026-04-13 18:14:50,141 [INFO] ALL is ready. Runtime controls unlocked.
2026-04-13 18:14:50,141 [INFO] Status refresh complete.
2026-04-13 18:14:51,046 [INFO] Selected WS-11.
2026-04-13 18:15:00,322 [INFO] Stopping client on WS-11...
2026-04-13 18:15:00,423 [INFO] WS-11: stopping Piper client
2026-04-13 18:15:01,230 [INFO] WS-11: Piper client stopped; log: /nethome/rbansal66/CS4803ARM_Lab/user_data/armory/logs/workstation_11-client.log
2026-04-13 18:15:01,230 [INFO]   WS-11: Piper client stopped; log: /nethome/rbansal66/CS4803ARM_Lab/user_data/armory/log
2026-04-13 18:15:01,230 [INFO] Stop Client complete.
2026-04-13 18:15:17,296 [INFO] Unselected WS-11.
2026-04-13 18:15:18,301 [INFO] Selected WS-11.
2026-04-13 18:15:20,532 [INFO] Executing 'Disable' on WS-11...
2026-04-13 18:15:20,734 [INFO] WS-11: running 'p goto reset'
2026-04-13 18:15:22,442 [INFO] WS-11: Go to reset complete.
2026-04-13 18:15:22,442 [INFO] WS-11 err: bash: cannot set terminal process group (-1): Inappropriate ioctl for device
bash: no job control in this shell
2026-04-13 18:15:22,845 [INFO] WS-11: running 'p disable'
2026-04-13 18:15:23,953 [INFO] WS-11: 失能成功!!!!
Piper disable sequence complete.
2026-04-13 18:15:23,953 [INFO] WS-11 err: bash: cannot set terminal process group (-1): Inappropriate ioctl for device
bash: no job control in this shell
2026-04-13 18:15:23,953 [INFO]   WS-11: 失能成功!!!!
Piper disable sequence complete.
2026-04-13 18:15:23,953 [INFO] WS-11 is ready. Runtime controls unlocked.
2026-04-13 18:15:23,953 [INFO] 'Disable' complete.
2026-04-13 18:16:00,699 [INFO] Disabling, killing tunnels, and shutting down WS-11...
2026-04-13 18:16:01,001 [INFO] WS-11: running 'p goto reset'
2026-04-13 18:16:02,710 [INFO] WS-11: Go to reset complete.
2026-04-13 18:16:02,710 [INFO] WS-11 err: bash: cannot set terminal process group (-1): Inappropriate ioctl for device
bash: no job control in this shell
2026-04-13 18:16:03,013 [INFO] WS-11: running 'p disable'
2026-04-13 18:16:04,522 [INFO] WS-11: 失能成功!!!!
Piper disable sequence complete.
2026-04-13 18:16:04,522 [INFO] WS-11 err: bash: cannot set terminal process group (-1): Inappropriate ioctl for device
bash: no job control in this shell
2026-04-13 18:16:04,623 [INFO] WS-11: killing tunnel for dynamics:8080
2026-04-13 18:16:04,925 [INFO] WS-11: tunnel kill FAILED — tunnel kill failed
2026-04-13 18:16:05,428 [INFO] WS-11: stopping Docker container...
2026-04-13 18:16:05,931 [INFO] WS-11: shutdown complete
2026-04-13 18:16:05,931 [INFO]   WS-11: Reset: Go to reset complete.; Disable: 失能成功!!!!
Piper disable sequence complete.
2026-04-13 18:16:05,931 [INFO] Shutdown complete.
2026-04-13 18:16:09,945 [INFO] Unselected WS-11.
2026-04-13 18:16:10,950 [INFO] Selected WS-12.
2026-04-13 18:16:11,252 [INFO] Selected WS-13.
2026-04-13 18:16:11,456 [INFO] Selected WS-14.
2026-04-13 18:16:14,243 [INFO] Disabling, killing tunnels, and shutting down WS-12, WS-13, WS-14...
2026-04-13 18:16:14,546 [INFO] WS-12: running 'p goto reset'
2026-04-13 18:16:14,747 [INFO] WS-13: running 'p goto reset'
2026-04-13 18:16:14,849 [INFO] WS-14: running 'p goto reset'
2026-04-13 18:16:16,154 [INFO] WS-12: Go to reset complete.
2026-04-13 18:16:16,154 [INFO] WS-12 err: bash: cannot set terminal process group (-1): Inappropriate ioctl for device
bash: no job control in this shell
2026-04-13 18:16:16,356 [INFO] WS-13: Go to reset complete.
2026-04-13 18:16:16,356 [INFO] WS-13 err: bash: cannot set terminal process group (-1): Inappropriate ioctl for device
bash: no job control in this shell
2026-04-13 18:16:16,557 [INFO] WS-14: Go to reset complete.
2026-04-13 18:16:16,557 [INFO] WS-14 err: bash: cannot set terminal process group (-1): Inappropriate ioctl for device
bash: no job control in this shell
2026-04-13 18:16:16,759 [INFO] WS-12: running 'p disable'
2026-04-13 18:16:16,961 [INFO] WS-13: running 'p disable'
2026-04-13 18:16:17,565 [INFO] WS-14: running 'p disable'
2026-04-13 18:16:17,770 [INFO] WS-13: 失能成功!!!!
Piper disable sequence complete.
2026-04-13 18:16:17,770 [INFO] WS-13 err: bash: cannot set terminal process group (-1): Inappropriate ioctl for device
bash: no job control in this shell
2026-04-13 18:16:18,173 [INFO] WS-12: 失能成功!!!!
Piper disable sequence complete.
2026-04-13 18:16:18,173 [INFO] WS-12 err: bash: cannot set terminal process group (-1): Inappropriate ioctl for device
bash: no job control in this shell
2026-04-13 18:16:18,976 [INFO] WS-14: 失能成功!!!!
Piper disable sequence complete.
2026-04-13 18:16:18,976 [INFO] WS-14 err: bash: cannot set terminal process group (-1): Inappropriate ioctl for device
bash: no job control in this shell
2026-04-13 18:16:19,279 [INFO] WS-12: killing tunnel for dynamics:8080
2026-04-13 18:16:19,481 [INFO] WS-12: tunnel kill FAILED — tunnel kill failed
2026-04-13 18:16:19,482 [INFO] WS-13: killing tunnel for dynamics:8080
2026-04-13 18:16:19,985 [INFO] WS-13: tunnel kill FAILED — tunnel kill failed
2026-04-13 18:16:19,985 [INFO] WS-14: killing tunnel for dynamics:8080
2026-04-13 18:16:20,491 [INFO] WS-14: tunnel kill FAILED — tunnel kill failed
2026-04-13 18:16:20,595 [INFO] WS-12: stopping Docker container...
2026-04-13 18:16:20,797 [INFO] WS-13: stopping Docker container...
2026-04-13 18:16:20,901 [INFO] WS-12: shutdown complete
2026-04-13 18:16:21,103 [INFO] WS-14: stopping Docker container...
2026-04-13 18:16:21,204 [INFO] WS-13: shutdown complete
2026-04-13 18:16:21,507 [INFO] WS-14: shutdown complete
2026-04-13 18:16:21,507 [INFO]   WS-12: Reset: Go to reset complete.; Disable: 失能成功!!!!
Piper disable sequence complete.
2026-04-13 18:16:21,507 [INFO]   WS-13: Reset: Go to reset complete.; Disable: 失能成功!!!!
Piper disable sequence complete.
2026-04-13 18:16:21,507 [INFO]   WS-14: Reset: Go to reset complete.; Disable: 失能成功!!!!
Piper disable sequence complete.
2026-04-13 18:16:21,507 [INFO] Shutdown complete.
2026-04-13 18:16:23,616 [INFO] Unselected WS-14.
2026-04-13 18:16:23,918 [INFO] Unselected WS-13.
2026-04-13 18:16:24,220 [INFO] Unselected WS-12.
2026-04-13 18:16:25,325 [INFO] Selected WS-11.
2026-04-13 18:16:30,851 [INFO] Booting WS-11...
2026-04-13 18:16:31,658 [INFO] WS-11: starting Docker container...
2026-04-13 18:16:32,161 [INFO] WS-11: 45c05b4b1d303e0658d56fb676f162b15528e9db955a42daef823865e4064759
2026-04-13 18:16:34,371 [INFO] WS-11: container up, running entrypoint...
2026-04-13 18:16:34,572 [INFO] WS-11: boot successful
2026-04-13 18:16:34,572 [INFO]   WS-11: Boot successful
2026-04-13 18:16:34,572 [INFO] WS-11 is ready. Runtime controls unlocked.
2026-04-13 18:16:34,572 [INFO] Boot complete.
2026-04-13 18:16:41,547 [INFO] Executing 'Enable' on WS-11...
2026-04-13 18:16:41,850 [INFO] WS-11: running 'p enable'
2026-04-13 18:16:42,659 [INFO] WS-11: 使能成功!!!!
Piper enable sequence complete.
2026-04-13 18:16:42,659 [INFO] WS-11 err: bash: cannot set terminal process group (-1): Inappropriate ioctl for device
bash: no job control in this shell
bash: /p
2026-04-13 18:16:42,961 [INFO] WS-11: running 'p goto init'
2026-04-13 18:16:44,670 [INFO] WS-11: Go to init complete.
2026-04-13 18:16:44,670 [INFO] WS-11 err: bash: cannot set terminal process group (-1): Inappropriate ioctl for device
bash: no job control in this shell
2026-04-13 18:16:44,670 [INFO]   WS-11: Go to init complete.
2026-04-13 18:16:44,670 [INFO] 'Enable' complete.
2026-04-13 18:16:47,604 [INFO] Starting SSH tunnel on WS-11...
2026-04-13 18:16:48,006 [INFO] WS-11: starting tunnel 8080:dynamics:8080 via rbansal66@sky1.cc.gatech.edu
2026-04-13 18:16:50,017 [INFO] WS-11: Tunnel started
2026-04-13 18:16:50,017 [INFO]   WS-11: Tunnel started
2026-04-13 18:16:50,017 [INFO] Start Tunnel complete.
2026-04-13 18:16:53,363 [INFO] Starting listener on WS-11...
2026-04-13 18:16:53,769 [INFO] WS-11: starting data listener; log /nethome/rbansal66/CS4803ARM_Lab/user_data/armory/logs/workstation_11-listener.log
2026-04-13 18:16:56,178 [INFO] WS-11: data listener started (pid 224); log: /nethome/rbansal66/CS4803ARM_Lab/user_data/armory/logs/workstation_11-listener.log
2026-04-13 18:16:56,178 [INFO]   WS-11: data listener started (pid 224); log: /nethome/rbansal66/CS4803ARM_Lab/user_data
2026-04-13 18:16:56,178 [INFO] Start Listener complete.
2026-04-13 18:17:10,531 [INFO] Starting client on WS-11...
2026-04-13 18:17:11,035 [INFO] WS-11: starting Piper client; log /nethome/rbansal66/CS4803ARM_Lab/user_data/armory/logs/workstation_11-client.log
2026-04-13 18:17:13,147 [INFO] WS-11: Piper client launch FAILED — Piper client launch failed
2026-04-13 18:17:17,958 [INFO] ARMory dashboard started.
2026-04-13 18:17:17,958 [INFO] Querying workstation status...
2026-04-13 18:17:21,997 [INFO] WS-11: container running (booted)
2026-04-13 18:17:23,710 [INFO] WS-12: container not running (offline)
2026-04-13 18:17:25,429 [INFO] WS-13: container not running (offline)
2026-04-13 18:17:27,441 [INFO] WS-14: container not running (offline)
2026-04-13 18:17:27,441 [INFO] Status refresh complete.
2026-04-13 18:17:35,374 [INFO] Selected WS-11.
2026-04-13 18:17:42,596 [INFO] Stopping client on WS-11...
2026-04-13 18:17:42,797 [INFO] WS-11: stopping Piper client
2026-04-13 18:17:44,003 [INFO] WS-11: Piper client stopped; log: /nethome/rbansal66/CS4803ARM_Lab/user_data/armory/logs/workstation_11-client.log
2026-04-13 18:17:44,003 [INFO]   WS-11: Piper client stopped; log: /nethome/rbansal66/CS4803ARM_Lab/user_data/armory/log
2026-04-13 18:17:44,003 [INFO] Stop Client complete.
2026-04-13 18:35:20,012 [INFO] Executing 'Enable' on WS-11...
2026-04-13 18:35:20,214 [INFO] WS-11: running 'p enable'
2026-04-13 18:35:21,320 [INFO] WS-11: 使能成功!!!!
Piper enable sequence complete.
2026-04-13 18:35:21,320 [INFO] WS-11 err: bash: cannot set terminal process group (-1): Inappropriate ioctl for device
bash: no job control in this shell
bash: /p
2026-04-13 18:35:21,824 [INFO] WS-11: running 'p goto init'
2026-04-13 18:35:23,534 [INFO] WS-11: Go to init complete.
2026-04-13 18:35:23,535 [INFO] WS-11 err: bash: cannot set terminal process group (-1): Inappropriate ioctl for device
bash: no job control in this shell
2026-04-13 18:35:23,636 [INFO]   WS-11: Go to init complete.
2026-04-13 18:35:23,636 [INFO] WS-11 is ready. Runtime controls unlocked.
2026-04-13 18:35:23,736 [INFO] 'Enable' complete.
2026-04-13 18:36:24,981 [INFO] Killing SSH tunnel on WS-11...
2026-04-13 18:36:25,182 [INFO] WS-11: killing tunnel for dynamics:8080
2026-04-13 18:36:25,284 [INFO] WS-11: tunnel kill FAILED — tunnel kill failed
2026-04-13 18:36:25,284 [INFO]   WS-11: ERROR: tunnel kill failed
2026-04-13 18:36:25,284 [INFO] Kill Tunnel complete.
2026-04-13 18:39:02,910 [INFO] Disabling, killing tunnels, and shutting down WS-11...
2026-04-13 18:39:03,314 [INFO] WS-11: running 'p goto reset'
2026-04-13 18:39:05,024 [INFO] WS-11: Go to reset complete.
2026-04-13 18:39:05,124 [INFO] WS-11 err: bash: cannot set terminal process group (-1): Inappropriate ioctl for device
bash: no job control in this shell
2026-04-13 18:39:05,629 [INFO] WS-11: running 'p disable'
2026-04-13 18:39:07,239 [INFO] WS-11: 失能成功!!!!
Piper disable sequence complete.
2026-04-13 18:39:07,239 [INFO] WS-11 err: bash: cannot set terminal process group (-1): Inappropriate ioctl for device
bash: no job control in this shell
2026-04-13 18:39:07,441 [INFO] WS-11: killing tunnel for dynamics:8080
2026-04-13 18:39:07,745 [INFO] WS-11: tunnel kill FAILED — tunnel kill failed
2026-04-13 18:39:08,250 [INFO] WS-11: stopping Docker container...
2026-04-13 18:39:09,053 [INFO] WS-11: shutdown complete
2026-04-13 18:39:09,053 [INFO]   WS-11: Reset: Go to reset complete.; Disable: 失能成功!!!!
Piper disable sequence complete.
2026-04-13 18:39:09,054 [INFO] Shutdown complete.
2026-04-14 20:10:18,834 [INFO] ARMory dashboard started.
2026-04-14 20:10:18,834 [INFO] Querying workstation status...
2026-04-14 20:10:21,855 [INFO] WS-11: container running (booted)
2026-04-14 20:10:24,483 [INFO] WS-12: container not running (offline)
2026-04-14 20:10:26,296 [INFO] WS-13: container not running (offline)
2026-04-14 20:10:27,706 [INFO] WS-14: container not running (offline)
2026-04-14 20:10:27,706 [INFO] Status refresh complete.
2026-04-14 20:10:30,015 [INFO] Selected WS-11.
2026-04-14 20:10:38,723 [INFO] Starting listener on WS-11...
2026-04-14 20:10:39,432 [INFO] WS-11: starting data listener; log /nethome/rbansal66/CS4803ARM_Lab/user_data/armory/logs/workstation_11-listener.log
2026-04-14 20:10:41,947 [INFO] WS-11: data listener started (pid 7710); log: /nethome/rbansal66/CS4803ARM_Lab/user_data/armory/logs/workstation_11-listener.log
2026-04-14 20:10:42,047 [INFO]   WS-11: data listener started (pid 7710); log: /nethome/rbansal66/CS4803ARM_Lab/user_dat
2026-04-14 20:10:42,047 [INFO] Start Listener complete.
2026-04-14 20:10:46,683 [INFO] Starting SSH tunnel on WS-11...
2026-04-14 20:10:46,987 [INFO] WS-11: starting tunnel 8080:dave:8080 via rbansal66@sky1.cc.gatech.edu
2026-04-14 20:11:07,478 [INFO] WS-11: tunnel start FAILED — 
2026-04-14 20:11:07,579 [INFO]   WS-11: ERROR: 
2026-04-14 20:11:07,579 [INFO] Start Tunnel complete.
2026-04-14 20:11:41,308 [INFO] Starting client on WS-11...
2026-04-14 20:11:41,710 [INFO] WS-11: starting Piper client; log /nethome/rbansal66/CS4803ARM_Lab/user_data/armory/logs/workstation_11-client.log
2026-04-14 20:11:44,022 [INFO] WS-11: Piper client started (pid 7938); log: /nethome/rbansal66/CS4803ARM_Lab/user_data/armory/logs/workstation_11-client.log
2026-04-14 20:11:44,022 [INFO]   WS-11: Piper client started (pid 7938); log: /nethome/rbansal66/CS4803ARM_Lab/user_data
2026-04-14 20:11:44,022 [INFO] Start Client complete.
2026-04-14 20:12:19,892 [INFO] Stopping client on WS-11...
2026-04-14 20:12:20,194 [INFO] WS-11: stopping Piper client
2026-04-14 20:12:21,503 [INFO] WS-11: Piper client stopped; log: /nethome/rbansal66/CS4803ARM_Lab/user_data/armory/logs/workstation_11-client.log
2026-04-14 20:12:21,503 [INFO]   WS-11: Piper client stopped; log: /nethome/rbansal66/CS4803ARM_Lab/user_data/armory/log
2026-04-14 20:12:21,503 [INFO] Stop Client complete.
2026-04-14 20:12:42,085 [INFO] Executing 'Goto Init' on WS-11...
2026-04-14 20:12:42,387 [INFO] WS-11: running 'p goto init'
2026-04-14 20:12:44,097 [INFO] WS-11: Go to init complete.
2026-04-14 20:12:44,097 [INFO] WS-11 err: bash: cannot set terminal process group (-1): Inappropriate ioctl for device
bash: no job control in this shell
2026-04-14 20:12:44,097 [INFO]   WS-11: Go to init complete.
2026-04-14 20:12:44,098 [INFO] WS-11 is ready. Runtime controls unlocked.
2026-04-14 20:12:44,098 [INFO] 'Goto Init' complete.
2026-04-14 20:13:57,429 [INFO] Starting client on WS-11...
2026-04-14 20:13:57,833 [INFO] WS-11: starting Piper client; log /nethome/rbansal66/CS4803ARM_Lab/user_data/armory/logs/workstation_11-client.log
2026-04-14 20:13:57,834 [INFO] Current operation still running. Controls will unlock shortly.
2026-04-14 20:14:00,143 [INFO] WS-11: Piper client started (pid 8107); log: /nethome/rbansal66/CS4803ARM_Lab/user_data/armory/logs/workstation_11-client.log
2026-04-14 20:14:00,143 [INFO]   WS-11: Piper client started (pid 8107); log: /nethome/rbansal66/CS4803ARM_Lab/user_data
2026-04-14 20:14:00,143 [INFO] Start Client complete.
2026-04-14 20:14:30,134 [INFO] Starting client on WS-11...
2026-04-14 20:14:30,739 [INFO] WS-11: starting Piper client; log /nethome/rbansal66/CS4803ARM_Lab/user_data/armory/logs/workstation_11-client.log
2026-04-14 20:14:31,246 [INFO] WS-11: Piper client already running (pid 8107); log: /nethome/rbansal66/CS4803ARM_Lab/user_data/armory/logs/workstation_11-client.log
2026-04-14 20:14:31,246 [INFO]   WS-11: Piper client already running (pid 8107); log: /nethome/rbansal66/CS4803ARM_Lab/u
2026-04-14 20:14:31,247 [INFO] Start Client complete.
2026-04-14 20:14:36,926 [INFO] Stopping client on WS-11...
2026-04-14 20:14:37,026 [INFO] WS-11: stopping Piper client
2026-04-14 20:14:38,034 [INFO] WS-11: Piper client stopped; log: /nethome/rbansal66/CS4803ARM_Lab/user_data/armory/logs/workstation_11-client.log
2026-04-14 20:14:38,035 [INFO]   WS-11: Piper client stopped; log: /nethome/rbansal66/CS4803ARM_Lab/user_data/armory/log
2026-04-14 20:14:38,035 [INFO] Stop Client complete.
2026-04-14 20:14:41,430 [INFO] Stopping client on WS-11...
2026-04-14 20:14:41,631 [INFO] WS-11: stopping Piper client
2026-04-14 20:14:42,438 [INFO] WS-11: Piper client stopped; log: /nethome/rbansal66/CS4803ARM_Lab/user_data/armory/logs/workstation_11-client.log
2026-04-14 20:14:42,438 [INFO]   WS-11: Piper client stopped; log: /nethome/rbansal66/CS4803ARM_Lab/user_data/armory/log
2026-04-14 20:14:42,438 [INFO] Stop Client complete.
2026-04-14 20:15:41,510 [INFO] Starting client on WS-11...
2026-04-14 20:15:41,913 [INFO] WS-11: starting Piper client; log /nethome/rbansal66/CS4803ARM_Lab/user_data/armory/logs/workstation_11-client.log
2026-04-14 20:15:44,328 [INFO] WS-11: Piper client started (pid 8446); log: /nethome/rbansal66/CS4803ARM_Lab/user_data/armory/logs/workstation_11-client.log
2026-04-14 20:15:44,328 [INFO]   WS-11: Piper client started (pid 8446); log: /nethome/rbansal66/CS4803ARM_Lab/user_data
2026-04-14 20:15:44,328 [INFO] Start Client complete.
2026-04-14 20:16:25,358 [INFO] Stopping client on WS-11...
2026-04-14 20:16:25,460 [INFO] WS-11: stopping Piper client
2026-04-14 20:16:26,568 [INFO] WS-11: Piper client stopped; log: /nethome/rbansal66/CS4803ARM_Lab/user_data/armory/logs/workstation_11-client.log
2026-04-14 20:16:26,668 [INFO]   WS-11: Piper client stopped; log: /nethome/rbansal66/CS4803ARM_Lab/user_data/armory/log
2026-04-14 20:16:26,668 [INFO] Stop Client complete.
2026-04-14 20:20:06,152 [INFO] Stopping listener on WS-11...
2026-04-14 20:20:06,454 [INFO] WS-11: stopping data listener
2026-04-14 20:20:07,563 [INFO] WS-11: data listener stopped; log: /nethome/rbansal66/CS4803ARM_Lab/user_data/armory/logs/workstation_11-listener.log
2026-04-14 20:20:07,563 [INFO]   WS-11: data listener stopped; log: /nethome/rbansal66/CS4803ARM_Lab/user_data/armory/lo
2026-04-14 20:20:07,563 [INFO] Stop Listener complete.
2026-04-14 20:20:29,912 [INFO] Kill Tunnel cancelled.
2026-04-14 20:30:04,637 [INFO] Executing 'Goto Init' on WS-11...
2026-04-14 20:30:04,940 [INFO] WS-11: running 'p goto init'
2026-04-14 20:30:06,851 [INFO] WS-11: Go to init complete.
2026-04-14 20:30:06,851 [INFO] WS-11 err: bash: cannot set terminal process group (-1): Inappropriate ioctl for device
bash: no job control in this shell
2026-04-14 20:30:06,851 [INFO]   WS-11: Go to init complete.
2026-04-14 20:30:06,851 [INFO] 'Goto Init' complete.
2026-04-14 20:31:34,069 [INFO] ARMory dashboard started.
2026-04-14 20:31:34,069 [INFO] Querying workstation status...
2026-04-14 20:31:38,605 [INFO] WS-11: container running (booted)
2026-04-14 20:31:40,725 [INFO] WS-12: container not running (offline)
2026-04-14 20:31:42,240 [INFO] WS-13: container not running (offline)
2026-04-14 20:31:43,951 [INFO] WS-14: container not running (offline)
2026-04-14 20:31:43,951 [INFO] Status refresh complete.
2026-04-14 20:31:48,276 [INFO] Selected WS-11.
2026-04-14 20:31:50,223 [INFO] Starting listener on WS-11...
2026-04-14 20:31:50,526 [INFO] WS-11: starting data listener; log /nethome/rbansal66/CS4803ARM_Lab/user_data/armory/logs/workstation_11-listener.log
2026-04-14 20:31:52,940 [INFO] WS-11: data listener started (pid 9666); log: /nethome/rbansal66/CS4803ARM_Lab/user_data/armory/logs/workstation_11-listener.log
2026-04-14 20:31:52,940 [INFO]   WS-11: data listener started (pid 9666); log: /nethome/rbansal66/CS4803ARM_Lab/user_dat
2026-04-14 20:31:52,940 [INFO] Start Listener complete.
2026-04-14 20:31:56,790 [INFO] Starting client on WS-11...
2026-04-14 20:31:57,299 [INFO] WS-11: starting Piper client; log /nethome/rbansal66/CS4803ARM_Lab/user_data/armory/logs/workstation_11-client.log
2026-04-14 20:31:59,707 [INFO] WS-11: Piper client started (pid 9895); log: /nethome/rbansal66/CS4803ARM_Lab/user_data/armory/logs/workstation_11-client.log
2026-04-14 20:31:59,707 [INFO]   WS-11: Piper client started (pid 9895); log: /nethome/rbansal66/CS4803ARM_Lab/user_data
2026-04-14 20:31:59,707 [INFO] Start Client complete.
2026-04-14 20:32:16,078 [INFO] EMERGENCY STOP: killing clients on WS-11.
2026-04-14 20:32:16,279 [INFO] WS-11: stopping Piper client
2026-04-14 20:32:17,386 [INFO] WS-11: Piper client stopped; log: /nethome/rbansal66/CS4803ARM_Lab/user_data/armory/logs/workstation_11-client.log
2026-04-14 20:32:17,386 [INFO]   WS-11: Piper client stopped; log: /nethome/rbansal66/CS4803ARM_Lab/user_data/armory/log
2026-04-14 20:32:17,386 [INFO] Emergency client stop complete.
2026-04-14 20:32:36,423 [INFO] Starting client on WS-11...
2026-04-14 20:32:36,725 [INFO] WS-11: starting Piper client; log /nethome/rbansal66/CS4803ARM_Lab/user_data/armory/logs/workstation_11-client.log
2026-04-14 20:32:39,340 [INFO] WS-11: Piper client started (pid 10019); log: /nethome/rbansal66/CS4803ARM_Lab/user_data/armory/logs/workstation_11-client.log
2026-04-14 20:32:39,340 [INFO]   WS-11: Piper client started (pid 10019); log: /nethome/rbansal66/CS4803ARM_Lab/user_dat
2026-04-14 20:32:39,340 [INFO] Start Client complete.
2026-04-14 20:33:00,135 [INFO] EMERGENCY STOP: killing clients on WS-11.
2026-04-14 20:33:00,437 [INFO] WS-11: stopping Piper client
2026-04-14 20:33:00,638 [INFO] Emergency client stop is still running.
2026-04-14 20:33:01,543 [INFO] WS-11: Piper client stopped; log: /nethome/rbansal66/CS4803ARM_Lab/user_data/armory/logs/workstation_11-client.log
2026-04-14 20:33:01,543 [INFO]   WS-11: Piper client stopped; log: /nethome/rbansal66/CS4803ARM_Lab/user_data/armory/log
2026-04-14 20:33:01,543 [INFO] Emergency client stop complete.
2026-04-14 21:32:00,794 [INFO] Stopping listener on WS-11...
2026-04-14 21:32:00,996 [INFO] WS-11: stopping data listener
2026-04-14 21:32:02,205 [INFO] WS-11: data listener stopped; log: /nethome/rbansal66/CS4803ARM_Lab/user_data/armory/logs/workstation_11-listener.log
2026-04-14 21:32:02,205 [INFO]   WS-11: data listener stopped; log: /nethome/rbansal66/CS4803ARM_Lab/user_data/armory/lo
2026-04-14 21:32:02,205 [INFO] Stop Listener complete.
2026-04-14 21:32:05,403 [INFO] Killing SSH tunnel on WS-11...
2026-04-14 21:32:05,604 [INFO] WS-11: killing tunnel for dave:8080
2026-04-14 21:32:05,806 [INFO] WS-11: tunnel kill FAILED — tunnel kill failed
2026-04-14 21:32:05,806 [INFO]   WS-11: ERROR: tunnel kill failed
2026-04-14 21:32:05,806 [INFO] Kill Tunnel complete.
2026-04-14 21:32:09,346 [INFO] Executing 'Disable' on WS-11...
2026-04-14 21:32:09,851 [INFO] WS-11: running 'p goto reset'
2026-04-14 21:32:11,461 [INFO] WS-11: Go to reset complete.
2026-04-14 21:32:11,461 [INFO] WS-11 err: bash: cannot set terminal process group (-1): Inappropriate ioctl for device
bash: no job control in this shell
2026-04-14 21:32:11,662 [INFO] WS-11: running 'p disable'
2026-04-14 21:32:12,469 [INFO] WS-11: 失能成功!!!!
Piper disable sequence complete.
2026-04-14 21:32:12,469 [INFO] WS-11 err: bash: cannot set terminal process group (-1): Inappropriate ioctl for device
bash: no job control in this shell
2026-04-14 21:32:12,469 [INFO]   WS-11: 失能成功!!!!
Piper disable sequence complete.
2026-04-14 21:32:12,469 [INFO] WS-11 is ready. Runtime controls unlocked.
2026-04-14 21:32:12,469 [INFO] 'Disable' complete.
2026-04-14 21:32:46,111 [INFO] Unselected WS-11.
2026-04-14 21:32:46,513 [INFO] Selected WS-12.
2026-04-14 21:32:46,815 [INFO] Selected WS-13.
2026-04-14 21:32:47,116 [INFO] Selected WS-14.
2026-04-14 21:32:49,483 [INFO] Booting WS-12, WS-13, WS-14...
2026-04-14 21:32:50,290 [INFO] WS-12: starting Docker container...
2026-04-14 21:32:50,593 [INFO] WS-13: starting Docker container...
2026-04-14 21:32:50,694 [INFO] WS-12: 84f9eab116ddcd6035b1b34b2507760682a6230a7421c84530d5367a778946d2
2026-04-14 21:32:50,796 [INFO] WS-14: starting Docker container...
2026-04-14 21:32:51,097 [INFO] WS-13: 2328899284c858ec945e984e4f9a328c81977a3e8a744d90ee80febe0f6f5916
2026-04-14 21:32:51,299 [INFO] WS-14: c836b33f1b62f59d063f71570eaa3bbf4910bca26612ac1c07c9307a1ba6846f
2026-04-14 21:32:52,910 [INFO] WS-12: container up, running entrypoint...
2026-04-14 21:32:53,213 [INFO] WS-12: boot successful
2026-04-14 21:32:53,415 [INFO] WS-13: container up, running entrypoint...
2026-04-14 21:32:53,516 [INFO] WS-14: container up, running entrypoint...
2026-04-14 21:32:53,618 [INFO] WS-13: boot successful
2026-04-14 21:32:53,618 [INFO] WS-14: boot successful
2026-04-14 21:32:53,618 [INFO]   WS-12: Boot successful
2026-04-14 21:32:53,618 [INFO]   WS-13: Boot successful
2026-04-14 21:32:53,618 [INFO]   WS-14: Boot successful
2026-04-14 21:32:53,618 [INFO] WS-12, WS-13, WS-14 is ready. Runtime controls unlocked.
2026-04-14 21:32:53,618 [INFO] Boot complete.
2026-04-14 21:32:54,622 [INFO] Unselected WS-14.
2026-04-14 21:32:54,924 [INFO] Unselected WS-13.
2026-04-14 21:32:55,126 [INFO] Unselected WS-12.
2026-04-14 21:32:58,339 [INFO] Starting SSH tunnel on WS-11, WS-12, WS-13, WS-14...
2026-04-14 21:32:58,641 [INFO] WS-11: starting tunnel 8080:dave:8080 via rbansal66@sky1.cc.gatech.edu
2026-04-14 21:32:58,944 [INFO] WS-12: starting tunnel 8080:dave:8080 via rbansal66@sky1.cc.gatech.edu
2026-04-14 21:32:59,349 [INFO] WS-13: starting tunnel 8080:dave:8080 via rbansal66@sky1.cc.gatech.edu
2026-04-14 21:32:59,651 [INFO] WS-14: starting tunnel 8080:dave:8080 via rbansal66@sky1.cc.gatech.edu
2026-04-14 21:33:19,034 [INFO] WS-11: tunnel start FAILED — 
2026-04-14 21:33:19,437 [INFO] WS-12: tunnel start FAILED — 
2026-04-14 21:33:19,739 [INFO] WS-13: tunnel start FAILED — 
2026-04-14 21:33:19,940 [INFO] WS-14: tunnel start FAILED — 
2026-04-14 21:33:19,940 [INFO]   WS-11: ERROR: 
2026-04-14 21:33:19,940 [INFO]   WS-12: ERROR: 
2026-04-14 21:33:19,940 [INFO]   WS-13: ERROR: 
2026-04-14 21:33:19,940 [INFO]   WS-14: ERROR: 
2026-04-14 21:33:19,940 [INFO] Start Tunnel complete.
2026-04-14 23:23:48,199 [INFO] Killing SSH tunnel on WS-11, WS-12, WS-13, WS-14...
2026-04-14 23:23:48,401 [INFO] WS-11: killing tunnel for dave:8080
2026-04-14 23:23:48,704 [INFO] WS-11: tunnel kill FAILED — tunnel kill failed
2026-04-14 23:23:48,704 [INFO] WS-12: killing tunnel for dave:8080
2026-04-14 23:23:49,007 [INFO] WS-12: tunnel kill FAILED — tunnel kill failed
2026-04-14 23:23:49,107 [INFO] WS-13: killing tunnel for dave:8080
2026-04-14 23:23:49,309 [INFO] WS-13: tunnel kill FAILED — tunnel kill failed
2026-04-14 23:23:49,309 [INFO] WS-14: killing tunnel for dave:8080
2026-04-14 23:23:49,511 [INFO] WS-14: tunnel kill FAILED — tunnel kill failed
2026-04-14 23:23:49,612 [INFO]   WS-11: ERROR: tunnel kill failed
2026-04-14 23:23:49,612 [INFO]   WS-12: ERROR: tunnel kill failed
2026-04-14 23:23:49,612 [INFO]   WS-13: ERROR: tunnel kill failed
2026-04-14 23:23:49,612 [INFO]   WS-14: ERROR: tunnel kill failed
2026-04-14 23:23:49,612 [INFO] Kill Tunnel complete.
2026-04-14 23:25:27,059 [INFO] ARMory dashboard started.
2026-04-14 23:25:27,059 [INFO] Querying workstation status...
2026-04-14 23:25:30,582 [INFO] WS-11: container running (booted)
2026-04-14 23:25:32,899 [INFO] WS-12: container running (booted)
2026-04-14 23:25:35,118 [INFO] WS-13: container running (booted)
2026-04-14 23:25:36,630 [INFO] WS-14: container running (booted)
2026-04-14 23:25:36,630 [INFO] ALL is ready. Runtime controls unlocked.
2026-04-14 23:25:36,630 [INFO] Status refresh complete.
2026-04-14 23:25:47,899 [INFO] Executing 'Enable' on WS-11, WS-12, WS-13, WS-14...
2026-04-14 23:25:48,304 [INFO] WS-11: running 'p enable'
2026-04-14 23:25:48,908 [INFO] WS-12: running 'p enable'
2026-04-14 23:25:49,413 [INFO] WS-13: running 'p enable'
2026-04-14 23:25:49,414 [INFO] WS-11: 使能成功!!!!
Piper enable sequence complete.
2026-04-14 23:25:49,515 [INFO] WS-11 err: bash: cannot set terminal process group (-1): Inappropriate ioctl for device
bash: no job control in this shell
bash: /p
2026-04-14 23:25:49,717 [INFO] WS-14: running 'p enable'
2026-04-14 23:25:49,718 [INFO] WS-12: 使能成功!!!!
Piper enable sequence complete.
2026-04-14 23:25:49,718 [INFO] WS-12 err: bash: cannot set terminal process group (-1): Inappropriate ioctl for device
bash: no job control in this shell
bash: /p
2026-04-14 23:25:50,523 [INFO] WS-14: 使能成功!!!!
Piper enable sequence complete.
2026-04-14 23:25:50,523 [INFO] WS-14 err: bash: cannot set terminal process group (-1): Inappropriate ioctl for device
bash: no job control in this shell
bash: /p
2026-04-14 23:25:50,523 [INFO] WS-13: 使能成功!!!!
Piper enable sequence complete.
2026-04-14 23:25:50,523 [INFO] WS-13 err: bash: cannot set terminal process group (-1): Inappropriate ioctl for device
bash: no job control in this shell
bash: /p
2026-04-14 23:25:50,826 [INFO] WS-11: running 'p goto init'
2026-04-14 23:25:51,028 [INFO] WS-12: running 'p goto init'
2026-04-14 23:25:51,230 [INFO] WS-13: running 'p goto init'
2026-04-14 23:25:51,432 [INFO] WS-14: running 'p goto init'
2026-04-14 23:25:52,438 [INFO] WS-11: Go to init complete.
2026-04-14 23:25:52,438 [INFO] WS-11 err: bash: cannot set terminal process group (-1): Inappropriate ioctl for device
bash: no job control in this shell
2026-04-14 23:25:52,841 [INFO] WS-12: Go to init complete.
2026-04-14 23:25:52,841 [INFO] WS-12 err: bash: cannot set terminal process group (-1): Inappropriate ioctl for device
bash: no job control in this shell
2026-04-14 23:25:52,942 [INFO] WS-13: Go to init complete.
2026-04-14 23:25:53,042 [INFO] WS-13 err: bash: cannot set terminal process group (-1): Inappropriate ioctl for device
bash: no job control in this shell
2026-04-14 23:25:53,043 [INFO] WS-14: Go to init complete.
2026-04-14 23:25:53,143 [INFO] WS-14 err: bash: cannot set terminal process group (-1): Inappropriate ioctl for device
bash: no job control in this shell
2026-04-14 23:25:53,143 [INFO]   WS-11: Go to init complete.
2026-04-14 23:25:53,143 [INFO]   WS-12: Go to init complete.
2026-04-14 23:25:53,143 [INFO]   WS-13: Go to init complete.
2026-04-14 23:25:53,143 [INFO]   WS-14: Go to init complete.
2026-04-14 23:25:53,143 [INFO] 'Enable' complete.
2026-04-14 23:26:00,102 [INFO] Starting listener on WS-11, WS-12, WS-13, WS-14...
2026-04-14 23:26:01,413 [INFO] WS-11: starting data listener; log /nethome/rbansal66/CS4803ARM_Lab/user_data/armory/logs/workstation_11-listener.log
2026-04-14 23:26:01,414 [INFO] WS-12: starting data listener; log /nethome/rbansal66/CS4803ARM_Lab/user_data/armory/logs/workstation_12-listener.log
2026-04-14 23:26:01,717 [INFO] WS-13: starting data listener; log /nethome/rbansal66/CS4803ARM_Lab/user_data/armory/logs/workstation_13-listener.log
2026-04-14 23:26:01,818 [INFO] WS-14: starting data listener; log /nethome/rbansal66/CS4803ARM_Lab/user_data/armory/logs/workstation_14-listener.log
2026-04-14 23:26:04,028 [INFO] WS-12: data listener started (pid 227); log: /nethome/rbansal66/CS4803ARM_Lab/user_data/armory/logs/workstation_12-listener.log
2026-04-14 23:26:04,028 [INFO] WS-11: data listener started (pid 12706); log: /nethome/rbansal66/CS4803ARM_Lab/user_data/armory/logs/workstation_11-listener.log
2026-04-14 23:26:04,230 [INFO] WS-14: data listener started (pid 233); log: /nethome/rbansal66/CS4803ARM_Lab/user_data/armory/logs/workstation_14-listener.log
2026-04-14 23:26:04,330 [INFO] WS-13: data listener started (pid 230); log: /nethome/rbansal66/CS4803ARM_Lab/user_data/armory/logs/workstation_13-listener.log
2026-04-14 23:26:04,330 [INFO]   WS-11: data listener started (pid 12706); log: /nethome/rbansal66/CS4803ARM_Lab/user_da
2026-04-14 23:26:04,330 [INFO]   WS-12: data listener started (pid 227); log: /nethome/rbansal66/CS4803ARM_Lab/user_data
2026-04-14 23:26:04,331 [INFO]   WS-13: data listener started (pid 230); log: /nethome/rbansal66/CS4803ARM_Lab/user_data
2026-04-14 23:26:04,331 [INFO]   WS-14: data listener started (pid 233); log: /nethome/rbansal66/CS4803ARM_Lab/user_data
2026-04-14 23:26:04,331 [INFO] Start Listener complete.
2026-04-14 23:26:13,086 [INFO] Starting client on WS-11, WS-12, WS-13, WS-14...
2026-04-14 23:26:13,993 [INFO] WS-11: starting Piper client; log /nethome/rbansal66/CS4803ARM_Lab/user_data/armory/logs/workstation_11-client.log
2026-04-14 23:26:14,093 [INFO] WS-12: starting Piper client; log /nethome/rbansal66/CS4803ARM_Lab/user_data/armory/logs/workstation_12-client.log
2026-04-14 23:26:14,194 [INFO] WS-13: starting Piper client; log /nethome/rbansal66/CS4803ARM_Lab/user_data/armory/logs/workstation_13-client.log
2026-04-14 23:26:14,295 [INFO] WS-14: starting Piper client; log /nethome/rbansal66/CS4803ARM_Lab/user_data/armory/logs/workstation_14-client.log
2026-04-14 23:26:16,605 [INFO] WS-12: Piper client started (pid 456); log: /nethome/rbansal66/CS4803ARM_Lab/user_data/armory/logs/workstation_12-client.log
2026-04-14 23:26:16,605 [INFO] WS-11: Piper client started (pid 12935); log: /nethome/rbansal66/CS4803ARM_Lab/user_data/armory/logs/workstation_11-client.log
2026-04-14 23:26:16,605 [INFO] WS-13: Piper client started (pid 459); log: /nethome/rbansal66/CS4803ARM_Lab/user_data/armory/logs/workstation_13-client.log
2026-04-14 23:26:16,605 [INFO] WS-14: Piper client started (pid 462); log: /nethome/rbansal66/CS4803ARM_Lab/user_data/armory/logs/workstation_14-client.log
2026-04-14 23:26:16,605 [INFO]   WS-11: Piper client started (pid 12935); log: /nethome/rbansal66/CS4803ARM_Lab/user_dat
2026-04-14 23:26:16,705 [INFO]   WS-12: Piper client started (pid 456); log: /nethome/rbansal66/CS4803ARM_Lab/user_data/
2026-04-14 23:26:16,705 [INFO]   WS-13: Piper client started (pid 459); log: /nethome/rbansal66/CS4803ARM_Lab/user_data/
2026-04-14 23:26:16,705 [INFO]   WS-14: Piper client started (pid 462); log: /nethome/rbansal66/CS4803ARM_Lab/user_data/
2026-04-14 23:26:16,705 [INFO] Start Client complete.
2026-04-14 23:26:33,692 [INFO] EMERGENCY STOP: killing clients on WS-11, WS-12, WS-13, WS-14.
2026-04-14 23:26:33,893 [INFO] WS-11: stopping Piper client
2026-04-14 23:26:34,095 [INFO] WS-12: stopping Piper client
2026-04-14 23:26:34,195 [INFO] WS-13: stopping Piper client
2026-04-14 23:26:34,296 [INFO] WS-14: stopping Piper client
2026-04-14 23:26:35,103 [INFO] WS-11: Piper client stopped; log: /nethome/rbansal66/CS4803ARM_Lab/user_data/armory/logs/workstation_11-client.log
2026-04-14 23:26:35,507 [INFO] WS-12: Piper client stopped; log: /nethome/rbansal66/CS4803ARM_Lab/user_data/armory/logs/workstation_12-client.log
2026-04-14 23:26:36,009 [INFO] WS-13: Piper client stopped; log: /nethome/rbansal66/CS4803ARM_Lab/user_data/armory/logs/workstation_13-client.log
2026-04-14 23:26:36,009 [INFO] WS-14: Piper client stopped; log: /nethome/rbansal66/CS4803ARM_Lab/user_data/armory/logs/workstation_14-client.log
2026-04-14 23:26:36,009 [INFO]   WS-11: Piper client stopped; log: /nethome/rbansal66/CS4803ARM_Lab/user_data/armory/log
2026-04-14 23:26:36,009 [INFO]   WS-12: Piper client stopped; log: /nethome/rbansal66/CS4803ARM_Lab/user_data/armory/log
2026-04-14 23:26:36,009 [INFO]   WS-13: Piper client stopped; log: /nethome/rbansal66/CS4803ARM_Lab/user_data/armory/log
2026-04-14 23:26:36,010 [INFO]   WS-14: Piper client stopped; log: /nethome/rbansal66/CS4803ARM_Lab/user_data/armory/log
2026-04-14 23:26:36,010 [INFO] Emergency client stop complete.
2026-04-14 23:27:45,563 [INFO] Starting client on WS-11, WS-12, WS-13, WS-14...
2026-04-14 23:27:47,374 [INFO] WS-11: starting Piper client; log /nethome/rbansal66/CS4803ARM_Lab/user_data/armory/logs/workstation_11-client.log
2026-04-14 23:27:47,676 [INFO] WS-12: starting Piper client; log /nethome/rbansal66/CS4803ARM_Lab/user_data/armory/logs/workstation_12-client.log
2026-04-14 23:27:47,877 [INFO] WS-13: starting Piper client; log /nethome/rbansal66/CS4803ARM_Lab/user_data/armory/logs/workstation_13-client.log
2026-04-14 23:27:47,978 [INFO] WS-14: starting Piper client; log /nethome/rbansal66/CS4803ARM_Lab/user_data/armory/logs/workstation_14-client.log
2026-04-14 23:27:50,794 [INFO] WS-12: Piper client started (pid 582); log: /nethome/rbansal66/CS4803ARM_Lab/user_data/armory/logs/workstation_12-client.log
2026-04-14 23:27:50,795 [INFO] WS-14: Piper client started (pid 587); log: /nethome/rbansal66/CS4803ARM_Lab/user_data/armory/logs/workstation_14-client.log
2026-04-14 23:27:50,895 [INFO] WS-11: Piper client started (pid 13058); log: /nethome/rbansal66/CS4803ARM_Lab/user_data/armory/logs/workstation_11-client.log
2026-04-14 23:27:50,895 [INFO] WS-13: Piper client started (pid 582); log: /nethome/rbansal66/CS4803ARM_Lab/user_data/armory/logs/workstation_13-client.log
2026-04-14 23:27:50,895 [INFO]   WS-11: Piper client started (pid 13058); log: /nethome/rbansal66/CS4803ARM_Lab/user_dat
2026-04-14 23:27:50,895 [INFO]   WS-12: Piper client started (pid 582); log: /nethome/rbansal66/CS4803ARM_Lab/user_data/
2026-04-14 23:27:50,895 [INFO]   WS-13: Piper client started (pid 582); log: /nethome/rbansal66/CS4803ARM_Lab/user_data/
2026-04-14 23:27:50,996 [INFO]   WS-14: Piper client started (pid 587); log: /nethome/rbansal66/CS4803ARM_Lab/user_data/
2026-04-14 23:27:50,996 [INFO] Start Client complete.
2026-04-14 23:28:04,170 [INFO] EMERGENCY STOP: killing clients on WS-11, WS-12, WS-13, WS-14.
2026-04-14 23:28:04,473 [INFO] WS-11: stopping Piper client
2026-04-14 23:28:04,674 [INFO] WS-12: stopping Piper client
2026-04-14 23:28:04,774 [INFO] WS-13: stopping Piper client
2026-04-14 23:28:04,875 [INFO] WS-14: stopping Piper client
2026-04-14 23:28:05,782 [INFO] WS-11: Piper client stopped; log: /nethome/rbansal66/CS4803ARM_Lab/user_data/armory/logs/workstation_11-client.log
2026-04-14 23:28:06,186 [INFO] WS-12: Piper client stopped; log: /nethome/rbansal66/CS4803ARM_Lab/user_data/armory/logs/workstation_12-client.log
2026-04-14 23:28:06,388 [INFO] WS-13: Piper client stopped; log: /nethome/rbansal66/CS4803ARM_Lab/user_data/armory/logs/workstation_13-client.log
2026-04-14 23:28:06,589 [INFO] WS-14: Piper client stopped; log: /nethome/rbansal66/CS4803ARM_Lab/user_data/armory/logs/workstation_14-client.log
2026-04-14 23:28:06,589 [INFO]   WS-11: Piper client stopped; log: /nethome/rbansal66/CS4803ARM_Lab/user_data/armory/log
2026-04-14 23:28:06,589 [INFO]   WS-12: Piper client stopped; log: /nethome/rbansal66/CS4803ARM_Lab/user_data/armory/log
2026-04-14 23:28:06,689 [INFO]   WS-13: Piper client stopped; log: /nethome/rbansal66/CS4803ARM_Lab/user_data/armory/log
2026-04-14 23:28:06,689 [INFO]   WS-14: Piper client stopped; log: /nethome/rbansal66/CS4803ARM_Lab/user_data/armory/log
2026-04-14 23:28:06,689 [INFO] Emergency client stop complete.
2026-04-14 23:30:51,255 [INFO] Executing 'Goto Init' on WS-11, WS-12, WS-13, WS-14...
2026-04-14 23:30:51,760 [INFO] WS-11: running 'p goto init'
2026-04-14 23:30:52,064 [INFO] WS-12: running 'p goto init'
2026-04-14 23:30:52,366 [INFO] WS-13: running 'p goto init'
2026-04-14 23:30:52,568 [INFO] WS-14: running 'p goto init'
2026-04-14 23:30:53,373 [INFO] WS-11: Go to init complete.
2026-04-14 23:30:53,373 [INFO] WS-11 err: bash: cannot set terminal process group (-1): Inappropriate ioctl for device
bash: no job control in this shell
2026-04-14 23:30:53,675 [INFO] WS-12: Go to init complete.
2026-04-14 23:30:53,675 [INFO] WS-12 err: bash: cannot set terminal process group (-1): Inappropriate ioctl for device
bash: no job control in this shell
2026-04-14 23:30:53,976 [INFO] WS-13: Go to init complete.
2026-04-14 23:30:53,976 [INFO] WS-13 err: bash: cannot set terminal process group (-1): Inappropriate ioctl for device
bash: no job control in this shell
2026-04-14 23:30:54,177 [INFO] WS-14: Go to init complete.
2026-04-14 23:30:54,178 [INFO] WS-14 err: bash: cannot set terminal process group (-1): Inappropriate ioctl for device
bash: no job control in this shell
2026-04-14 23:30:54,178 [INFO]   WS-11: Go to init complete.
2026-04-14 23:30:54,178 [INFO]   WS-12: Go to init complete.
2026-04-14 23:30:54,178 [INFO]   WS-13: Go to init complete.
2026-04-14 23:30:54,178 [INFO]   WS-14: Go to init complete.
2026-04-14 23:30:54,178 [INFO] 'Goto Init' complete.
2026-04-14 23:33:03,586 [INFO] Starting client on WS-11, WS-12, WS-13, WS-14...
2026-04-14 23:33:04,695 [INFO] WS-11: starting Piper client; log /nethome/rbansal66/CS4803ARM_Lab/user_data/armory/logs/workstation_11-client.log
2026-04-14 23:33:04,796 [INFO] WS-12: starting Piper client; log /nethome/rbansal66/CS4803ARM_Lab/user_data/armory/logs/workstation_12-client.log
2026-04-14 23:33:04,997 [INFO] WS-13: starting Piper client; log /nethome/rbansal66/CS4803ARM_Lab/user_data/armory/logs/workstation_13-client.log
2026-04-14 23:33:05,300 [INFO] WS-14: starting Piper client; log /nethome/rbansal66/CS4803ARM_Lab/user_data/armory/logs/workstation_14-client.log
2026-04-14 23:33:07,613 [INFO] WS-12: Piper client started (pid 768); log: /nethome/rbansal66/CS4803ARM_Lab/user_data/armory/logs/workstation_12-client.log
2026-04-14 23:33:07,613 [INFO] WS-13: Piper client started (pid 768); log: /nethome/rbansal66/CS4803ARM_Lab/user_data/armory/logs/workstation_13-client.log
2026-04-14 23:33:07,613 [INFO] WS-11: Piper client started (pid 13243); log: /nethome/rbansal66/CS4803ARM_Lab/user_data/armory/logs/workstation_11-client.log
2026-04-14 23:33:07,714 [INFO] WS-14: Piper client started (pid 772); log: /nethome/rbansal66/CS4803ARM_Lab/user_data/armory/logs/workstation_14-client.log
2026-04-14 23:33:07,714 [INFO]   WS-11: Piper client started (pid 13243); log: /nethome/rbansal66/CS4803ARM_Lab/user_dat
2026-04-14 23:33:07,714 [INFO]   WS-12: Piper client started (pid 768); log: /nethome/rbansal66/CS4803ARM_Lab/user_data/
2026-04-14 23:33:07,714 [INFO]   WS-13: Piper client started (pid 768); log: /nethome/rbansal66/CS4803ARM_Lab/user_data/
2026-04-14 23:33:07,714 [INFO]   WS-14: Piper client started (pid 772); log: /nethome/rbansal66/CS4803ARM_Lab/user_data/
2026-04-14 23:33:07,714 [INFO] Start Client complete.
2026-04-14 23:33:28,016 [INFO] EMERGENCY STOP: killing clients on WS-11, WS-12, WS-13, WS-14.
2026-04-14 23:33:28,217 [INFO] WS-11: stopping Piper client
2026-04-14 23:33:28,318 [INFO] WS-12: stopping Piper client
2026-04-14 23:33:28,520 [INFO] WS-13: stopping Piper client
2026-04-14 23:33:28,723 [INFO] WS-14: stopping Piper client
2026-04-14 23:33:29,631 [INFO] WS-11: Piper client stopped; log: /nethome/rbansal66/CS4803ARM_Lab/user_data/armory/logs/workstation_11-client.log
2026-04-14 23:33:29,732 [INFO] WS-12: Piper client stopped; log: /nethome/rbansal66/CS4803ARM_Lab/user_data/armory/logs/workstation_12-client.log
2026-04-14 23:33:29,933 [INFO] WS-13: Piper client stopped; log: /nethome/rbansal66/CS4803ARM_Lab/user_data/armory/logs/workstation_13-client.log
2026-04-14 23:33:30,234 [INFO] WS-14: Piper client stopped; log: /nethome/rbansal66/CS4803ARM_Lab/user_data/armory/logs/workstation_14-client.log
2026-04-14 23:33:30,234 [INFO]   WS-11: Piper client stopped; log: /nethome/rbansal66/CS4803ARM_Lab/user_data/armory/log
2026-04-14 23:33:30,234 [INFO]   WS-12: Piper client stopped; log: /nethome/rbansal66/CS4803ARM_Lab/user_data/armory/log
2026-04-14 23:33:30,234 [INFO]   WS-13: Piper client stopped; log: /nethome/rbansal66/CS4803ARM_Lab/user_data/armory/log
2026-04-14 23:33:30,234 [INFO]   WS-14: Piper client stopped; log: /nethome/rbansal66/CS4803ARM_Lab/user_data/armory/log
2026-04-14 23:33:30,234 [INFO] Emergency client stop complete.
2026-04-14 23:33:44,479 [INFO] Executing 'Goto Init' on WS-11, WS-12, WS-13, WS-14...
2026-04-14 23:33:44,883 [INFO] WS-11: running 'p goto init'
2026-04-14 23:33:45,187 [INFO] WS-12: running 'p goto init'
2026-04-14 23:33:45,389 [INFO] WS-13: running 'p goto init'
2026-04-14 23:33:45,591 [INFO] WS-14: running 'p goto init'
2026-04-14 23:33:46,496 [INFO] WS-11: Go to init complete.
2026-04-14 23:33:46,496 [INFO] WS-11 err: bash: cannot set terminal process group (-1): Inappropriate ioctl for device
bash: no job control in this shell
2026-04-14 23:33:46,800 [INFO] WS-12: Go to init complete.
2026-04-14 23:33:46,800 [INFO] WS-12 err: bash: cannot set terminal process group (-1): Inappropriate ioctl for device
bash: no job control in this shell
2026-04-14 23:33:47,103 [INFO] WS-13: Go to init complete.
2026-04-14 23:33:47,103 [INFO] WS-13 err: bash: cannot set terminal process group (-1): Inappropriate ioctl for device
bash: no job control in this shell
2026-04-14 23:33:47,204 [INFO] WS-14: Go to init complete.
2026-04-14 23:33:47,204 [INFO] WS-14 err: bash: cannot set terminal process group (-1): Inappropriate ioctl for device
bash: no job control in this shell
2026-04-14 23:33:47,204 [INFO]   WS-11: Go to init complete.
2026-04-14 23:33:47,204 [INFO]   WS-12: Go to init complete.
2026-04-14 23:33:47,204 [INFO]   WS-13: Go to init complete.
2026-04-14 23:33:47,204 [INFO]   WS-14: Go to init complete.
2026-04-14 23:33:47,204 [INFO] 'Goto Init' complete.
2026-04-14 23:33:50,807 [INFO] Executing 'Goto Init' on WS-11, WS-12, WS-13, WS-14...
2026-04-14 23:33:51,011 [INFO] WS-11: running 'p goto init'
2026-04-14 23:33:51,212 [INFO] WS-12: running 'p goto init'
2026-04-14 23:33:51,415 [INFO] WS-13: running 'p goto init'
2026-04-14 23:33:51,818 [INFO] WS-14: running 'p goto init'
2026-04-14 23:33:52,622 [INFO] WS-11: Go to init complete.
2026-04-14 23:33:52,622 [INFO] WS-11 err: bash: cannot set terminal process group (-1): Inappropriate ioctl for device
bash: no job control in this shell
2026-04-14 23:33:52,723 [INFO] WS-12: Go to init complete.
2026-04-14 23:33:52,723 [INFO] WS-12 err: bash: cannot set terminal process group (-1): Inappropriate ioctl for device
bash: no job control in this shell
2026-04-14 23:33:53,226 [INFO] WS-13: Go to init complete.
2026-04-14 23:33:53,226 [INFO] WS-13 err: bash: cannot set terminal process group (-1): Inappropriate ioctl for device
bash: no job control in this shell
2026-04-14 23:33:53,631 [INFO] WS-14: Go to init complete.
2026-04-14 23:33:53,631 [INFO] WS-14 err: bash: cannot set terminal process group (-1): Inappropriate ioctl for device
bash: no job control in this shell
2026-04-14 23:33:53,631 [INFO]   WS-11: Go to init complete.
2026-04-14 23:33:53,631 [INFO]   WS-12: Go to init complete.
2026-04-14 23:33:53,631 [INFO]   WS-13: Go to init complete.
2026-04-14 23:33:53,631 [INFO]   WS-14: Go to init complete.
2026-04-14 23:33:53,631 [INFO] 'Goto Init' complete.
2026-04-14 23:33:55,634 [INFO] Starting client on WS-11, WS-12, WS-13, WS-14...
2026-04-14 23:33:57,146 [INFO] WS-11: starting Piper client; log /nethome/rbansal66/CS4803ARM_Lab/user_data/armory/logs/workstation_11-client.log
2026-04-14 23:33:57,247 [INFO] WS-12: starting Piper client; log /nethome/rbansal66/CS4803ARM_Lab/user_data/armory/logs/workstation_12-client.log
2026-04-14 23:33:57,549 [INFO] WS-13: starting Piper client; log /nethome/rbansal66/CS4803ARM_Lab/user_data/armory/logs/workstation_13-client.log
2026-04-14 23:33:57,650 [INFO] WS-14: starting Piper client; log /nethome/rbansal66/CS4803ARM_Lab/user_data/armory/logs/workstation_14-client.log
2026-04-14 23:33:59,963 [INFO] WS-12: Piper client started (pid 1015); log: /nethome/rbansal66/CS4803ARM_Lab/user_data/armory/logs/workstation_12-client.log
2026-04-14 23:33:59,963 [INFO] WS-13: Piper client started (pid 1013); log: /nethome/rbansal66/CS4803ARM_Lab/user_data/armory/logs/workstation_13-client.log
2026-04-14 23:34:00,064 [INFO] WS-11: Piper client started (pid 13491); log: /nethome/rbansal66/CS4803ARM_Lab/user_data/armory/logs/workstation_11-client.log
2026-04-14 23:34:00,064 [INFO] WS-14: Piper client started (pid 1020); log: /nethome/rbansal66/CS4803ARM_Lab/user_data/armory/logs/workstation_14-client.log
2026-04-14 23:34:00,064 [INFO]   WS-11: Piper client started (pid 13491); log: /nethome/rbansal66/CS4803ARM_Lab/user_dat
2026-04-14 23:34:00,064 [INFO]   WS-12: Piper client started (pid 1015); log: /nethome/rbansal66/CS4803ARM_Lab/user_data
2026-04-14 23:34:00,064 [INFO]   WS-13: Piper client started (pid 1013); log: /nethome/rbansal66/CS4803ARM_Lab/user_data
2026-04-14 23:34:00,064 [INFO]   WS-14: Piper client started (pid 1020); log: /nethome/rbansal66/CS4803ARM_Lab/user_data
2026-04-14 23:34:00,064 [INFO] Start Client complete.
2026-04-14 23:34:47,978 [INFO] EMERGENCY STOP: killing clients on WS-11, WS-12, WS-13, WS-14.
2026-04-14 23:34:48,179 [INFO] WS-11: stopping Piper client
2026-04-14 23:34:48,280 [INFO] WS-12: stopping Piper client
2026-04-14 23:34:48,381 [INFO] WS-13: stopping Piper client
2026-04-14 23:34:48,481 [INFO] WS-14: stopping Piper client
2026-04-14 23:34:49,893 [INFO] WS-11: Piper client stopped; log: /nethome/rbansal66/CS4803ARM_Lab/user_data/armory/logs/workstation_11-client.log
2026-04-14 23:34:49,893 [INFO] WS-12: Piper client stopped; log: /nethome/rbansal66/CS4803ARM_Lab/user_data/armory/logs/workstation_12-client.log
2026-04-14 23:34:49,893 [INFO] WS-13: Piper client stopped; log: /nethome/rbansal66/CS4803ARM_Lab/user_data/armory/logs/workstation_13-client.log
2026-04-14 23:34:50,597 [INFO] WS-14: Piper client stopped; log: /nethome/rbansal66/CS4803ARM_Lab/user_data/armory/logs/workstation_14-client.log
2026-04-14 23:34:50,597 [INFO]   WS-11: Piper client stopped; log: /nethome/rbansal66/CS4803ARM_Lab/user_data/armory/log
2026-04-14 23:34:50,597 [INFO]   WS-12: Piper client stopped; log: /nethome/rbansal66/CS4803ARM_Lab/user_data/armory/log
2026-04-14 23:34:50,597 [INFO]   WS-13: Piper client stopped; log: /nethome/rbansal66/CS4803ARM_Lab/user_data/armory/log
2026-04-14 23:34:50,597 [INFO]   WS-14: Piper client stopped; log: /nethome/rbansal66/CS4803ARM_Lab/user_data/armory/log
2026-04-14 23:34:50,597 [INFO] Emergency client stop complete.
2026-04-14 23:35:30,987 [INFO] Selected WS-11.
2026-04-14 23:35:35,294 [INFO] Client menu closed.
2026-04-14 23:35:51,788 [INFO] Executing 'Goto Init' on WS-11...
2026-04-14 23:35:52,090 [INFO] WS-11: running 'p goto init'
2026-04-14 23:35:53,804 [INFO] WS-11: Go to init complete.
2026-04-14 23:35:53,804 [INFO] WS-11 err: bash: cannot set terminal process group (-1): Inappropriate ioctl for device
bash: no job control in this shell
2026-04-14 23:35:53,804 [INFO]   WS-11: Go to init complete.
2026-04-14 23:35:53,804 [INFO] WS-11 is ready. Runtime controls unlocked.
2026-04-14 23:35:53,804 [INFO] 'Goto Init' complete.
2026-04-14 23:36:04,247 [INFO] Unselected WS-11.
2026-04-14 23:36:05,630 [INFO] Executing 'Goto Init' on WS-11, WS-12, WS-13, WS-14...
2026-04-14 23:36:05,933 [INFO] WS-11: running 'p goto init'
2026-04-14 23:36:06,037 [INFO] WS-12: running 'p goto init'
2026-04-14 23:36:06,239 [INFO] WS-13: running 'p goto init'
2026-04-14 23:36:06,643 [INFO] WS-14: running 'p goto init'
2026-04-14 23:36:07,649 [INFO] WS-11: Go to init complete.
2026-04-14 23:36:07,649 [INFO] WS-11 err: bash: cannot set terminal process group (-1): Inappropriate ioctl for device
bash: no job control in this shell
2026-04-14 23:36:07,650 [INFO] WS-12: Go to init complete.
2026-04-14 23:36:07,750 [INFO] WS-12 err: bash: cannot set terminal process group (-1): Inappropriate ioctl for device
bash: no job control in this shell
2026-04-14 23:36:08,254 [INFO] WS-13: Go to init complete.
2026-04-14 23:36:08,254 [INFO] WS-13 err: bash: cannot set terminal process group (-1): Inappropriate ioctl for device
bash: no job control in this shell
2026-04-14 23:36:08,255 [INFO] WS-14: Go to init complete.
2026-04-14 23:36:08,255 [INFO] WS-14 err: bash: cannot set terminal process group (-1): Inappropriate ioctl for device
bash: no job control in this shell
2026-04-14 23:36:08,255 [INFO]   WS-11: Go to init complete.
2026-04-14 23:36:08,255 [INFO]   WS-12: Go to init complete.
2026-04-14 23:36:08,255 [INFO]   WS-13: Go to init complete.
2026-04-14 23:36:08,255 [INFO]   WS-14: Go to init complete.
2026-04-14 23:36:08,255 [INFO] ALL is ready. Runtime controls unlocked.
2026-04-14 23:36:08,255 [INFO] 'Goto Init' complete.
2026-04-14 23:36:08,958 [INFO] Selected WS-11.
2026-04-14 23:36:11,804 [INFO] Starting client on WS-11...
2026-04-14 23:36:12,107 [INFO] WS-11: starting Piper client; log /nethome/rbansal66/CS4803ARM_Lab/user_data/armory/logs/workstation_11-client.log
2026-04-14 23:36:14,621 [INFO] WS-11: Piper client started (pid 13739); log: /nethome/rbansal66/CS4803ARM_Lab/user_data/armory/logs/workstation_11-client.log
2026-04-14 23:36:14,621 [INFO]   WS-11: Piper client started (pid 13739); log: /nethome/rbansal66/CS4803ARM_Lab/user_dat
2026-04-14 23:36:14,621 [INFO] Start Client complete.
2026-04-14 23:36:33,619 [INFO] EMERGENCY STOP: killing clients on WS-11.
2026-04-14 23:36:33,719 [INFO] WS-11: stopping Piper client
2026-04-14 23:36:34,624 [INFO] WS-11: Piper client stopped; log: /nethome/rbansal66/CS4803ARM_Lab/user_data/armory/logs/workstation_11-client.log
2026-04-14 23:36:34,624 [INFO]   WS-11: Piper client stopped; log: /nethome/rbansal66/CS4803ARM_Lab/user_data/armory/log
2026-04-14 23:36:34,624 [INFO] Emergency client stop complete.
2026-04-14 23:47:57,473 [INFO] ARMory dashboard started.
2026-04-14 23:47:57,473 [INFO] Querying workstation status...
2026-04-14 23:48:01,004 [INFO] WS-11: container running (booted)
2026-04-14 23:48:03,016 [INFO] WS-12: container running (booted)
2026-04-14 23:48:04,932 [INFO] WS-13: container running (booted)
2026-04-14 23:48:07,050 [INFO] WS-14: container running (booted)
2026-04-14 23:48:07,150 [INFO] ALL is ready. Runtime controls unlocked.
2026-04-14 23:48:07,150 [INFO] Status refresh complete.
2026-04-14 23:48:14,339 [INFO] Stopping listener on WS-11, WS-12, WS-13, WS-14...
2026-04-14 23:48:14,540 [INFO] WS-11: stopping data listener
2026-04-14 23:48:14,945 [INFO] WS-12: stopping data listener
2026-04-14 23:48:15,348 [INFO] WS-13: stopping data listener
2026-04-14 23:48:15,551 [INFO] WS-14: stopping data listener
2026-04-14 23:48:16,357 [INFO] WS-11: data listener stopped; log: /nethome/rbansal66/CS4803ARM_Lab/user_data/armory/logs/workstation_11-listener.log
2026-04-14 23:48:16,560 [INFO] WS-12: data listener stopped; log: /nethome/rbansal66/CS4803ARM_Lab/user_data/armory/logs/workstation_12-listener.log
2026-04-14 23:48:17,163 [INFO] WS-13: data listener stopped; log: /nethome/rbansal66/CS4803ARM_Lab/user_data/armory/logs/workstation_13-listener.log
2026-04-14 23:48:17,163 [INFO] WS-14: data listener stopped; log: /nethome/rbansal66/CS4803ARM_Lab/user_data/armory/logs/workstation_14-listener.log
2026-04-14 23:48:17,163 [INFO]   WS-11: data listener stopped; log: /nethome/rbansal66/CS4803ARM_Lab/user_data/armory/lo
2026-04-14 23:48:17,163 [INFO]   WS-12: data listener stopped; log: /nethome/rbansal66/CS4803ARM_Lab/user_data/armory/lo
2026-04-14 23:48:17,163 [INFO]   WS-13: data listener stopped; log: /nethome/rbansal66/CS4803ARM_Lab/user_data/armory/lo
2026-04-14 23:48:17,163 [INFO]   WS-14: data listener stopped; log: /nethome/rbansal66/CS4803ARM_Lab/user_data/armory/lo
2026-04-14 23:48:17,163 [INFO] Stop Listener complete.
2026-04-14 23:48:18,851 [INFO] Executing 'Disable' on WS-11, WS-12, WS-13, WS-14...
2026-04-14 23:48:19,358 [INFO] WS-11: running 'p goto reset'
2026-04-14 23:48:20,269 [INFO] WS-12: running 'p goto reset'
2026-04-14 23:48:20,572 [INFO] WS-13: running 'p goto reset'
2026-04-14 23:48:21,181 [INFO] WS-14: running 'p goto reset'
2026-04-14 23:48:21,382 [INFO] WS-11: Go to reset complete.
2026-04-14 23:48:21,382 [INFO] WS-11 err: bash: cannot set terminal process group (-1): Inappropriate ioctl for device
bash: no job control in this shell
2026-04-14 23:48:22,188 [INFO] WS-12: Go to reset complete.
2026-04-14 23:48:22,188 [INFO] WS-12 err: bash: cannot set terminal process group (-1): Inappropriate ioctl for device
bash: no job control in this shell
2026-04-14 23:48:22,491 [INFO] WS-13: Go to reset complete.
2026-04-14 23:48:22,592 [INFO] WS-13 err: bash: cannot set terminal process group (-1): Inappropriate ioctl for device
bash: no job control in this shell
2026-04-14 23:48:22,894 [INFO] WS-14: Go to reset complete.
2026-04-14 23:48:22,894 [INFO] WS-14 err: bash: cannot set terminal process group (-1): Inappropriate ioctl for device
bash: no job control in this shell
2026-04-14 23:48:23,297 [INFO] WS-11: running 'p disable'
2026-04-14 23:48:23,700 [INFO] WS-12: running 'p disable'
2026-04-14 23:48:24,103 [INFO] WS-13: running 'p disable'
2026-04-14 23:48:24,507 [INFO] WS-14: running 'p disable'
2026-04-14 23:48:24,507 [INFO] WS-12: 失能成功!!!!
Piper disable sequence complete.
2026-04-14 23:48:24,508 [INFO] WS-12 err: bash: cannot set terminal process group (-1): Inappropriate ioctl for device
bash: no job control in this shell
2026-04-14 23:48:24,709 [INFO] WS-11: 失能成功!!!!
Piper disable sequence complete.
2026-04-14 23:48:24,709 [INFO] WS-11 err: bash: cannot set terminal process group (-1): Inappropriate ioctl for device
bash: no job control in this shell
2026-04-14 23:48:25,413 [INFO] WS-13: 失能成功!!!!
Piper disable sequence complete.
2026-04-14 23:48:25,413 [INFO] WS-13 err: bash: cannot set terminal process group (-1): Inappropriate ioctl for device
bash: no job control in this shell
2026-04-14 23:48:25,814 [INFO] WS-14: 失能成功!!!!
Piper disable sequence complete.
2026-04-14 23:48:25,814 [INFO] WS-14 err: bash: cannot set terminal process group (-1): Inappropriate ioctl for device
bash: no job control in this shell
2026-04-14 23:48:25,814 [INFO]   WS-11: 失能成功!!!!
Piper disable sequence complete.
2026-04-14 23:48:25,814 [INFO]   WS-12: 失能成功!!!!
Piper disable sequence complete.
2026-04-14 23:48:25,814 [INFO]   WS-13: 失能成功!!!!
Piper disable sequence complete.
2026-04-14 23:48:25,815 [INFO]   WS-14: 失能成功!!!!
Piper disable sequence complete.
2026-04-14 23:48:25,815 [INFO] 'Disable' complete.
2026-04-14 23:48:28,026 [INFO] Selected WS-11.
2026-04-14 23:48:30,699 [INFO] Executing 'Enable' on WS-11...
2026-04-14 23:48:31,203 [INFO] WS-11: running 'p enable'
2026-04-14 23:48:32,212 [INFO] WS-11: 使能成功!!!!
Piper enable sequence complete.
2026-04-14 23:48:32,212 [INFO] WS-11 err: bash: cannot set terminal process group (-1): Inappropriate ioctl for device
bash: no job control in this shell
bash: /p
2026-04-14 23:48:32,617 [INFO] WS-11: running 'p goto init'
2026-04-14 23:48:34,329 [INFO] WS-11: Go to init complete.
2026-04-14 23:48:34,429 [INFO] WS-11 err: bash: cannot set terminal process group (-1): Inappropriate ioctl for device
bash: no job control in this shell
2026-04-14 23:48:34,429 [INFO]   WS-11: Go to init complete.
2026-04-14 23:48:34,429 [INFO] WS-11 is ready. Runtime controls unlocked.
2026-04-14 23:48:34,429 [INFO] 'Enable' complete.
2026-04-14 23:49:50,678 [INFO] Unselected WS-11.
2026-04-14 23:49:50,979 [INFO] Selected WS-11.
2026-04-14 23:49:58,608 [INFO] Goto Init cancelled.
2026-04-14 23:50:00,075 [INFO] Executing 'Disable' on WS-11...
2026-04-14 23:50:00,684 [INFO] WS-11: running 'p goto reset'
2026-04-14 23:50:02,392 [INFO] WS-11: Go to reset complete.
2026-04-14 23:50:02,392 [INFO] WS-11 err: bash: cannot set terminal process group (-1): Inappropriate ioctl for device
bash: no job control in this shell
2026-04-14 23:50:02,695 [INFO] WS-11: running 'p disable'
2026-04-14 23:50:03,599 [INFO] WS-11: 失能成功!!!!
Piper disable sequence complete.
2026-04-14 23:50:03,599 [INFO] WS-11 err: bash: cannot set terminal process group (-1): Inappropriate ioctl for device
bash: no job control in this shell
2026-04-14 23:50:03,599 [INFO]   WS-11: 失能成功!!!!
Piper disable sequence complete.
2026-04-14 23:50:03,599 [INFO] WS-11 is ready. Runtime controls unlocked.
2026-04-14 23:50:03,599 [INFO] 'Disable' complete.
2026-04-14 23:50:12,249 [INFO] ARMory dashboard started.
2026-04-14 23:50:12,249 [INFO] Querying workstation status...
2026-04-14 23:50:16,080 [INFO] WS-11: container running (booted)
2026-04-14 23:50:17,191 [INFO] WS-12: container running (booted)
2026-04-14 23:50:18,804 [INFO] WS-13: container running (booted)
2026-04-14 23:50:20,416 [INFO] WS-14: container running (booted)
2026-04-14 23:50:20,416 [INFO] ALL is ready. Runtime controls unlocked.
2026-04-14 23:50:20,416 [INFO] Status refresh complete.
2026-04-14 23:50:41,722 [INFO] Disabling, killing tunnels, and shutting down WS-11, WS-12, WS-13, WS-14...
2026-04-14 23:50:41,924 [INFO] WS-11: running 'p goto reset'
2026-04-14 23:50:42,125 [INFO] WS-12: running 'p goto reset'
2026-04-14 23:50:42,328 [INFO] WS-13: running 'p goto reset'
2026-04-14 23:50:42,530 [INFO] WS-14: running 'p goto reset'
2026-04-14 23:50:43,638 [INFO] WS-11: Go to reset complete.
2026-04-14 23:50:43,638 [INFO] WS-11 err: bash: cannot set terminal process group (-1): Inappropriate ioctl for device
bash: no job control in this shell
2026-04-14 23:50:43,740 [INFO] WS-12: Go to reset complete.
2026-04-14 23:50:43,840 [INFO] WS-12 err: bash: cannot set terminal process group (-1): Inappropriate ioctl for device
bash: no job control in this shell
2026-04-14 23:50:44,043 [INFO] WS-13: Go to reset complete.
2026-04-14 23:50:44,043 [INFO] WS-13 err: bash: cannot set terminal process group (-1): Inappropriate ioctl for device
bash: no job control in this shell
2026-04-14 23:50:44,344 [INFO] WS-14: Go to reset complete.
2026-04-14 23:50:44,345 [INFO] WS-14 err: bash: cannot set terminal process group (-1): Inappropriate ioctl for device
bash: no job control in this shell
2026-04-14 23:50:44,649 [INFO] WS-11: running 'p disable'
2026-04-14 23:50:45,152 [INFO] WS-12: running 'p disable'
2026-04-14 23:50:45,756 [INFO] WS-13: running 'p disable'
2026-04-14 23:50:45,958 [INFO] WS-14: running 'p disable'
2026-04-14 23:50:45,958 [INFO] WS-12: 失能成功!!!!
Piper disable sequence complete.
2026-04-14 23:50:45,958 [INFO] WS-12 err: bash: cannot set terminal process group (-1): Inappropriate ioctl for device
bash: no job control in this shell
2026-04-14 23:50:45,958 [INFO] WS-11: 失能成功!!!!
Piper disable sequence complete.
2026-04-14 23:50:45,958 [INFO] WS-11 err: bash: cannot set terminal process group (-1): Inappropriate ioctl for device
bash: no job control in this shell
2026-04-14 23:50:46,864 [INFO] WS-14: 失能成功!!!!
Piper disable sequence complete.
2026-04-14 23:50:46,864 [INFO] WS-14 err: bash: cannot set terminal process group (-1): Inappropriate ioctl for device
bash: no job control in this shell
2026-04-14 23:50:47,168 [INFO] WS-13: 失能成功!!!!
Piper disable sequence complete.
2026-04-14 23:50:47,168 [INFO] WS-13 err: bash: cannot set terminal process group (-1): Inappropriate ioctl for device
bash: no job control in this shell
2026-04-14 23:50:47,471 [INFO] WS-11: killing tunnel for dave:8080
2026-04-14 23:50:47,874 [INFO] WS-12: killing tunnel for dave:8080
2026-04-14 23:50:47,874 [INFO] WS-11: tunnel kill FAILED — tunnel kill failed
2026-04-14 23:50:48,378 [INFO] WS-12: tunnel kill FAILED — tunnel kill failed
2026-04-14 23:50:48,478 [INFO] WS-13: killing tunnel for dave:8080
2026-04-14 23:50:48,580 [INFO] WS-13: tunnel kill FAILED — tunnel kill failed
2026-04-14 23:50:48,781 [INFO] WS-14: killing tunnel for dave:8080
2026-04-14 23:50:48,983 [INFO] WS-14: tunnel kill FAILED — tunnel kill failed
2026-04-14 23:50:49,285 [INFO] WS-11: stopping Docker container...
2026-04-14 23:50:49,589 [INFO] WS-12: stopping Docker container...
2026-04-14 23:50:49,791 [INFO] WS-11: shutdown complete
2026-04-14 23:50:49,892 [INFO] WS-13: stopping Docker container...
2026-04-14 23:50:49,993 [INFO] WS-12: shutdown complete
2026-04-14 23:50:50,296 [INFO] WS-14: stopping Docker container...
2026-04-14 23:50:50,296 [INFO] WS-13: shutdown complete
2026-04-14 23:50:50,699 [INFO] WS-14: shutdown complete
2026-04-14 23:50:50,699 [INFO]   WS-11: Reset: Go to reset complete.; Disable: 失能成功!!!!
Piper disable sequence complete.
2026-04-14 23:50:50,699 [INFO]   WS-12: Reset: Go to reset complete.; Disable: 失能成功!!!!
Piper disable sequence complete.
2026-04-14 23:50:50,699 [INFO]   WS-13: Reset: Go to reset complete.; Disable: 失能成功!!!!
Piper disable sequence complete.
2026-04-14 23:50:50,699 [INFO]   WS-14: Reset: Go to reset complete.; Disable: 失能成功!!!!
Piper disable sequence complete.
2026-04-14 23:50:50,699 [INFO] Shutdown complete.
2026-04-14 23:50:56,178 [INFO] Booting WS-11, WS-12, WS-13, WS-14...
2026-04-14 23:50:57,287 [INFO] WS-11: starting Docker container...
2026-04-14 23:50:57,489 [INFO] WS-12: starting Docker container...
2026-04-14 23:50:57,591 [INFO] WS-13: starting Docker container...
2026-04-14 23:50:57,894 [INFO] WS-11: d38cae4097cb44c6b3a24a2f103040c81214e3ab480a9b11f84acfb234e49076
2026-04-14 23:50:57,995 [INFO] WS-14: starting Docker container...
2026-04-14 23:50:57,995 [INFO] WS-12: 8eef565f958acc09af6d4915c0517db8d6b81efea3a6d2aa745523407aa6c413
2026-04-14 23:50:58,397 [INFO] WS-13: b23a68f2529a11519e946f48a365c5beb1a204f76820e6a4c21b9f523701cb3c
2026-04-14 23:50:58,498 [INFO] WS-14: 9bef651e13e37164077171d814891ad92376049e0678814e3d01c3bbb168d535
2026-04-14 23:51:00,713 [INFO] WS-11: container up, running entrypoint...
2026-04-14 23:51:00,713 [INFO] WS-12: container up, running entrypoint...
2026-04-14 23:51:00,814 [INFO] WS-13: container up, running entrypoint...
2026-04-14 23:51:00,915 [INFO] WS-12: boot successful
2026-04-14 23:51:00,915 [INFO] WS-11: boot successful
2026-04-14 23:51:00,915 [INFO] WS-14: container up, running entrypoint...
2026-04-14 23:51:01,621 [INFO] WS-13: boot successful
2026-04-14 23:51:01,622 [INFO] WS-14: boot successful
2026-04-14 23:51:01,622 [INFO]   WS-11: Boot successful
2026-04-14 23:51:01,622 [INFO]   WS-12: Boot successful
2026-04-14 23:51:01,622 [INFO]   WS-13: Boot successful
2026-04-14 23:51:01,622 [INFO]   WS-14: Boot successful
2026-04-14 23:51:01,622 [INFO] ALL is ready. Runtime controls unlocked.
2026-04-14 23:51:01,622 [INFO] Boot complete.
2026-04-14 23:51:08,340 [INFO] Executing 'Goto Init' on WS-11, WS-12, WS-13, WS-14...
2026-04-14 23:51:08,543 [INFO] WS-11: running 'p goto init'
2026-04-14 23:51:09,049 [INFO] WS-12: running 'p goto init'
2026-04-14 23:51:09,251 [INFO] WS-13: running 'p goto init'
2026-04-14 23:51:09,754 [INFO] WS-14: running 'p goto init'
2026-04-14 23:51:10,559 [INFO] WS-11: Go to init complete.
2026-04-14 23:51:10,559 [INFO] WS-11 err: bash: cannot set terminal process group (-1): Inappropriate ioctl for device
bash: no job control in this shell
2026-04-14 23:51:10,961 [INFO] WS-12: Go to init complete.
2026-04-14 23:51:10,962 [INFO] WS-12 err: bash: cannot set terminal process group (-1): Inappropriate ioctl for device
bash: no job control in this shell
2026-04-14 23:51:10,962 [INFO] WS-13: Go to init complete.
2026-04-14 23:51:10,962 [INFO] WS-13 err: bash: cannot set terminal process group (-1): Inappropriate ioctl for device
bash: no job control in this shell
2026-04-14 23:51:11,566 [INFO] WS-14: Go to init complete.
2026-04-14 23:51:11,566 [INFO] WS-14 err: bash: cannot set terminal process group (-1): Inappropriate ioctl for device
bash: no job control in this shell
2026-04-14 23:51:11,566 [INFO]   WS-11: Go to init complete.
2026-04-14 23:51:11,566 [INFO]   WS-12: Go to init complete.
2026-04-14 23:51:11,566 [INFO]   WS-13: Go to init complete.
2026-04-14 23:51:11,566 [INFO]   WS-14: Go to init complete.
2026-04-14 23:51:11,566 [INFO] 'Goto Init' complete.
2026-04-14 23:51:14,270 [INFO] Starting listener on WS-11, WS-12, WS-13, WS-14...
2026-04-14 23:51:15,277 [INFO] WS-11: starting data listener; log /nethome/rbansal66/CS4803ARM_Lab/user_data/armory/logs/workstation_11-listener.log
2026-04-14 23:51:15,378 [INFO] WS-12: starting data listener; log /nethome/rbansal66/CS4803ARM_Lab/user_data/armory/logs/workstation_12-listener.log
2026-04-14 23:51:15,479 [INFO] WS-13: starting data listener; log /nethome/rbansal66/CS4803ARM_Lab/user_data/armory/logs/workstation_13-listener.log
2026-04-14 23:51:15,580 [INFO] WS-14: starting data listener; log /nethome/rbansal66/CS4803ARM_Lab/user_data/armory/logs/workstation_14-listener.log
2026-04-14 23:51:17,891 [INFO] WS-12: data listener started (pid 161); log: /nethome/rbansal66/CS4803ARM_Lab/user_data/armory/logs/workstation_12-listener.log
2026-04-14 23:51:17,891 [INFO] WS-13: data listener started (pid 158); log: /nethome/rbansal66/CS4803ARM_Lab/user_data/armory/logs/workstation_13-listener.log
2026-04-14 23:51:17,891 [INFO] WS-11: data listener started (pid 159); log: /nethome/rbansal66/CS4803ARM_Lab/user_data/armory/logs/workstation_11-listener.log
2026-04-14 23:51:18,093 [INFO] WS-14: data listener started (pid 161); log: /nethome/rbansal66/CS4803ARM_Lab/user_data/armory/logs/workstation_14-listener.log
2026-04-14 23:51:18,094 [INFO]   WS-11: data listener started (pid 159); log: /nethome/rbansal66/CS4803ARM_Lab/user_data
2026-04-14 23:51:18,094 [INFO]   WS-12: data listener started (pid 161); log: /nethome/rbansal66/CS4803ARM_Lab/user_data
2026-04-14 23:51:18,094 [INFO]   WS-13: data listener started (pid 158); log: /nethome/rbansal66/CS4803ARM_Lab/user_data
2026-04-14 23:51:18,094 [INFO]   WS-14: data listener started (pid 161); log: /nethome/rbansal66/CS4803ARM_Lab/user_data
2026-04-14 23:51:18,094 [INFO] Start Listener complete.
2026-04-14 23:51:36,692 [INFO] Starting client on WS-11, WS-12, WS-13, WS-14...
2026-04-14 23:51:37,903 [INFO] WS-11: starting Piper client; log /nethome/rbansal66/CS4803ARM_Lab/user_data/armory/logs/workstation_11-client.log
2026-04-14 23:51:38,307 [INFO] WS-12: starting Piper client; log /nethome/rbansal66/CS4803ARM_Lab/user_data/armory/logs/workstation_12-client.log
2026-04-14 23:51:38,408 [INFO] WS-13: starting Piper client; log /nethome/rbansal66/CS4803ARM_Lab/user_data/armory/logs/workstation_13-client.log
2026-04-14 23:51:38,609 [INFO] WS-14: starting Piper client; log /nethome/rbansal66/CS4803ARM_Lab/user_data/armory/logs/workstation_14-client.log
2026-04-14 23:51:40,924 [INFO] WS-11: Piper client started (pid 225); log: /nethome/rbansal66/CS4803ARM_Lab/user_data/armory/logs/workstation_11-client.log
2026-04-14 23:51:41,024 [INFO] WS-12: Piper client started (pid 228); log: /nethome/rbansal66/CS4803ARM_Lab/user_data/armory/logs/workstation_12-client.log
2026-04-14 23:51:41,126 [INFO] WS-13: Piper client started (pid 226); log: /nethome/rbansal66/CS4803ARM_Lab/user_data/armory/logs/workstation_13-client.log
2026-04-14 23:51:41,227 [INFO] WS-14: Piper client started (pid 229); log: /nethome/rbansal66/CS4803ARM_Lab/user_data/armory/logs/workstation_14-client.log
2026-04-14 23:51:41,227 [INFO]   WS-11: Piper client started (pid 225); log: /nethome/rbansal66/CS4803ARM_Lab/user_data/
2026-04-14 23:51:41,227 [INFO]   WS-12: Piper client started (pid 228); log: /nethome/rbansal66/CS4803ARM_Lab/user_data/
2026-04-14 23:51:41,227 [INFO]   WS-13: Piper client started (pid 226); log: /nethome/rbansal66/CS4803ARM_Lab/user_data/
2026-04-14 23:51:41,227 [INFO]   WS-14: Piper client started (pid 229); log: /nethome/rbansal66/CS4803ARM_Lab/user_data/
2026-04-14 23:51:41,227 [INFO] Start Client complete.
2026-04-14 23:52:10,076 [INFO] EMERGENCY STOP: killing clients on WS-11, WS-12, WS-13, WS-14.
2026-04-14 23:52:10,176 [INFO] WS-11: stopping Piper client
2026-04-14 23:52:10,277 [INFO] WS-12: stopping Piper client
2026-04-14 23:52:10,378 [INFO] WS-13: stopping Piper client
2026-04-14 23:52:10,478 [INFO] WS-14: stopping Piper client
2026-04-14 23:52:11,588 [INFO] WS-11: Piper client stopped; log: /nethome/rbansal66/CS4803ARM_Lab/user_data/armory/logs/workstation_11-client.log
2026-04-14 23:52:11,890 [INFO] WS-12: Piper client stopped; log: /nethome/rbansal66/CS4803ARM_Lab/user_data/armory/logs/workstation_12-client.log
2026-04-14 23:52:12,292 [INFO] WS-13: Piper client stopped; log: /nethome/rbansal66/CS4803ARM_Lab/user_data/armory/logs/workstation_13-client.log
2026-04-14 23:52:12,494 [INFO] WS-14: Piper client stopped; log: /nethome/rbansal66/CS4803ARM_Lab/user_data/armory/logs/workstation_14-client.log
2026-04-14 23:52:12,494 [INFO]   WS-11: Piper client stopped; log: /nethome/rbansal66/CS4803ARM_Lab/user_data/armory/log
2026-04-14 23:52:12,494 [INFO]   WS-12: Piper client stopped; log: /nethome/rbansal66/CS4803ARM_Lab/user_data/armory/log
2026-04-14 23:52:12,595 [INFO]   WS-13: Piper client stopped; log: /nethome/rbansal66/CS4803ARM_Lab/user_data/armory/log
2026-04-14 23:52:12,595 [INFO]   WS-14: Piper client stopped; log: /nethome/rbansal66/CS4803ARM_Lab/user_data/armory/log
2026-04-14 23:52:12,595 [INFO] Emergency client stop complete.
2026-04-14 23:53:07,568 [INFO] ARMory dashboard started.
2026-04-14 23:53:07,568 [INFO] Querying workstation status...
2026-04-14 23:53:10,089 [INFO] WS-11: container running (booted)
2026-04-14 23:53:11,702 [INFO] WS-12: container running (booted)
2026-04-14 23:53:12,814 [INFO] WS-13: container running (booted)
2026-04-14 23:53:14,225 [INFO] WS-14: container running (booted)
2026-04-14 23:53:14,225 [INFO] ALL is ready. Runtime controls unlocked.
2026-04-14 23:53:14,225 [INFO] Status refresh complete.
2026-04-14 23:53:16,423 [INFO] Starting client on WS-11, WS-12, WS-13, WS-14...
2026-04-14 23:53:17,433 [INFO] WS-11: starting Piper client; log /nethome/rbansal66/CS4803ARM_Lab/user_data/armory/logs/workstation_11-client.log
2026-04-14 23:53:17,634 [INFO] WS-12: starting Piper client; log /nethome/rbansal66/CS4803ARM_Lab/user_data/armory/logs/workstation_12-client.log
2026-04-14 23:53:17,836 [INFO] WS-13: starting Piper client; log /nethome/rbansal66/CS4803ARM_Lab/user_data/armory/logs/workstation_13-client.log
2026-04-14 23:53:18,037 [INFO] WS-14: starting Piper client; log /nethome/rbansal66/CS4803ARM_Lab/user_data/armory/logs/workstation_14-client.log
2026-04-14 23:53:20,352 [INFO] WS-12: Piper client started (pid 333); log: /nethome/rbansal66/CS4803ARM_Lab/user_data/armory/logs/workstation_12-client.log
2026-04-14 23:53:20,353 [INFO] WS-13: Piper client started (pid 332); log: /nethome/rbansal66/CS4803ARM_Lab/user_data/armory/logs/workstation_13-client.log
2026-04-14 23:53:20,453 [INFO] WS-14: Piper client started (pid 334); log: /nethome/rbansal66/CS4803ARM_Lab/user_data/armory/logs/workstation_14-client.log
2026-04-14 23:53:20,453 [INFO] WS-11: Piper client started (pid 331); log: /nethome/rbansal66/CS4803ARM_Lab/user_data/armory/logs/workstation_11-client.log
2026-04-14 23:53:20,453 [INFO]   WS-11: Piper client started (pid 331); log: /nethome/rbansal66/CS4803ARM_Lab/user_data/
2026-04-14 23:53:20,453 [INFO]   WS-12: Piper client started (pid 333); log: /nethome/rbansal66/CS4803ARM_Lab/user_data/
2026-04-14 23:53:20,453 [INFO]   WS-13: Piper client started (pid 332); log: /nethome/rbansal66/CS4803ARM_Lab/user_data/
2026-04-14 23:53:20,453 [INFO]   WS-14: Piper client started (pid 334); log: /nethome/rbansal66/CS4803ARM_Lab/user_data/
2026-04-14 23:53:20,453 [INFO] Start Client complete.
2026-04-14 23:53:30,009 [INFO] EMERGENCY STOP: killing clients on WS-11, WS-12, WS-13, WS-14.
2026-04-14 23:53:30,211 [INFO] WS-11: stopping Piper client
2026-04-14 23:53:30,513 [INFO] WS-12: stopping Piper client
2026-04-14 23:53:30,614 [INFO] WS-13: stopping Piper client
2026-04-14 23:53:30,715 [INFO] WS-14: stopping Piper client
2026-04-14 23:53:31,623 [INFO] WS-11: Piper client stopped; log: /nethome/rbansal66/CS4803ARM_Lab/user_data/armory/logs/workstation_11-client.log
2026-04-14 23:53:31,725 [INFO] WS-12: Piper client stopped; log: /nethome/rbansal66/CS4803ARM_Lab/user_data/armory/logs/workstation_12-client.log
2026-04-14 23:53:32,227 [INFO] WS-13: Piper client stopped; log: /nethome/rbansal66/CS4803ARM_Lab/user_data/armory/logs/workstation_13-client.log
2026-04-14 23:53:32,530 [INFO] WS-14: Piper client stopped; log: /nethome/rbansal66/CS4803ARM_Lab/user_data/armory/logs/workstation_14-client.log
2026-04-14 23:53:32,530 [INFO]   WS-11: Piper client stopped; log: /nethome/rbansal66/CS4803ARM_Lab/user_data/armory/log
2026-04-14 23:53:32,531 [INFO]   WS-12: Piper client stopped; log: /nethome/rbansal66/CS4803ARM_Lab/user_data/armory/log
2026-04-14 23:53:32,531 [INFO]   WS-13: Piper client stopped; log: /nethome/rbansal66/CS4803ARM_Lab/user_data/armory/log
2026-04-14 23:53:32,531 [INFO]   WS-14: Piper client stopped; log: /nethome/rbansal66/CS4803ARM_Lab/user_data/armory/log
2026-04-14 23:53:32,531 [INFO] Emergency client stop complete.
2026-04-14 23:54:34,260 [INFO] Starting client on WS-11, WS-12, WS-13, WS-14...
2026-04-14 23:54:35,670 [INFO] WS-11: starting Piper client; log /nethome/rbansal66/CS4803ARM_Lab/user_data/armory/logs/workstation_11-client.log
2026-04-14 23:54:35,771 [INFO] WS-12: starting Piper client; log /nethome/rbansal66/CS4803ARM_Lab/user_data/armory/logs/workstation_12-client.log
2026-04-14 23:54:35,872 [INFO] WS-13: starting Piper client; log /nethome/rbansal66/CS4803ARM_Lab/user_data/armory/logs/workstation_13-client.log
2026-04-14 23:54:35,973 [INFO] WS-14: starting Piper client; log /nethome/rbansal66/CS4803ARM_Lab/user_data/armory/logs/workstation_14-client.log
2026-04-14 23:54:38,391 [INFO] WS-12: Piper client started (pid 458); log: /nethome/rbansal66/CS4803ARM_Lab/user_data/armory/logs/workstation_12-client.log
2026-04-14 23:54:38,491 [INFO] WS-13: Piper client started (pid 458); log: /nethome/rbansal66/CS4803ARM_Lab/user_data/armory/logs/workstation_13-client.log
2026-04-14 23:54:38,592 [INFO] WS-11: Piper client started (pid 454); log: /nethome/rbansal66/CS4803ARM_Lab/user_data/armory/logs/workstation_11-client.log
2026-04-14 23:54:38,592 [INFO] WS-14: Piper client started (pid 459); log: /nethome/rbansal66/CS4803ARM_Lab/user_data/armory/logs/workstation_14-client.log
2026-04-14 23:54:38,692 [INFO]   WS-11: Piper client started (pid 454); log: /nethome/rbansal66/CS4803ARM_Lab/user_data/
2026-04-14 23:54:38,793 [INFO]   WS-12: Piper client started (pid 458); log: /nethome/rbansal66/CS4803ARM_Lab/user_data/
2026-04-14 23:54:38,793 [INFO]   WS-13: Piper client started (pid 458); log: /nethome/rbansal66/CS4803ARM_Lab/user_data/
2026-04-14 23:54:38,893 [INFO]   WS-14: Piper client started (pid 459); log: /nethome/rbansal66/CS4803ARM_Lab/user_data/
2026-04-14 23:54:38,893 [INFO] Start Client complete.
2026-04-14 23:54:59,595 [INFO] EMERGENCY STOP: killing clients on WS-11, WS-12, WS-13, WS-14.
2026-04-14 23:54:59,695 [INFO] WS-11: stopping Piper client
2026-04-14 23:54:59,897 [INFO] WS-12: stopping Piper client
2026-04-14 23:54:59,997 [INFO] WS-13: stopping Piper client
2026-04-14 23:55:00,100 [INFO] WS-14: stopping Piper client
2026-04-14 23:55:01,309 [INFO] WS-11: Piper client stopped; log: /nethome/rbansal66/CS4803ARM_Lab/user_data/armory/logs/workstation_11-client.log
2026-04-14 23:55:01,511 [INFO] WS-12: Piper client stopped; log: /nethome/rbansal66/CS4803ARM_Lab/user_data/armory/logs/workstation_12-client.log
2026-04-14 23:55:02,016 [INFO] WS-13: Piper client stopped; log: /nethome/rbansal66/CS4803ARM_Lab/user_data/armory/logs/workstation_13-client.log
2026-04-14 23:55:02,520 [INFO] WS-14: Piper client stopped; log: /nethome/rbansal66/CS4803ARM_Lab/user_data/armory/logs/workstation_14-client.log
2026-04-14 23:55:02,520 [INFO]   WS-11: Piper client stopped; log: /nethome/rbansal66/CS4803ARM_Lab/user_data/armory/log
2026-04-14 23:55:02,520 [INFO]   WS-12: Piper client stopped; log: /nethome/rbansal66/CS4803ARM_Lab/user_data/armory/log
2026-04-14 23:55:02,520 [INFO]   WS-13: Piper client stopped; log: /nethome/rbansal66/CS4803ARM_Lab/user_data/armory/log
2026-04-14 23:55:02,520 [INFO]   WS-14: Piper client stopped; log: /nethome/rbansal66/CS4803ARM_Lab/user_data/armory/log
2026-04-14 23:55:02,520 [INFO] Emergency client stop complete.
2026-04-14 23:56:27,534 [INFO] Selected WS-11.
2026-04-14 23:56:30,112 [INFO] Starting listener on WS-11...
2026-04-14 23:56:30,515 [INFO] WS-11: starting data listener; log /nethome/rbansal66/CS4803ARM_Lab/user_data/armory/logs/workstation_11-listener.log
2026-04-14 23:56:30,818 [INFO] WS-11: data listener already running (pid 159); log: /nethome/rbansal66/CS4803ARM_Lab/user_data/armory/logs/workstation_11-listener.log
2026-04-14 23:56:30,818 [INFO]   WS-11: data listener already running (pid 159); log: /nethome/rbansal66/CS4803ARM_Lab/u
2026-04-14 23:56:30,818 [INFO] Start Listener complete.
2026-04-14 23:56:33,576 [INFO] Starting client on WS-11...
2026-04-14 23:56:33,979 [INFO] WS-11: starting Piper client; log /nethome/rbansal66/CS4803ARM_Lab/user_data/armory/logs/workstation_11-client.log
2026-04-14 23:56:36,291 [INFO] WS-11: Piper client started (pid 931); log: /nethome/rbansal66/CS4803ARM_Lab/user_data/armory/logs/workstation_11-client.log
2026-04-14 23:56:36,391 [INFO]   WS-11: Piper client started (pid 931); log: /nethome/rbansal66/CS4803ARM_Lab/user_data/
2026-04-14 23:56:36,391 [INFO] Start Client complete.
2026-04-14 23:56:50,162 [INFO] EMERGENCY STOP: killing clients on WS-11.
2026-04-14 23:56:50,364 [INFO] WS-11: stopping Piper client
2026-04-14 23:56:51,572 [INFO] WS-11: Piper client stopped; log: /nethome/rbansal66/CS4803ARM_Lab/user_data/armory/logs/workstation_11-client.log
2026-04-14 23:56:51,572 [INFO]   WS-11: Piper client stopped; log: /nethome/rbansal66/CS4803ARM_Lab/user_data/armory/log
2026-04-14 23:56:51,572 [INFO] Emergency client stop complete.
2026-04-14 23:57:29,213 [INFO] Starting listener on WS-11...
2026-04-14 23:57:29,817 [INFO] WS-11: starting data listener; log /nethome/rbansal66/CS4803ARM_Lab/user_data/armory/logs/workstation_11-listener.log
2026-04-14 23:57:30,622 [INFO] WS-11: data listener already running (pid 159); log: /nethome/rbansal66/CS4803ARM_Lab/user_data/armory/logs/workstation_11-listener.log
2026-04-14 23:57:30,722 [INFO]   WS-11: data listener already running (pid 159); log: /nethome/rbansal66/CS4803ARM_Lab/u
2026-04-14 23:57:30,723 [INFO] Start Listener complete.
2026-04-14 23:57:42,109 [INFO] Stopping listener on WS-11...
2026-04-14 23:57:42,210 [INFO] WS-11: stopping data listener
2026-04-14 23:57:43,320 [INFO] WS-11: data listener stopped; log: /nethome/rbansal66/CS4803ARM_Lab/user_data/armory/logs/workstation_11-listener.log
2026-04-14 23:57:43,320 [INFO]   WS-11: data listener stopped; log: /nethome/rbansal66/CS4803ARM_Lab/user_data/armory/lo
2026-04-14 23:57:43,320 [INFO] Stop Listener complete.
2026-04-14 23:57:51,298 [INFO] Starting listener on WS-11...
2026-04-14 23:57:51,802 [INFO] WS-11: starting data listener; log /nethome/rbansal66/CS4803ARM_Lab/user_data/armory/logs/workstation_11-listener.log
2026-04-14 23:57:54,314 [INFO] WS-11: data listener started (pid 1311); log: /nethome/rbansal66/CS4803ARM_Lab/user_data/armory/logs/workstation_11-listener.log
2026-04-14 23:57:54,314 [INFO]   WS-11: data listener started (pid 1311); log: /nethome/rbansal66/CS4803ARM_Lab/user_dat
2026-04-14 23:57:54,314 [INFO] Start Listener complete.
2026-04-14 23:58:26,758 [INFO] Starting client on WS-11...
2026-04-14 23:58:27,363 [INFO] WS-11: starting Piper client; log /nethome/rbansal66/CS4803ARM_Lab/user_data/armory/logs/workstation_11-client.log
2026-04-14 23:58:29,673 [INFO] WS-11: Piper client started (pid 1691); log: /nethome/rbansal66/CS4803ARM_Lab/user_data/armory/logs/workstation_11-client.log
2026-04-14 23:58:29,874 [INFO]   WS-11: Piper client started (pid 1691); log: /nethome/rbansal66/CS4803ARM_Lab/user_data
2026-04-14 23:58:29,874 [INFO] Start Client complete.
2026-04-14 23:59:14,467 [INFO] EMERGENCY STOP: killing clients on WS-11.
2026-04-14 23:59:14,769 [INFO] WS-11: stopping Piper client
2026-04-14 23:59:15,878 [INFO] WS-11: Piper client stopped; log: /nethome/rbansal66/CS4803ARM_Lab/user_data/armory/logs/workstation_11-client.log
2026-04-14 23:59:15,979 [INFO]   WS-11: Piper client stopped; log: /nethome/rbansal66/CS4803ARM_Lab/user_data/armory/log
2026-04-14 23:59:15,979 [INFO] Emergency client stop complete.
2026-04-15 00:01:09,518 [INFO] Starting client on WS-11...
2026-04-15 00:01:10,022 [INFO] WS-11: starting Piper client; log /nethome/rbansal66/CS4803ARM_Lab/user_data/armory/logs/workstation_11-client.log
2026-04-15 00:01:12,438 [INFO] WS-11: Piper client started (pid 2114); log: /nethome/rbansal66/CS4803ARM_Lab/user_data/armory/logs/workstation_11-client.log
2026-04-15 00:01:12,538 [INFO]   WS-11: Piper client started (pid 2114); log: /nethome/rbansal66/CS4803ARM_Lab/user_data
2026-04-15 00:01:12,538 [INFO] Start Client complete.
2026-04-15 00:01:31,035 [INFO] EMERGENCY STOP: killing clients on WS-11.
2026-04-15 00:01:31,136 [INFO] WS-11: stopping Piper client
2026-04-15 00:01:32,145 [INFO] WS-11: Piper client stopped; log: /nethome/rbansal66/CS4803ARM_Lab/user_data/armory/logs/workstation_11-client.log
2026-04-15 00:01:32,145 [INFO]   WS-11: Piper client stopped; log: /nethome/rbansal66/CS4803ARM_Lab/user_data/armory/log
2026-04-15 00:01:32,145 [INFO] Emergency client stop complete.
2026-04-15 00:01:36,440 [INFO] Stopping listener on WS-11...
2026-04-15 00:01:36,742 [INFO] WS-11: stopping data listener
2026-04-15 00:01:38,151 [INFO] WS-11: data listener stopped; log: /nethome/rbansal66/CS4803ARM_Lab/user_data/armory/logs/workstation_11-listener.log
2026-04-15 00:01:38,151 [INFO]   WS-11: data listener stopped; log: /nethome/rbansal66/CS4803ARM_Lab/user_data/armory/lo
2026-04-15 00:01:38,151 [INFO] Stop Listener complete.
2026-04-15 00:01:43,256 [INFO] Executing 'Goto Init' on WS-11...
2026-04-15 00:01:43,558 [INFO] WS-11: running 'p goto init'
2026-04-15 00:01:45,165 [INFO] WS-11: Go to init complete.
2026-04-15 00:01:45,165 [INFO] WS-11 err: bash: cannot set terminal process group (-1): Inappropriate ioctl for device
bash: no job control in this shell
2026-04-15 00:01:45,165 [INFO]   WS-11: Go to init complete.
2026-04-15 00:01:45,165 [INFO] WS-11 is ready. Runtime controls unlocked.
2026-04-15 00:01:45,165 [INFO] 'Goto Init' complete.
2026-04-15 00:01:51,645 [INFO] Executing 'Disable' on WS-11...
2026-04-15 00:01:51,847 [INFO] WS-11: running 'p goto reset'
2026-04-15 00:01:53,655 [INFO] WS-11: Go to reset complete.
2026-04-15 00:01:53,755 [INFO] WS-11 err: bash: cannot set terminal process group (-1): Inappropriate ioctl for device
bash: no job control in this shell
2026-04-15 00:01:54,060 [INFO] WS-11: running 'p disable'
2026-04-15 00:01:54,765 [INFO] WS-11: 失能成功!!!!
Piper disable sequence complete.
2026-04-15 00:01:54,765 [INFO] WS-11 err: bash: cannot set terminal process group (-1): Inappropriate ioctl for device
bash: no job control in this shell
2026-04-15 00:01:54,765 [INFO]   WS-11: 失能成功!!!!
Piper disable sequence complete.
2026-04-15 00:01:54,765 [INFO] 'Disable' complete.
2026-04-15 00:01:57,477 [INFO] Unselected WS-11.
2026-04-15 00:01:58,381 [INFO] Selected WS-12.
2026-04-15 00:01:58,683 [INFO] Selected WS-13.
2026-04-15 00:01:58,987 [INFO] Selected WS-14.
2026-04-15 00:02:06,198 [INFO] Executing 'Disable' on WS-12, WS-13, WS-14...
2026-04-15 00:02:06,400 [INFO] WS-12: running 'p goto reset'
2026-04-15 00:02:06,602 [INFO] WS-13: running 'p goto reset'
2026-04-15 00:02:06,803 [INFO] WS-14: running 'p goto reset'
2026-04-15 00:02:08,011 [INFO] WS-12: Go to reset complete.
2026-04-15 00:02:08,011 [INFO] WS-12 err: bash: cannot set terminal process group (-1): Inappropriate ioctl for device
bash: no job control in this shell
2026-04-15 00:02:08,213 [INFO] WS-13: Go to reset complete.
2026-04-15 00:02:08,213 [INFO] WS-13 err: bash: cannot set terminal process group (-1): Inappropriate ioctl for device
bash: no job control in this shell
2026-04-15 00:02:08,415 [INFO] WS-14: Go to reset complete.
2026-04-15 00:02:08,415 [INFO] WS-14 err: bash: cannot set terminal process group (-1): Inappropriate ioctl for device
bash: no job control in this shell
2026-04-15 00:02:08,818 [INFO] WS-12: running 'p disable'
2026-04-15 00:02:09,020 [INFO] WS-13: running 'p disable'
2026-04-15 00:02:09,222 [INFO] WS-14: running 'p disable'
2026-04-15 00:02:09,727 [INFO] WS-12: 失能成功!!!!
Piper disable sequence complete.
2026-04-15 00:02:09,728 [INFO] WS-12 err: bash: cannot set terminal process group (-1): Inappropriate ioctl for device
bash: no job control in this shell
2026-04-15 00:02:10,432 [INFO] WS-13: 失能成功!!!!
Piper disable sequence complete.
2026-04-15 00:02:10,432 [INFO] WS-13 err: bash: cannot set terminal process group (-1): Inappropriate ioctl for device
bash: no job control in this shell
2026-04-15 00:02:10,935 [INFO] WS-14: 失能成功!!!!
Piper disable sequence complete.
2026-04-15 00:02:10,935 [INFO] WS-14 err: bash: cannot set terminal process group (-1): Inappropriate ioctl for device
bash: no job control in this shell
2026-04-15 00:02:10,935 [INFO]   WS-12: 失能成功!!!!
Piper disable sequence complete.
2026-04-15 00:02:10,935 [INFO]   WS-13: 失能成功!!!!
Piper disable sequence complete.
2026-04-15 00:02:10,935 [INFO]   WS-14: 失能成功!!!!
Piper disable sequence complete.
2026-04-15 00:02:10,935 [INFO] WS-12, WS-13, WS-14 is ready. Runtime controls unlocked.
2026-04-15 00:02:10,935 [INFO] 'Disable' complete.
2026-04-15 00:02:13,551 [INFO] Selected WS-11.
2026-04-15 00:02:14,857 [INFO] Unselected WS-11.
2026-04-15 00:02:15,259 [INFO] Unselected WS-12.
2026-04-15 00:02:15,561 [INFO] Unselected WS-13.
2026-04-15 00:02:15,864 [INFO] Unselected WS-14.
2026-04-15 00:02:17,859 [INFO] Executing 'Goto Init' on WS-11, WS-12, WS-13, WS-14...
2026-04-15 00:02:18,362 [INFO] WS-11: running 'p goto init'
2026-04-15 00:02:18,564 [INFO] WS-12: running 'p goto init'
2026-04-15 00:02:18,768 [INFO] WS-13: running 'p goto init'
2026-04-15 00:02:18,969 [INFO] WS-14: running 'p goto init'
2026-04-15 00:02:20,078 [INFO] WS-11: Go to init complete.
2026-04-15 00:02:20,078 [INFO] WS-11 err: bash: cannot set terminal process group (-1): Inappropriate ioctl for device
bash: no job control in this shell
2026-04-15 00:02:20,179 [INFO] WS-12: Go to init complete.
2026-04-15 00:02:20,179 [INFO] WS-12 err: bash: cannot set terminal process group (-1): Inappropriate ioctl for device
bash: no job control in this shell
2026-04-15 00:02:20,581 [INFO] WS-13: Go to init complete.
2026-04-15 00:02:20,581 [INFO] WS-13 err: bash: cannot set terminal process group (-1): Inappropriate ioctl for device
bash: no job control in this shell
2026-04-15 00:02:20,682 [INFO] WS-14: Go to init complete.
2026-04-15 00:02:20,682 [INFO] WS-14 err: bash: cannot set terminal process group (-1): Inappropriate ioctl for device
bash: no job control in this shell
2026-04-15 00:02:20,682 [INFO]   WS-11: Go to init complete.
2026-04-15 00:02:20,682 [INFO]   WS-12: Go to init complete.
2026-04-15 00:02:20,682 [INFO]   WS-13: Go to init complete.
2026-04-15 00:02:20,682 [INFO]   WS-14: Go to init complete.
2026-04-15 00:02:20,682 [INFO] ALL is ready. Runtime controls unlocked.
2026-04-15 00:02:20,682 [INFO] 'Goto Init' complete.
2026-04-15 00:02:22,710 [INFO] Starting listener on WS-11, WS-12, WS-13, WS-14...
2026-04-15 00:02:24,726 [INFO] WS-11: starting data listener; log /nethome/rbansal66/CS4803ARM_Lab/user_data/armory/logs/workstation_11-listener.log
2026-04-15 00:02:24,828 [INFO] WS-12: starting data listener; log /nethome/rbansal66/CS4803ARM_Lab/user_data/armory/logs/workstation_12-listener.log
2026-04-15 00:02:24,929 [INFO] WS-13: starting data listener; log /nethome/rbansal66/CS4803ARM_Lab/user_data/armory/logs/workstation_13-listener.log
2026-04-15 00:02:25,130 [INFO] WS-14: starting data listener; log /nethome/rbansal66/CS4803ARM_Lab/user_data/armory/logs/workstation_14-listener.log
2026-04-15 00:02:26,038 [INFO] WS-12: data listener already running (pid 161); log: /nethome/rbansal66/CS4803ARM_Lab/user_data/armory/logs/workstation_12-listener.log
2026-04-15 00:02:26,038 [INFO] WS-13: data listener already running (pid 158); log: /nethome/rbansal66/CS4803ARM_Lab/user_data/armory/logs/workstation_13-listener.log
2026-04-15 00:02:26,038 [INFO] WS-14: data listener already running (pid 161); log: /nethome/rbansal66/CS4803ARM_Lab/user_data/armory/logs/workstation_14-listener.log
2026-04-15 00:02:27,548 [INFO] WS-11: data listener started (pid 2505); log: /nethome/rbansal66/CS4803ARM_Lab/user_data/armory/logs/workstation_11-listener.log
2026-04-15 00:02:27,548 [INFO]   WS-11: data listener started (pid 2505); log: /nethome/rbansal66/CS4803ARM_Lab/user_dat
2026-04-15 00:02:27,548 [INFO]   WS-12: data listener already running (pid 161); log: /nethome/rbansal66/CS4803ARM_Lab/u
2026-04-15 00:02:27,548 [INFO]   WS-13: data listener already running (pid 158); log: /nethome/rbansal66/CS4803ARM_Lab/u
2026-04-15 00:02:27,648 [INFO]   WS-14: data listener already running (pid 161); log: /nethome/rbansal66/CS4803ARM_Lab/u
2026-04-15 00:02:27,648 [INFO] Start Listener complete.
2026-04-15 00:02:32,291 [INFO] Starting client on WS-11, WS-12, WS-13, WS-14...
2026-04-15 00:02:33,803 [INFO] WS-11: starting Piper client; log /nethome/rbansal66/CS4803ARM_Lab/user_data/armory/logs/workstation_11-client.log
2026-04-15 00:02:33,904 [INFO] WS-12: starting Piper client; log /nethome/rbansal66/CS4803ARM_Lab/user_data/armory/logs/workstation_12-client.log
2026-04-15 00:02:34,005 [INFO] WS-13: starting Piper client; log /nethome/rbansal66/CS4803ARM_Lab/user_data/armory/logs/workstation_13-client.log
2026-04-15 00:02:34,409 [INFO] WS-14: starting Piper client; log /nethome/rbansal66/CS4803ARM_Lab/user_data/armory/logs/workstation_14-client.log
2026-04-15 00:02:36,822 [INFO] WS-11: Piper client started (pid 2732); log: /nethome/rbansal66/CS4803ARM_Lab/user_data/armory/logs/workstation_11-client.log
2026-04-15 00:02:36,822 [INFO] WS-12: Piper client started (pid 837); log: /nethome/rbansal66/CS4803ARM_Lab/user_data/armory/logs/workstation_12-client.log
2026-04-15 00:02:36,822 [INFO] WS-13: Piper client started (pid 841); log: /nethome/rbansal66/CS4803ARM_Lab/user_data/armory/logs/workstation_13-client.log
2026-04-15 00:02:36,822 [INFO] WS-14: Piper client started (pid 845); log: /nethome/rbansal66/CS4803ARM_Lab/user_data/armory/logs/workstation_14-client.log
2026-04-15 00:02:36,822 [INFO]   WS-11: Piper client started (pid 2732); log: /nethome/rbansal66/CS4803ARM_Lab/user_data
2026-04-15 00:02:36,822 [INFO]   WS-12: Piper client started (pid 837); log: /nethome/rbansal66/CS4803ARM_Lab/user_data/
2026-04-15 00:02:36,822 [INFO]   WS-13: Piper client started (pid 841); log: /nethome/rbansal66/CS4803ARM_Lab/user_data/
2026-04-15 00:02:36,822 [INFO]   WS-14: Piper client started (pid 845); log: /nethome/rbansal66/CS4803ARM_Lab/user_data/
2026-04-15 00:02:36,822 [INFO] Start Client complete.
2026-04-15 00:03:08,273 [INFO] EMERGENCY STOP: killing clients on WS-11, WS-12, WS-13, WS-14.
2026-04-15 00:03:08,576 [INFO] WS-11: stopping Piper client
2026-04-15 00:03:08,778 [INFO] WS-12: stopping Piper client
2026-04-15 00:03:08,779 [INFO] WS-13: stopping Piper client
2026-04-15 00:03:08,979 [INFO] WS-14: stopping Piper client
2026-04-15 00:03:09,888 [INFO] WS-11: Piper client stopped; log: /nethome/rbansal66/CS4803ARM_Lab/user_data/armory/logs/workstation_11-client.log
2026-04-15 00:03:10,492 [INFO] WS-12: Piper client stopped; log: /nethome/rbansal66/CS4803ARM_Lab/user_data/armory/logs/workstation_12-client.log
2026-04-15 00:03:10,492 [INFO] WS-13: Piper client stopped; log: /nethome/rbansal66/CS4803ARM_Lab/user_data/armory/logs/workstation_13-client.log
2026-04-15 00:03:10,592 [INFO] WS-14: Piper client stopped; log: /nethome/rbansal66/CS4803ARM_Lab/user_data/armory/logs/workstation_14-client.log
2026-04-15 00:03:10,592 [INFO]   WS-11: Piper client stopped; log: /nethome/rbansal66/CS4803ARM_Lab/user_data/armory/log
2026-04-15 00:03:10,592 [INFO]   WS-12: Piper client stopped; log: /nethome/rbansal66/CS4803ARM_Lab/user_data/armory/log
2026-04-15 00:03:10,592 [INFO]   WS-13: Piper client stopped; log: /nethome/rbansal66/CS4803ARM_Lab/user_data/armory/log
2026-04-15 00:03:10,592 [INFO]   WS-14: Piper client stopped; log: /nethome/rbansal66/CS4803ARM_Lab/user_data/armory/log
2026-04-15 00:03:10,592 [INFO] Emergency client stop complete.
2026-04-15 00:03:14,916 [INFO] Selected WS-11.
2026-04-15 00:03:17,009 [INFO] Starting client on WS-11...
2026-04-15 00:03:17,311 [INFO] WS-11: starting Piper client; log /nethome/rbansal66/CS4803ARM_Lab/user_data/armory/logs/workstation_11-client.log
2026-04-15 00:03:19,622 [INFO] WS-11: Piper client started (pid 2856); log: /nethome/rbansal66/CS4803ARM_Lab/user_data/armory/logs/workstation_11-client.log
2026-04-15 00:03:19,722 [INFO]   WS-11: Piper client started (pid 2856); log: /nethome/rbansal66/CS4803ARM_Lab/user_data
2026-04-15 00:03:19,722 [INFO] Start Client complete.
2026-04-15 00:03:38,506 [INFO] EMERGENCY STOP: killing clients on WS-11.
2026-04-15 00:03:38,707 [INFO] WS-11: stopping Piper client
2026-04-15 00:03:38,707 [INFO] Emergency client stop is still running.
2026-04-15 00:03:40,118 [INFO] WS-11: Piper client stopped; log: /nethome/rbansal66/CS4803ARM_Lab/user_data/armory/logs/workstation_11-client.log
2026-04-15 00:03:40,118 [INFO]   WS-11: Piper client stopped; log: /nethome/rbansal66/CS4803ARM_Lab/user_data/armory/log
2026-04-15 00:03:40,118 [INFO] Emergency client stop complete.
2026-04-15 00:03:48,285 [INFO] Executing 'Goto Init' on WS-11...
2026-04-15 00:03:48,588 [INFO] WS-11: running 'p goto init'
2026-04-15 00:03:50,095 [INFO] WS-11: Go to init complete.
2026-04-15 00:03:50,095 [INFO] WS-11 err: bash: cannot set terminal process group (-1): Inappropriate ioctl for device
bash: no job control in this shell
2026-04-15 00:03:50,095 [INFO]   WS-11: Go to init complete.
2026-04-15 00:03:50,095 [INFO] WS-11 is ready. Runtime controls unlocked.
2026-04-15 00:03:50,095 [INFO] 'Goto Init' complete.
2026-04-15 00:04:54,994 [INFO] Selected WS-12.
2026-04-15 00:05:29,453 [INFO] Unselected WS-11.
2026-04-15 00:05:30,158 [INFO] Selected WS-13.
2026-04-15 00:05:30,460 [INFO] Selected WS-14.
2026-04-15 00:05:34,220 [INFO] Starting listener on WS-12, WS-13, WS-14...
2026-04-15 00:05:35,127 [INFO] WS-12: starting data listener; log /nethome/rbansal66/CS4803ARM_Lab/user_data/armory/logs/workstation_12-listener.log
2026-04-15 00:05:35,228 [INFO] WS-13: starting data listener; log /nethome/rbansal66/CS4803ARM_Lab/user_data/armory/logs/workstation_13-listener.log
2026-04-15 00:05:35,429 [INFO] WS-14: starting data listener; log /nethome/rbansal66/CS4803ARM_Lab/user_data/armory/logs/workstation_14-listener.log
2026-04-15 00:05:36,439 [INFO] WS-12: data listener already running (pid 161); log: /nethome/rbansal66/CS4803ARM_Lab/user_data/armory/logs/workstation_12-listener.log
2026-04-15 00:05:36,539 [INFO] WS-13: data listener already running (pid 158); log: /nethome/rbansal66/CS4803ARM_Lab/user_data/armory/logs/workstation_13-listener.log
2026-04-15 00:05:36,540 [INFO] WS-14: data listener already running (pid 161); log: /nethome/rbansal66/CS4803ARM_Lab/user_data/armory/logs/workstation_14-listener.log
2026-04-15 00:05:36,540 [INFO]   WS-12: data listener already running (pid 161); log: /nethome/rbansal66/CS4803ARM_Lab/u
2026-04-15 00:05:36,640 [INFO]   WS-13: data listener already running (pid 158); log: /nethome/rbansal66/CS4803ARM_Lab/u
2026-04-15 00:05:36,640 [INFO]   WS-14: data listener already running (pid 161); log: /nethome/rbansal66/CS4803ARM_Lab/u
2026-04-15 00:05:36,741 [INFO] Start Listener complete.
2026-04-15 00:05:46,691 [INFO] Stopping listener on WS-12, WS-13, WS-14...
2026-04-15 00:05:46,892 [INFO] WS-12: stopping data listener
2026-04-15 00:05:47,093 [INFO] WS-13: stopping data listener
2026-04-15 00:05:47,496 [INFO] WS-14: stopping data listener
2026-04-15 00:05:48,806 [INFO] WS-12: data listener stopped; log: /nethome/rbansal66/CS4803ARM_Lab/user_data/armory/logs/workstation_12-listener.log
2026-04-15 00:05:49,411 [INFO] WS-13: data listener stopped; log: /nethome/rbansal66/CS4803ARM_Lab/user_data/armory/logs/workstation_13-listener.log
2026-04-15 00:05:49,713 [INFO] WS-14: data listener stopped; log: /nethome/rbansal66/CS4803ARM_Lab/user_data/armory/logs/workstation_14-listener.log
2026-04-15 00:05:49,713 [INFO]   WS-12: data listener stopped; log: /nethome/rbansal66/CS4803ARM_Lab/user_data/armory/lo
2026-04-15 00:05:49,814 [INFO]   WS-13: data listener stopped; log: /nethome/rbansal66/CS4803ARM_Lab/user_data/armory/lo
2026-04-15 00:05:49,914 [INFO]   WS-14: data listener stopped; log: /nethome/rbansal66/CS4803ARM_Lab/user_data/armory/lo
2026-04-15 00:05:49,914 [INFO] Stop Listener complete.
2026-04-15 00:05:56,299 [INFO] Starting listener on WS-12, WS-13, WS-14...
2026-04-15 00:05:57,809 [INFO] WS-12: starting data listener; log /nethome/rbansal66/CS4803ARM_Lab/user_data/armory/logs/workstation_12-listener.log
2026-04-15 00:05:57,810 [INFO] WS-13: starting data listener; log /nethome/rbansal66/CS4803ARM_Lab/user_data/armory/logs/workstation_13-listener.log
2026-04-15 00:05:57,910 [INFO] WS-14: starting data listener; log /nethome/rbansal66/CS4803ARM_Lab/user_data/armory/logs/workstation_14-listener.log
2026-04-15 00:06:00,122 [INFO] WS-12: data listener started (pid 1358); log: /nethome/rbansal66/CS4803ARM_Lab/user_data/armory/logs/workstation_12-listener.log
2026-04-15 00:06:00,122 [INFO] WS-13: data listener started (pid 1007); log: /nethome/rbansal66/CS4803ARM_Lab/user_data/armory/logs/workstation_13-listener.log
2026-04-15 00:06:00,323 [INFO] WS-14: data listener started (pid 1013); log: /nethome/rbansal66/CS4803ARM_Lab/user_data/armory/logs/workstation_14-listener.log
2026-04-15 00:06:00,323 [INFO]   WS-12: data listener started (pid 1358); log: /nethome/rbansal66/CS4803ARM_Lab/user_dat
2026-04-15 00:06:00,323 [INFO]   WS-13: data listener started (pid 1007); log: /nethome/rbansal66/CS4803ARM_Lab/user_dat
2026-04-15 00:06:00,323 [INFO]   WS-14: data listener started (pid 1013); log: /nethome/rbansal66/CS4803ARM_Lab/user_dat
2026-04-15 00:06:00,323 [INFO] Start Listener complete.
2026-04-15 00:06:33,872 [INFO] Unselected WS-14.
2026-04-15 00:06:34,174 [INFO] Unselected WS-13.
2026-04-15 00:06:34,476 [INFO] Unselected WS-12.
2026-04-15 00:06:36,905 [INFO] Starting client on WS-11, WS-12, WS-13, WS-14...
2026-04-15 00:06:38,215 [INFO] WS-11: starting Piper client; log /nethome/rbansal66/CS4803ARM_Lab/user_data/armory/logs/workstation_11-client.log
2026-04-15 00:06:38,517 [INFO] WS-12: starting Piper client; log /nethome/rbansal66/CS4803ARM_Lab/user_data/armory/logs/workstation_12-client.log
2026-04-15 00:06:38,719 [INFO] WS-13: starting Piper client; log /nethome/rbansal66/CS4803ARM_Lab/user_data/armory/logs/workstation_13-client.log
2026-04-15 00:06:39,121 [INFO] WS-14: starting Piper client; log /nethome/rbansal66/CS4803ARM_Lab/user_data/armory/logs/workstation_14-client.log
2026-04-15 00:06:41,936 [INFO] WS-12: Piper client started (pid 1609); log: /nethome/rbansal66/CS4803ARM_Lab/user_data/armory/logs/workstation_12-client.log
2026-04-15 00:06:42,338 [INFO] WS-13: Piper client started (pid 1327); log: /nethome/rbansal66/CS4803ARM_Lab/user_data/armory/logs/workstation_13-client.log
2026-04-15 00:06:42,339 [INFO] WS-11: Piper client started (pid 3107); log: /nethome/rbansal66/CS4803ARM_Lab/user_data/armory/logs/workstation_11-client.log
2026-04-15 00:06:42,339 [INFO] WS-14: Piper client started (pid 1332); log: /nethome/rbansal66/CS4803ARM_Lab/user_data/armory/logs/workstation_14-client.log
2026-04-15 00:06:42,339 [INFO]   WS-11: Piper client started (pid 3107); log: /nethome/rbansal66/CS4803ARM_Lab/user_data
2026-04-15 00:06:42,339 [INFO]   WS-12: Piper client started (pid 1609); log: /nethome/rbansal66/CS4803ARM_Lab/user_data
2026-04-15 00:06:42,440 [INFO]   WS-13: Piper client started (pid 1327); log: /nethome/rbansal66/CS4803ARM_Lab/user_data
2026-04-15 00:06:42,440 [INFO]   WS-14: Piper client started (pid 1332); log: /nethome/rbansal66/CS4803ARM_Lab/user_data
2026-04-15 00:06:42,440 [INFO] Start Client complete.
2026-04-15 00:06:47,768 [INFO] EMERGENCY STOP: killing clients on WS-11, WS-12, WS-13, WS-14.
2026-04-15 00:06:47,869 [INFO] WS-11: stopping Piper client
2026-04-15 00:06:48,172 [INFO] WS-12: stopping Piper client
2026-04-15 00:06:48,272 [INFO] WS-13: stopping Piper client
2026-04-15 00:06:48,373 [INFO] WS-14: stopping Piper client
2026-04-15 00:06:49,382 [INFO] WS-11: Piper client stopped; log: /nethome/rbansal66/CS4803ARM_Lab/user_data/armory/logs/workstation_11-client.log
2026-04-15 00:06:49,785 [INFO] WS-12: Piper client stopped; log: /nethome/rbansal66/CS4803ARM_Lab/user_data/armory/logs/workstation_12-client.log
2026-04-15 00:06:49,986 [INFO] WS-13: Piper client stopped; log: /nethome/rbansal66/CS4803ARM_Lab/user_data/armory/logs/workstation_13-client.log
2026-04-15 00:06:50,188 [INFO] Emergency client stop is still running.
2026-04-15 00:06:50,188 [INFO] WS-14: Piper client stopped; log: /nethome/rbansal66/CS4803ARM_Lab/user_data/armory/logs/workstation_14-client.log
2026-04-15 00:06:50,188 [INFO]   WS-11: Piper client stopped; log: /nethome/rbansal66/CS4803ARM_Lab/user_data/armory/log
2026-04-15 00:06:50,189 [INFO]   WS-12: Piper client stopped; log: /nethome/rbansal66/CS4803ARM_Lab/user_data/armory/log
2026-04-15 00:06:50,189 [INFO]   WS-13: Piper client stopped; log: /nethome/rbansal66/CS4803ARM_Lab/user_data/armory/log
2026-04-15 00:06:50,189 [INFO]   WS-14: Piper client stopped; log: /nethome/rbansal66/CS4803ARM_Lab/user_data/armory/log
2026-04-15 00:06:50,189 [INFO] Emergency client stop complete.
2026-04-15 00:06:56,330 [INFO] Executing 'Goto Init' on WS-11, WS-12, WS-13, WS-14...
2026-04-15 00:06:56,532 [INFO] WS-11: running 'p goto init'
2026-04-15 00:06:56,735 [INFO] WS-12: running 'p goto init'
2026-04-15 00:06:57,038 [INFO] WS-13: running 'p goto init'
2026-04-15 00:06:57,240 [INFO] WS-14: running 'p goto init'
2026-04-15 00:06:58,246 [INFO] WS-11: Go to init complete.
2026-04-15 00:06:58,247 [INFO] WS-11 err: bash: cannot set terminal process group (-1): Inappropriate ioctl for device
bash: no job control in this shell
2026-04-15 00:06:58,348 [INFO] WS-12: Go to init complete.
2026-04-15 00:06:58,348 [INFO] WS-12 err: bash: cannot set terminal process group (-1): Inappropriate ioctl for device
bash: no job control in this shell
2026-04-15 00:06:58,649 [INFO] WS-13: Go to init complete.
2026-04-15 00:06:58,649 [INFO] WS-13 err: bash: cannot set terminal process group (-1): Inappropriate ioctl for device
bash: no job control in this shell
2026-04-15 00:06:58,951 [INFO] WS-14: Go to init complete.
2026-04-15 00:06:58,951 [INFO] WS-14 err: bash: cannot set terminal process group (-1): Inappropriate ioctl for device
bash: no job control in this shell
2026-04-15 00:06:58,951 [INFO]   WS-11: Go to init complete.
2026-04-15 00:06:58,951 [INFO]   WS-12: Go to init complete.
2026-04-15 00:06:58,951 [INFO]   WS-13: Go to init complete.
2026-04-15 00:06:58,951 [INFO]   WS-14: Go to init complete.
2026-04-15 00:06:58,951 [INFO] ALL is ready. Runtime controls unlocked.
2026-04-15 00:06:58,951 [INFO] 'Goto Init' complete.
2026-04-15 00:07:17,309 [INFO] Executing 'Goto Zero' on WS-11, WS-12, WS-13, WS-14...
2026-04-15 00:07:17,813 [INFO] WS-11: running 'p goto zero'
2026-04-15 00:07:18,117 [INFO] WS-12: running 'p goto zero'
2026-04-15 00:07:18,520 [INFO] WS-13: running 'p goto zero'
2026-04-15 00:07:18,722 [INFO] WS-14: running 'p goto zero'
2026-04-15 00:07:19,627 [INFO] WS-11: Go to zero complete.
2026-04-15 00:07:19,627 [INFO] WS-11 err: bash: cannot set terminal process group (-1): Inappropriate ioctl for device
bash: no job control in this shell
2026-04-15 00:07:19,728 [INFO] WS-12: Go to zero complete.
2026-04-15 00:07:19,728 [INFO] WS-12 err: bash: cannot set terminal process group (-1): Inappropriate ioctl for device
bash: no job control in this shell
2026-04-15 00:07:20,130 [INFO] WS-13: Go to zero complete.
2026-04-15 00:07:20,130 [INFO] WS-13 err: bash: cannot set terminal process group (-1): Inappropriate ioctl for device
bash: no job control in this shell
2026-04-15 00:07:20,532 [INFO] WS-14: Go to zero complete.
2026-04-15 00:07:20,532 [INFO] WS-14 err: bash: cannot set terminal process group (-1): Inappropriate ioctl for device
bash: no job control in this shell
2026-04-15 00:07:20,532 [INFO]   WS-11: Go to zero complete.
2026-04-15 00:07:20,532 [INFO]   WS-12: Go to zero complete.
2026-04-15 00:07:20,532 [INFO]   WS-13: Go to zero complete.
2026-04-15 00:07:20,532 [INFO]   WS-14: Go to zero complete.
2026-04-15 00:07:20,532 [INFO] 'Goto Zero' complete.
2026-04-15 00:07:35,678 [INFO] Executing 'Goto Init' on WS-11, WS-12, WS-13, WS-14...
2026-04-15 00:07:36,081 [INFO] WS-11: running 'p goto init'
2026-04-15 00:07:36,786 [INFO] WS-12: running 'p goto init'
2026-04-15 00:07:36,988 [INFO] WS-13: running 'p goto init'
2026-04-15 00:07:37,190 [INFO] WS-14: running 'p goto init'
2026-04-15 00:07:37,994 [INFO] WS-11: Go to init complete.
2026-04-15 00:07:37,994 [INFO] WS-11 err: bash: cannot set terminal process group (-1): Inappropriate ioctl for device
bash: no job control in this shell
2026-04-15 00:07:38,396 [INFO] WS-12: Go to init complete.
2026-04-15 00:07:38,396 [INFO] WS-12 err: bash: cannot set terminal process group (-1): Inappropriate ioctl for device
bash: no job control in this shell
2026-04-15 00:07:38,799 [INFO] WS-13: Go to init complete.
2026-04-15 00:07:38,799 [INFO] WS-13 err: bash: cannot set terminal process group (-1): Inappropriate ioctl for device
bash: no job control in this shell
2026-04-15 00:07:39,101 [INFO] WS-14: Go to init complete.
2026-04-15 00:07:39,101 [INFO] WS-14 err: bash: cannot set terminal process group (-1): Inappropriate ioctl for device
bash: no job control in this shell
2026-04-15 00:07:39,101 [INFO]   WS-11: Go to init complete.
2026-04-15 00:07:39,101 [INFO]   WS-12: Go to init complete.
2026-04-15 00:07:39,101 [INFO]   WS-13: Go to init complete.
2026-04-15 00:07:39,101 [INFO]   WS-14: Go to init complete.
2026-04-15 00:07:39,101 [INFO] 'Goto Init' complete.
2026-04-15 00:07:41,369 [INFO] Starting client on WS-11, WS-12, WS-13, WS-14...
2026-04-15 00:07:43,182 [INFO] WS-11: starting Piper client; log /nethome/rbansal66/CS4803ARM_Lab/user_data/armory/logs/workstation_11-client.log
2026-04-15 00:07:43,282 [INFO] WS-12: starting Piper client; log /nethome/rbansal66/CS4803ARM_Lab/user_data/armory/logs/workstation_12-client.log
2026-04-15 00:07:43,283 [INFO] WS-13: starting Piper client; log /nethome/rbansal66/CS4803ARM_Lab/user_data/armory/logs/workstation_13-client.log
2026-04-15 00:07:43,284 [INFO] WS-14: starting Piper client; log /nethome/rbansal66/CS4803ARM_Lab/user_data/armory/logs/workstation_14-client.log
2026-04-15 00:07:46,105 [INFO] WS-11: Piper client started (pid 3415); log: /nethome/rbansal66/CS4803ARM_Lab/user_data/armory/logs/workstation_11-client.log
2026-04-15 00:07:46,206 [INFO] WS-12: Piper client started (pid 1916); log: /nethome/rbansal66/CS4803ARM_Lab/user_data/armory/logs/workstation_12-client.log
2026-04-15 00:07:46,206 [INFO] WS-13: Piper client started (pid 1635); log: /nethome/rbansal66/CS4803ARM_Lab/user_data/armory/logs/workstation_13-client.log
2026-04-15 00:07:46,206 [INFO] WS-14: Piper client started (pid 1641); log: /nethome/rbansal66/CS4803ARM_Lab/user_data/armory/logs/workstation_14-client.log
2026-04-15 00:07:46,206 [INFO]   WS-11: Piper client started (pid 3415); log: /nethome/rbansal66/CS4803ARM_Lab/user_data
2026-04-15 00:07:46,206 [INFO]   WS-12: Piper client started (pid 1916); log: /nethome/rbansal66/CS4803ARM_Lab/user_data
2026-04-15 00:07:46,206 [INFO]   WS-13: Piper client started (pid 1635); log: /nethome/rbansal66/CS4803ARM_Lab/user_data
2026-04-15 00:07:46,206 [INFO]   WS-14: Piper client started (pid 1641); log: /nethome/rbansal66/CS4803ARM_Lab/user_data
2026-04-15 00:07:46,306 [INFO] Start Client complete.
2026-04-15 00:08:42,057 [INFO] EMERGENCY STOP: killing clients on WS-11, WS-12, WS-13, WS-14.
2026-04-15 00:08:42,259 [INFO] WS-11: stopping Piper client
2026-04-15 00:08:42,360 [INFO] WS-12: stopping Piper client
2026-04-15 00:08:42,460 [INFO] WS-13: stopping Piper client
2026-04-15 00:08:42,661 [INFO] WS-14: stopping Piper client
2026-04-15 00:08:43,470 [INFO] WS-11: Piper client stopped; log: /nethome/rbansal66/CS4803ARM_Lab/user_data/armory/logs/workstation_11-client.log
2026-04-15 00:08:44,679 [INFO] WS-12: Piper client stopped; log: /nethome/rbansal66/CS4803ARM_Lab/user_data/armory/logs/workstation_12-client.log
2026-04-15 00:08:44,679 [INFO] WS-13: Piper client stopped; log: /nethome/rbansal66/CS4803ARM_Lab/user_data/armory/logs/workstation_13-client.log
2026-04-15 00:08:45,283 [INFO] WS-14: Piper client stopped; log: /nethome/rbansal66/CS4803ARM_Lab/user_data/armory/logs/workstation_14-client.log
2026-04-15 00:08:45,283 [INFO]   WS-11: Piper client stopped; log: /nethome/rbansal66/CS4803ARM_Lab/user_data/armory/log
2026-04-15 00:08:45,283 [INFO]   WS-12: Piper client stopped; log: /nethome/rbansal66/CS4803ARM_Lab/user_data/armory/log
2026-04-15 00:08:45,283 [INFO]   WS-13: Piper client stopped; log: /nethome/rbansal66/CS4803ARM_Lab/user_data/armory/log
2026-04-15 00:08:45,283 [INFO]   WS-14: Piper client stopped; log: /nethome/rbansal66/CS4803ARM_Lab/user_data/armory/log
2026-04-15 00:08:45,283 [INFO] Emergency client stop complete.
2026-04-15 00:08:51,076 [INFO] Executing 'Goto Init' on WS-11, WS-12, WS-13, WS-14...
2026-04-15 00:08:51,379 [INFO] WS-11: running 'p goto init'
2026-04-15 00:08:51,581 [INFO] WS-12: running 'p goto init'
2026-04-15 00:08:51,784 [INFO] WS-13: running 'p goto init'
2026-04-15 00:08:52,187 [INFO] WS-14: running 'p goto init'
2026-04-15 00:08:53,092 [INFO] WS-11: Go to init complete.
2026-04-15 00:08:53,092 [INFO] WS-11 err: bash: cannot set terminal process group (-1): Inappropriate ioctl for device
bash: no job control in this shell
2026-04-15 00:08:53,192 [INFO] WS-12: Go to init complete.
2026-04-15 00:08:53,192 [INFO] WS-12 err: bash: cannot set terminal process group (-1): Inappropriate ioctl for device
bash: no job control in this shell
2026-04-15 00:08:53,394 [INFO] WS-13: Go to init complete.
2026-04-15 00:08:53,394 [INFO] WS-13 err: bash: cannot set terminal process group (-1): Inappropriate ioctl for device
bash: no job control in this shell
2026-04-15 00:08:53,896 [INFO] WS-14: Go to init complete.
2026-04-15 00:08:53,896 [INFO] WS-14 err: bash: cannot set terminal process group (-1): Inappropriate ioctl for device
bash: no job control in this shell
2026-04-15 00:08:53,896 [INFO]   WS-11: Go to init complete.
2026-04-15 00:08:53,896 [INFO]   WS-12: Go to init complete.
2026-04-15 00:08:53,896 [INFO]   WS-13: Go to init complete.
2026-04-15 00:08:53,896 [INFO]   WS-14: Go to init complete.
2026-04-15 00:08:53,896 [INFO] 'Goto Init' complete.
2026-04-15 00:08:57,368 [INFO] Executing 'Goto Zero' on WS-11, WS-12, WS-13, WS-14...
2026-04-15 00:08:57,771 [INFO] WS-11: running 'p goto zero'
2026-04-15 00:08:58,276 [INFO] WS-12: running 'p goto zero'
2026-04-15 00:08:59,181 [INFO] WS-13: running 'p goto zero'
2026-04-15 00:08:59,283 [INFO] WS-14: running 'p goto zero'
2026-04-15 00:08:59,485 [INFO] WS-11: Go to zero complete.
2026-04-15 00:08:59,485 [INFO] WS-11 err: bash: cannot set terminal process group (-1): Inappropriate ioctl for device
bash: no job control in this shell
2026-04-15 00:09:00,188 [INFO] WS-12: Go to zero complete.
2026-04-15 00:09:00,188 [INFO] WS-12 err: bash: cannot set terminal process group (-1): Inappropriate ioctl for device
bash: no job control in this shell
2026-04-15 00:09:00,792 [INFO] WS-13: Go to zero complete.
2026-04-15 00:09:00,793 [INFO] WS-13 err: bash: cannot set terminal process group (-1): Inappropriate ioctl for device
bash: no job control in this shell
2026-04-15 00:09:00,994 [INFO] WS-14: Go to zero complete.
2026-04-15 00:09:00,994 [INFO] WS-14 err: bash: cannot set terminal process group (-1): Inappropriate ioctl for device
bash: no job control in this shell
2026-04-15 00:09:00,994 [INFO]   WS-11: Go to zero complete.
2026-04-15 00:09:00,994 [INFO]   WS-12: Go to zero complete.
2026-04-15 00:09:00,994 [INFO]   WS-13: Go to zero complete.
2026-04-15 00:09:00,994 [INFO]   WS-14: Go to zero complete.
2026-04-15 00:09:00,994 [INFO] 'Goto Zero' complete.
2026-04-15 00:09:16,363 [INFO] Stopping listener on WS-11, WS-12, WS-13, WS-14...
2026-04-15 00:09:16,464 [INFO] WS-11: stopping data listener
2026-04-15 00:09:16,565 [INFO] WS-12: stopping data listener
2026-04-15 00:09:16,867 [INFO] WS-13: stopping data listener
2026-04-15 00:09:16,968 [INFO] WS-14: stopping data listener
2026-04-15 00:09:17,774 [INFO] WS-11: data listener stopped; log: /nethome/rbansal66/CS4803ARM_Lab/user_data/armory/logs/workstation_11-listener.log
2026-04-15 00:09:17,976 [INFO] WS-12: data listener stopped; log: /nethome/rbansal66/CS4803ARM_Lab/user_data/armory/logs/workstation_12-listener.log
2026-04-15 00:09:18,278 [INFO] WS-13: data listener stopped; log: /nethome/rbansal66/CS4803ARM_Lab/user_data/armory/logs/workstation_13-listener.log
2026-04-15 00:09:18,580 [INFO] WS-14: data listener stopped; log: /nethome/rbansal66/CS4803ARM_Lab/user_data/armory/logs/workstation_14-listener.log
2026-04-15 00:09:18,681 [INFO]   WS-11: data listener stopped; log: /nethome/rbansal66/CS4803ARM_Lab/user_data/armory/lo
2026-04-15 00:09:18,681 [INFO]   WS-12: data listener stopped; log: /nethome/rbansal66/CS4803ARM_Lab/user_data/armory/lo
2026-04-15 00:09:18,682 [INFO]   WS-13: data listener stopped; log: /nethome/rbansal66/CS4803ARM_Lab/user_data/armory/lo
2026-04-15 00:09:18,682 [INFO]   WS-14: data listener stopped; log: /nethome/rbansal66/CS4803ARM_Lab/user_data/armory/lo
2026-04-15 00:09:18,682 [INFO] Stop Listener complete.
2026-04-15 00:10:19,682 [INFO] Executing 'Disable' on WS-11, WS-12, WS-13, WS-14...
2026-04-15 00:10:19,884 [INFO] WS-11: running 'p goto reset'
2026-04-15 00:10:20,188 [INFO] WS-12: running 'p goto reset'
2026-04-15 00:10:20,390 [INFO] WS-13: running 'p goto reset'
2026-04-15 00:10:20,592 [INFO] WS-14: running 'p goto reset'
2026-04-15 00:10:21,598 [INFO] WS-11: Go to reset complete.
2026-04-15 00:10:21,598 [INFO] WS-11 err: bash: cannot set terminal process group (-1): Inappropriate ioctl for device
bash: no job control in this shell
2026-04-15 00:10:21,799 [INFO] WS-12: Go to reset complete.
2026-04-15 00:10:21,799 [INFO] WS-12 err: bash: cannot set terminal process group (-1): Inappropriate ioctl for device
bash: no job control in this shell
2026-04-15 00:10:22,101 [INFO] WS-13: Go to reset complete.
2026-04-15 00:10:22,101 [INFO] WS-13 err: bash: cannot set terminal process group (-1): Inappropriate ioctl for device
bash: no job control in this shell
2026-04-15 00:10:22,101 [INFO] WS-14: Go to reset complete.
2026-04-15 00:10:22,101 [INFO] WS-14 err: bash: cannot set terminal process group (-1): Inappropriate ioctl for device
bash: no job control in this shell
2026-04-15 00:10:22,204 [INFO] WS-11: running 'p disable'
2026-04-15 00:10:22,608 [INFO] WS-12: running 'p disable'
2026-04-15 00:10:23,011 [INFO] WS-13: running 'p disable'
2026-04-15 00:10:23,314 [INFO] WS-14: running 'p disable'
2026-04-15 00:10:23,314 [INFO] WS-12: 失能成功!!!!
Piper disable sequence complete.
2026-04-15 00:10:23,314 [INFO] WS-12 err: bash: cannot set terminal process group (-1): Inappropriate ioctl for device
bash: no job control in this shell
2026-04-15 00:10:23,717 [INFO] WS-11: 失能成功!!!!
Piper disable sequence complete.
2026-04-15 00:10:23,717 [INFO] WS-11 err: bash: cannot set terminal process group (-1): Inappropriate ioctl for device
bash: no job control in this shell
2026-04-15 00:10:23,717 [INFO] WS-13: 失能成功!!!!
Piper disable sequence complete.
2026-04-15 00:10:23,717 [INFO] WS-13 err: bash: cannot set terminal process group (-1): Inappropriate ioctl for device
bash: no job control in this shell
2026-04-15 00:10:24,019 [INFO] WS-14: 失能成功!!!!
Piper disable sequence complete.
2026-04-15 00:10:24,019 [INFO] WS-14 err: bash: cannot set terminal process group (-1): Inappropriate ioctl for device
bash: no job control in this shell
2026-04-15 00:10:24,019 [INFO]   WS-11: 失能成功!!!!
Piper disable sequence complete.
2026-04-15 00:10:24,019 [INFO]   WS-12: 失能成功!!!!
Piper disable sequence complete.
2026-04-15 00:10:24,019 [INFO]   WS-13: 失能成功!!!!
Piper disable sequence complete.
2026-04-15 00:10:24,019 [INFO]   WS-14: 失能成功!!!!
Piper disable sequence complete.
2026-04-15 00:10:24,020 [INFO] 'Disable' complete.
2026-04-15 00:11:36,593 [INFO] Disabling, killing tunnels, and shutting down WS-11, WS-12, WS-13, WS-14...
2026-04-15 00:11:36,895 [INFO] WS-11: running 'p goto reset'
2026-04-15 00:11:37,097 [INFO] WS-12: running 'p goto reset'
2026-04-15 00:11:37,299 [INFO] WS-13: running 'p goto reset'
2026-04-15 00:11:37,803 [INFO] WS-14: running 'p goto reset'
2026-04-15 00:11:38,609 [INFO] WS-11: Go to reset complete.
2026-04-15 00:11:38,609 [INFO] WS-11 err: bash: cannot set terminal process group (-1): Inappropriate ioctl for device
bash: no job control in this shell
2026-04-15 00:11:38,810 [INFO] WS-12: Go to reset complete.
2026-04-15 00:11:38,811 [INFO] WS-12 err: bash: cannot set terminal process group (-1): Inappropriate ioctl for device
bash: no job control in this shell
2026-04-15 00:11:39,012 [INFO] WS-13: Go to reset complete.
2026-04-15 00:11:39,012 [INFO] WS-13 err: bash: cannot set terminal process group (-1): Inappropriate ioctl for device
bash: no job control in this shell
2026-04-15 00:11:39,415 [INFO] WS-14: Go to reset complete.
2026-04-15 00:11:39,415 [INFO] WS-14 err: bash: cannot set terminal process group (-1): Inappropriate ioctl for device
bash: no job control in this shell
2026-04-15 00:11:39,719 [INFO] WS-11: running 'p disable'
2026-04-15 00:11:39,921 [INFO] WS-12: running 'p disable'
2026-04-15 00:11:40,122 [INFO] WS-13: running 'p disable'
2026-04-15 00:11:40,425 [INFO] WS-14: running 'p disable'
2026-04-15 00:11:40,425 [INFO] WS-11: 失能成功!!!!
Piper disable sequence complete.
2026-04-15 00:11:40,425 [INFO] WS-11 err: bash: cannot set terminal process group (-1): Inappropriate ioctl for device
bash: no job control in this shell
2026-04-15 00:11:40,627 [INFO] WS-12: 失能成功!!!!
Piper disable sequence complete.
2026-04-15 00:11:40,627 [INFO] WS-12 err: bash: cannot set terminal process group (-1): Inappropriate ioctl for device
bash: no job control in this shell
2026-04-15 00:11:40,929 [INFO] WS-13: 失能成功!!!!
Piper disable sequence complete.
2026-04-15 00:11:40,929 [INFO] WS-13 err: bash: cannot set terminal process group (-1): Inappropriate ioctl for device
bash: no job control in this shell
2026-04-15 00:11:41,231 [INFO] WS-14: 失能成功!!!!
Piper disable sequence complete.
2026-04-15 00:11:41,231 [INFO] WS-14 err: bash: cannot set terminal process group (-1): Inappropriate ioctl for device
bash: no job control in this shell
2026-04-15 00:11:41,935 [INFO] WS-11: killing tunnel for dave:8080
2026-04-15 00:11:42,139 [INFO] WS-11: tunnel kill FAILED — tunnel kill failed
2026-04-15 00:11:42,140 [INFO] WS-12: killing tunnel for dave:8080
2026-04-15 00:11:42,644 [INFO] WS-12: tunnel kill FAILED — tunnel kill failed
2026-04-15 00:11:42,644 [INFO] WS-13: killing tunnel for dave:8080
2026-04-15 00:11:43,049 [INFO] WS-14: killing tunnel for dave:8080
2026-04-15 00:11:43,049 [INFO] WS-13: tunnel kill FAILED — tunnel kill failed
2026-04-15 00:11:43,252 [INFO] WS-14: tunnel kill FAILED — tunnel kill failed
2026-04-15 00:11:43,453 [INFO] WS-11: stopping Docker container...
2026-04-15 00:11:43,656 [INFO] WS-12: stopping Docker container...
2026-04-15 00:11:43,857 [INFO] WS-13: stopping Docker container...
2026-04-15 00:11:43,857 [INFO] WS-11: shutdown complete
2026-04-15 00:11:43,959 [INFO] WS-12: shutdown complete
2026-04-15 00:11:44,060 [INFO] WS-14: stopping Docker container...
2026-04-15 00:11:44,262 [INFO] WS-13: shutdown complete
2026-04-15 00:11:44,463 [INFO] WS-14: shutdown complete
2026-04-15 00:11:44,463 [INFO]   WS-11: Reset: Go to reset complete.; Disable: 失能成功!!!!
Piper disable sequence complete.
2026-04-15 00:11:44,463 [INFO]   WS-12: Reset: Go to reset complete.; Disable: 失能成功!!!!
Piper disable sequence complete.
2026-04-15 00:11:44,463 [INFO]   WS-13: Reset: Go to reset complete.; Disable: 失能成功!!!!
Piper disable sequence complete.
2026-04-15 00:11:44,463 [INFO]   WS-14: Reset: Go to reset complete.; Disable: 失能成功!!!!
Piper disable sequence complete.
2026-04-15 00:11:44,463 [INFO] Shutdown complete.
2026-04-18 17:21:39,665 [INFO] ARMory dashboard started.
2026-04-18 17:21:39,665 [INFO] Querying workstation status...
2026-04-18 17:21:43,596 [INFO] WS-11: container not running (offline)
2026-04-18 17:21:45,515 [INFO] WS-12: container not running (offline)
2026-04-18 17:21:47,432 [INFO] WS-13: container not running (offline)
2026-04-18 17:21:49,650 [INFO] WS-14: container not running (offline)
2026-04-18 17:21:49,650 [INFO] Status refresh complete.
2026-04-18 17:21:51,562 [INFO] Selected WS-11.
2026-04-18 17:21:51,864 [INFO] Selected WS-12.
2026-04-18 17:21:52,065 [INFO] Selected WS-13.
2026-04-18 17:21:52,266 [INFO] Selected WS-14.
2026-04-18 17:21:56,962 [INFO] Booting WS-11, WS-12, WS-13, WS-14...
2026-04-18 17:21:58,070 [INFO] WS-11: starting Docker container...
2026-04-18 17:21:58,881 [INFO] WS-12: starting Docker container...
2026-04-18 17:21:59,487 [INFO] WS-11: 76f82c0a4bb4719df8a10c416c72244dd10fd17888e6bd0e366671ba8ba01af9
2026-04-18 17:21:59,488 [INFO] WS-13: starting Docker container...
2026-04-18 17:21:59,488 [INFO] WS-12: 00176b5153c0037ae56e3027a06ae09df18896495e5d51e754e6efb2dd64d9ae
2026-04-18 17:21:59,793 [INFO] WS-14: starting Docker container...
2026-04-18 17:21:59,994 [INFO] WS-13: 8c1f0c892395d26158e746df10f8b18618bf01b7960b294f67316150895ffa39
2026-04-18 17:22:00,396 [INFO] WS-14: a9858c5f23a423a6ca4242f2233051928bedbb0056737b9b71ef426aac4bcc90
2026-04-18 17:22:01,809 [INFO] WS-11: container up, running entrypoint...
2026-04-18 17:22:01,910 [INFO] WS-12: container up, running entrypoint...
2026-04-18 17:22:02,313 [INFO] WS-11: boot successful
2026-04-18 17:22:02,313 [INFO] WS-12: boot successful
2026-04-18 17:22:02,414 [INFO] WS-13: container up, running entrypoint...
2026-04-18 17:22:03,221 [INFO] WS-14: container up, running entrypoint...
2026-04-18 17:22:03,322 [INFO] WS-13: boot successful
2026-04-18 17:22:03,423 [INFO] WS-14: boot successful
2026-04-18 17:22:03,423 [INFO]   WS-11: Boot successful
2026-04-18 17:22:03,423 [INFO]   WS-12: Boot successful
2026-04-18 17:22:03,423 [INFO]   WS-13: Boot successful
2026-04-18 17:22:03,423 [INFO]   WS-14: Boot successful
2026-04-18 17:22:03,423 [INFO] WS-11, WS-12, WS-13, WS-14 is ready. Runtime controls unlocked.
2026-04-18 17:22:03,423 [INFO] Boot complete.
2026-04-18 17:22:08,654 [INFO] Executing 'Enable' on WS-11, WS-12, WS-13, WS-14...
2026-04-18 17:22:09,057 [INFO] WS-11: running 'p enable'
2026-04-18 17:22:09,561 [INFO] WS-12: running 'p enable'
2026-04-18 17:22:09,864 [INFO] WS-13: running 'p enable'
2026-04-18 17:22:09,864 [INFO] WS-11: 使能成功!!!!
Piper enable sequence complete.
2026-04-18 17:22:09,865 [INFO] WS-11 err: bash: cannot set terminal process group (-1): Inappropriate ioctl for device
bash: no job control in this shell
bash: /p
2026-04-18 17:22:10,066 [INFO] WS-14: running 'p enable'
2026-04-18 17:22:10,167 [INFO] WS-12: Piper enable sequence complete.
2026-04-18 17:22:10,167 [INFO] WS-12 err: bash: cannot set terminal process group (-1): Inappropriate ioctl for device
bash: no job control in this shell
bash: /p
2026-04-18 17:22:10,470 [INFO] WS-13: Piper enable sequence complete.
2026-04-18 17:22:10,470 [INFO] WS-13 err: bash: cannot set terminal process group (-1): Inappropriate ioctl for device
bash: no job control in this shell
bash: /p
2026-04-18 17:22:10,773 [INFO] WS-14: Piper enable sequence complete.
2026-04-18 17:22:10,773 [INFO] WS-14 err: bash: cannot set terminal process group (-1): Inappropriate ioctl for device
bash: no job control in this shell
bash: /p
2026-04-18 17:22:10,875 [INFO] WS-11: running 'p goto init'
2026-04-18 17:22:11,481 [INFO] WS-12: running 'p goto init'
2026-04-18 17:22:11,783 [INFO] WS-13: running 'p goto init'
2026-04-18 17:22:11,985 [INFO] WS-14: running 'p goto init'
2026-04-18 17:22:12,086 [INFO] WS-12 err: bash: cannot set terminal process group (-1): Inappropriate ioctl for device
bash: no job control in this shell
[2026-04
2026-04-18 17:22:12,288 [INFO] WS-13 err: bash: cannot set terminal process group (-1): Inappropriate ioctl for device
bash: no job control in this shell
[2026-04
2026-04-18 17:22:12,490 [INFO] WS-14 err: bash: cannot set terminal process group (-1): Inappropriate ioctl for device
bash: no job control in this shell
[2026-04
2026-04-18 17:22:12,892 [INFO] WS-11: Go to init complete.
2026-04-18 17:22:12,892 [INFO] WS-11 err: bash: cannot set terminal process group (-1): Inappropriate ioctl for device
bash: no job control in this shell
2026-04-18 17:22:12,892 [INFO]   WS-11: Go to init complete.
2026-04-18 17:22:12,892 [INFO]   WS-12: bash: cannot set terminal process group (-1): Inappropriate ioctl for device
bas
2026-04-18 17:22:12,892 [INFO]   WS-13: bash: cannot set terminal process group (-1): Inappropriate ioctl for device
bas
2026-04-18 17:22:12,892 [INFO]   WS-14: bash: cannot set terminal process group (-1): Inappropriate ioctl for device
bas
2026-04-18 17:22:12,892 [INFO] 'Enable' complete.
2026-04-18 17:22:25,578 [INFO] Executing 'Enable' on WS-11, WS-12, WS-13, WS-14...
2026-04-18 17:22:26,084 [INFO] WS-11: running 'p enable'
2026-04-18 17:22:26,692 [INFO] WS-12: running 'p enable'
2026-04-18 17:22:26,894 [INFO] WS-11: 使能成功!!!!
Piper enable sequence complete.
2026-04-18 17:22:26,894 [INFO] WS-11 err: bash: cannot set terminal process group (-1): Inappropriate ioctl for device
bash: no job control in this shell
bash: /p
2026-04-18 17:22:27,096 [INFO] WS-13: running 'p enable'
2026-04-18 17:22:27,800 [INFO] WS-14: running 'p enable'
2026-04-18 17:22:27,804 [INFO] WS-12: Piper enable sequence complete.
2026-04-18 17:22:27,905 [INFO] WS-12 err: bash: cannot set terminal process group (-1): Inappropriate ioctl for device
bash: no job control in this shell
bash: /p
2026-04-18 17:22:28,005 [INFO] WS-13: Piper enable sequence complete.
2026-04-18 17:22:28,006 [INFO] WS-13 err: bash: cannot set terminal process group (-1): Inappropriate ioctl for device
bash: no job control in this shell
bash: /p
2026-04-18 17:22:28,609 [INFO] WS-14: Piper enable sequence complete.
2026-04-18 17:22:28,609 [INFO] WS-14 err: bash: cannot set terminal process group (-1): Inappropriate ioctl for device
bash: no job control in this shell
bash: /p
2026-04-18 17:22:29,114 [INFO] WS-11: running 'p goto init'
2026-04-18 17:22:29,417 [INFO] WS-12: running 'p goto init'
2026-04-18 17:22:30,224 [INFO] WS-13: running 'p goto init'
2026-04-18 17:22:30,326 [INFO] WS-12 err: bash: cannot set terminal process group (-1): Inappropriate ioctl for device
bash: no job control in this shell
[2026-04
2026-04-18 17:22:30,627 [INFO] WS-14: running 'p goto init'
2026-04-18 17:22:30,728 [INFO] WS-11: Go to init complete.
2026-04-18 17:22:30,728 [INFO] WS-11 err: bash: cannot set terminal process group (-1): Inappropriate ioctl for device
bash: no job control in this shell
2026-04-18 17:22:31,030 [INFO] WS-13 err: bash: cannot set terminal process group (-1): Inappropriate ioctl for device
bash: no job control in this shell
[2026-04
2026-04-18 17:22:31,131 [INFO] WS-14 err: bash: cannot set terminal process group (-1): Inappropriate ioctl for device
bash: no job control in this shell
[2026-04
2026-04-18 17:22:31,131 [INFO]   WS-11: Go to init complete.
2026-04-18 17:22:31,131 [INFO]   WS-12: bash: cannot set terminal process group (-1): Inappropriate ioctl for device
bas
2026-04-18 17:22:31,131 [INFO]   WS-13: bash: cannot set terminal process group (-1): Inappropriate ioctl for device
bas
2026-04-18 17:22:31,131 [INFO]   WS-14: bash: cannot set terminal process group (-1): Inappropriate ioctl for device
bas
2026-04-18 17:22:31,131 [INFO] 'Enable' complete.
2026-04-18 17:22:38,866 [INFO] Executing 'Disable' on WS-11, WS-12, WS-13, WS-14...
2026-04-18 17:22:39,171 [INFO] WS-11: running 'p goto reset'
2026-04-18 17:22:39,374 [INFO] WS-12: running 'p goto reset'
2026-04-18 17:22:39,575 [INFO] WS-13: running 'p goto reset'
2026-04-18 17:22:39,882 [INFO] WS-14: running 'p goto reset'
2026-04-18 17:22:39,882 [INFO] WS-12 err: bash: cannot set terminal process group (-1): Inappropriate ioctl for device
bash: no job control in this shell
[2026-04
2026-04-18 17:22:40,186 [INFO] WS-13 err: bash: cannot set terminal process group (-1): Inappropriate ioctl for device
bash: no job control in this shell
[2026-04
2026-04-18 17:22:40,689 [INFO] WS-14 err: bash: cannot set terminal process group (-1): Inappropriate ioctl for device
bash: no job control in this shell
[2026-04
2026-04-18 17:22:40,891 [INFO] WS-11: Go to reset complete.
2026-04-18 17:22:40,891 [INFO] WS-11 err: bash: cannot set terminal process group (-1): Inappropriate ioctl for device
bash: no job control in this shell
2026-04-18 17:22:41,396 [INFO] WS-11: running 'p disable'
2026-04-18 17:22:42,000 [INFO] WS-12: running 'p disable'
2026-04-18 17:22:42,405 [INFO] WS-13: running 'p disable'
2026-04-18 17:22:42,707 [INFO] WS-14: running 'p disable'
2026-04-18 17:22:42,708 [INFO] WS-12: Piper disable sequence complete.
2026-04-18 17:22:42,708 [INFO] WS-12 err: bash: cannot set terminal process group (-1): Inappropriate ioctl for device
bash: no job control in this shell
[2026-04
2026-04-18 17:22:43,718 [INFO] WS-11: 失能成功!!!!
Piper disable sequence complete.
2026-04-18 17:22:43,818 [INFO] WS-11 err: bash: cannot set terminal process group (-1): Inappropriate ioctl for device
bash: no job control in this shell
2026-04-18 17:22:43,818 [INFO] WS-13: Piper disable sequence complete.
2026-04-18 17:22:43,919 [INFO] WS-13 err: bash: cannot set terminal process group (-1): Inappropriate ioctl for device
bash: no job control in this shell
[2026-04
2026-04-18 17:22:43,919 [INFO] WS-14: Piper disable sequence complete.
2026-04-18 17:22:43,919 [INFO] WS-14 err: bash: cannot set terminal process group (-1): Inappropriate ioctl for device
bash: no job control in this shell
[2026-04
2026-04-18 17:22:43,919 [INFO]   WS-11: 失能成功!!!!
Piper disable sequence complete.
2026-04-18 17:22:43,920 [INFO]   WS-12: Piper disable sequence complete.
2026-04-18 17:22:43,920 [INFO]   WS-13: Piper disable sequence complete.
2026-04-18 17:22:43,920 [INFO]   WS-14: Piper disable sequence complete.
2026-04-18 17:22:43,920 [INFO] 'Disable' complete.
2026-04-18 17:22:50,049 [INFO] Unselected WS-11.
2026-04-18 17:22:50,351 [INFO] Unselected WS-12.
2026-04-18 17:22:50,757 [INFO] Unselected WS-13.
2026-04-18 17:22:51,160 [INFO] Unselected WS-14.
2026-04-18 17:22:53,673 [INFO] Selected WS-12.
2026-04-18 17:22:58,594 [INFO] Executing 'Enable' on WS-12...
2026-04-18 17:22:59,102 [INFO] WS-12: running 'p enable'
2026-04-18 17:22:59,707 [INFO] WS-12: Piper enable sequence complete.
2026-04-18 17:22:59,707 [INFO] WS-12 err: bash: cannot set terminal process group (-1): Inappropriate ioctl for device
bash: no job control in this shell
bash: /p
2026-04-18 17:22:59,809 [INFO] WS-12: running 'p goto init'
2026-04-18 17:23:00,714 [INFO] WS-12 err: bash: cannot set terminal process group (-1): Inappropriate ioctl for device
bash: no job control in this shell
[2026-04
2026-04-18 17:23:00,714 [INFO]   WS-12: bash: cannot set terminal process group (-1): Inappropriate ioctl for device
bas
2026-04-18 17:23:00,714 [INFO] WS-12 is ready. Runtime controls unlocked.
2026-04-18 17:23:00,714 [INFO] 'Enable' complete.
2026-04-18 17:23:06,362 [INFO] Executing 'Disable' on WS-12...
2026-04-18 17:23:06,868 [INFO] WS-12: running 'p goto reset'
2026-04-18 17:23:07,471 [INFO] WS-12 err: bash: cannot set terminal process group (-1): Inappropriate ioctl for device
bash: no job control in this shell
[2026-04
2026-04-18 17:23:07,675 [INFO] WS-12: running 'p disable'
2026-04-18 17:23:08,278 [INFO] WS-12: Piper disable sequence complete.
2026-04-18 17:23:08,278 [INFO] WS-12 err: bash: cannot set terminal process group (-1): Inappropriate ioctl for device
bash: no job control in this shell
[2026-04
2026-04-18 17:23:08,278 [INFO]   WS-12: Piper disable sequence complete.
2026-04-18 17:23:08,278 [INFO] 'Disable' complete.
2026-04-18 17:24:12,986 [INFO] Unselected WS-12.
2026-04-18 17:24:17,066 [INFO] Executing 'Disable' on WS-11, WS-12, WS-13, WS-14...
2026-04-18 17:24:17,369 [INFO] WS-11: running 'p goto reset'
2026-04-18 17:24:17,772 [INFO] WS-12: running 'p goto reset'
2026-04-18 17:24:18,275 [INFO] WS-13: running 'p goto reset'
2026-04-18 17:24:18,578 [INFO] WS-14: running 'p goto reset'
2026-04-18 17:24:19,083 [INFO] WS-11: Go to reset complete.
2026-04-18 17:24:19,083 [INFO] WS-11 err: bash: cannot set terminal process group (-1): Inappropriate ioctl for device
bash: no job control in this shell
2026-04-18 17:24:19,585 [INFO] WS-12: Go to reset complete.
2026-04-18 17:24:19,585 [INFO] WS-12 err: bash: cannot set terminal process group (-1): Inappropriate ioctl for device
bash: no job control in this shell
2026-04-18 17:24:20,088 [INFO] WS-13: Go to reset complete.
2026-04-18 17:24:20,088 [INFO] WS-13 err: bash: cannot set terminal process group (-1): Inappropriate ioctl for device
bash: no job control in this shell
2026-04-18 17:24:20,289 [INFO] WS-14: Go to reset complete.
2026-04-18 17:24:20,290 [INFO] WS-14 err: bash: cannot set terminal process group (-1): Inappropriate ioctl for device
bash: no job control in this shell
2026-04-18 17:24:20,793 [INFO] WS-11: running 'p disable'
2026-04-18 17:24:21,095 [INFO] WS-12: running 'p disable'
2026-04-18 17:24:21,499 [INFO] WS-13: running 'p disable'
2026-04-18 17:24:21,903 [INFO] WS-14: running 'p disable'
2026-04-18 17:24:22,206 [INFO] WS-11: 失能成功!!!!
Piper disable sequence complete.
2026-04-18 17:24:22,206 [INFO] WS-11 err: bash: cannot set terminal process group (-1): Inappropriate ioctl for device
bash: no job control in this shell
2026-04-18 17:24:22,307 [INFO] WS-13: 失能成功!!!!
Piper disable sequence complete.
2026-04-18 17:24:22,407 [INFO] WS-13 err: bash: cannot set terminal process group (-1): Inappropriate ioctl for device
bash: no job control in this shell
2026-04-18 17:24:22,508 [INFO] WS-12: 失能成功!!!!
Piper disable sequence complete.
2026-04-18 17:24:22,508 [INFO] WS-12 err: bash: cannot set terminal process group (-1): Inappropriate ioctl for device
bash: no job control in this shell
2026-04-18 17:24:23,314 [INFO] WS-14: 失能成功!!!!
Piper disable sequence complete.
2026-04-18 17:24:23,314 [INFO] WS-14 err: bash: cannot set terminal process group (-1): Inappropriate ioctl for device
bash: no job control in this shell
2026-04-18 17:24:23,314 [INFO]   WS-11: 失能成功!!!!
Piper disable sequence complete.
2026-04-18 17:24:23,314 [INFO]   WS-12: 失能成功!!!!
Piper disable sequence complete.
2026-04-18 17:24:23,314 [INFO]   WS-13: 失能成功!!!!
Piper disable sequence complete.
2026-04-18 17:24:23,314 [INFO]   WS-14: 失能成功!!!!
Piper disable sequence complete.
2026-04-18 17:24:23,314 [INFO] ALL is ready. Runtime controls unlocked.
2026-04-18 17:24:23,314 [INFO] 'Disable' complete.
2026-04-18 17:24:25,771 [INFO] Executing 'Enable' on WS-11, WS-12, WS-13, WS-14...
2026-04-18 17:24:26,077 [INFO] WS-11: running 'p enable'
2026-04-18 17:24:26,180 [INFO] WS-12: running 'p enable'
2026-04-18 17:24:26,382 [INFO] WS-13: running 'p enable'
2026-04-18 17:24:26,584 [INFO] WS-14: running 'p enable'
2026-04-18 17:24:26,787 [INFO] WS-11: 使能成功!!!!
Piper enable sequence complete.
2026-04-18 17:24:26,787 [INFO] WS-11 err: bash: cannot set terminal process group (-1): Inappropriate ioctl for device
bash: no job control in this shell
bash: /p
2026-04-18 17:24:26,988 [INFO] WS-12: 使能成功!!!!
Piper enable sequence complete.
2026-04-18 17:24:26,988 [INFO] WS-12 err: bash: cannot set terminal process group (-1): Inappropriate ioctl for device
bash: no job control in this shell
bash: /p
2026-04-18 17:24:27,190 [INFO] WS-13: 使能成功!!!!
Piper enable sequence complete.
2026-04-18 17:24:27,190 [INFO] WS-13 err: bash: cannot set terminal process group (-1): Inappropriate ioctl for device
bash: no job control in this shell
bash: /p
2026-04-18 17:24:27,491 [INFO] WS-14: 使能成功!!!!
Piper enable sequence complete.
2026-04-18 17:24:27,492 [INFO] WS-14 err: bash: cannot set terminal process group (-1): Inappropriate ioctl for device
bash: no job control in this shell
bash: /p
2026-04-18 17:24:27,694 [INFO] WS-11: running 'p goto init'
2026-04-18 17:24:28,300 [INFO] WS-12: running 'p goto init'
2026-04-18 17:24:29,005 [INFO] WS-13: running 'p goto init'
2026-04-18 17:24:29,308 [INFO] WS-14: running 'p goto init'
2026-04-18 17:24:29,409 [INFO] WS-11: Go to init complete.
2026-04-18 17:24:29,409 [INFO] WS-11 err: bash: cannot set terminal process group (-1): Inappropriate ioctl for device
bash: no job control in this shell
2026-04-18 17:24:30,515 [INFO] WS-12: Go to init complete.
2026-04-18 17:24:30,515 [INFO] WS-12 err: bash: cannot set terminal process group (-1): Inappropriate ioctl for device
bash: no job control in this shell
2026-04-18 17:24:30,817 [INFO] WS-13: Go to init complete.
2026-04-18 17:24:30,817 [INFO] WS-13 err: bash: cannot set terminal process group (-1): Inappropriate ioctl for device
bash: no job control in this shell
2026-04-18 17:24:30,921 [INFO] WS-14: Go to init complete.
2026-04-18 17:24:30,921 [INFO] WS-14 err: bash: cannot set terminal process group (-1): Inappropriate ioctl for device
bash: no job control in this shell
2026-04-18 17:24:30,921 [INFO]   WS-11: Go to init complete.
2026-04-18 17:24:30,921 [INFO]   WS-12: Go to init complete.
2026-04-18 17:24:30,921 [INFO]   WS-13: Go to init complete.
2026-04-18 17:24:30,921 [INFO]   WS-14: Go to init complete.
2026-04-18 17:24:30,921 [INFO] 'Enable' complete.
2026-04-18 17:24:37,395 [INFO] Executing 'Disable' on WS-11, WS-12, WS-13, WS-14...
2026-04-18 17:24:37,597 [INFO] WS-11: running 'p goto reset'
2026-04-18 17:24:37,899 [INFO] WS-12: running 'p goto reset'
2026-04-18 17:24:38,509 [INFO] WS-13: running 'p goto reset'
2026-04-18 17:24:38,812 [INFO] WS-14: running 'p goto reset'
2026-04-18 17:24:39,315 [INFO] WS-11: Go to reset complete.
2026-04-18 17:24:39,315 [INFO] WS-11 err: bash: cannot set terminal process group (-1): Inappropriate ioctl for device
bash: no job control in this shell
2026-04-18 17:24:39,717 [INFO] WS-12: Go to reset complete.
2026-04-18 17:24:39,717 [INFO] WS-12 err: bash: cannot set terminal process group (-1): Inappropriate ioctl for device
bash: no job control in this shell
2026-04-18 17:24:40,119 [INFO] WS-13: Go to reset complete.
2026-04-18 17:24:40,119 [INFO] WS-13 err: bash: cannot set terminal process group (-1): Inappropriate ioctl for device
bash: no job control in this shell
2026-04-18 17:24:40,420 [INFO] WS-14: Go to reset complete.
2026-04-18 17:24:40,420 [INFO] WS-14 err: bash: cannot set terminal process group (-1): Inappropriate ioctl for device
bash: no job control in this shell
2026-04-18 17:24:40,723 [INFO] WS-11: running 'p disable'
2026-04-18 17:24:41,126 [INFO] WS-12: running 'p disable'
2026-04-18 17:24:41,428 [INFO] WS-13: running 'p disable'
2026-04-18 17:24:42,338 [INFO] WS-12: 失能成功!!!!
Piper disable sequence complete.
2026-04-18 17:24:42,338 [INFO] WS-12 err: bash: cannot set terminal process group (-1): Inappropriate ioctl for device
bash: no job control in this shell
2026-04-18 17:24:42,338 [INFO] WS-14: running 'p disable'
2026-04-18 17:24:42,338 [INFO] WS-11: 失能成功!!!!
Piper disable sequence complete.
2026-04-18 17:24:42,338 [INFO] WS-11 err: bash: cannot set terminal process group (-1): Inappropriate ioctl for device
bash: no job control in this shell
2026-04-18 17:24:42,842 [INFO] WS-13: 失能成功!!!!
Piper disable sequence complete.
2026-04-18 17:24:42,942 [INFO] WS-13 err: bash: cannot set terminal process group (-1): Inappropriate ioctl for device
bash: no job control in this shell
2026-04-18 17:24:43,145 [INFO] WS-14: 失能成功!!!!
Piper disable sequence complete.
2026-04-18 17:24:43,145 [INFO] WS-14 err: bash: cannot set terminal process group (-1): Inappropriate ioctl for device
bash: no job control in this shell
2026-04-18 17:24:43,145 [INFO]   WS-11: 失能成功!!!!
Piper disable sequence complete.
2026-04-18 17:24:43,145 [INFO]   WS-12: 失能成功!!!!
Piper disable sequence complete.
2026-04-18 17:24:43,145 [INFO]   WS-13: 失能成功!!!!
Piper disable sequence complete.
2026-04-18 17:24:43,145 [INFO]   WS-14: 失能成功!!!!
Piper disable sequence complete.
2026-04-18 17:24:43,145 [INFO] 'Disable' complete.
2026-04-18 17:24:49,707 [INFO] Executing 'Enable' on WS-11, WS-12, WS-13, WS-14...
2026-04-18 17:24:49,909 [INFO] WS-11: running 'p enable'
2026-04-18 17:24:50,111 [INFO] WS-12: running 'p enable'
2026-04-18 17:24:50,514 [INFO] WS-13: running 'p enable'
2026-04-18 17:24:50,816 [INFO] WS-11: 使能成功!!!!
Piper enable sequence complete.
2026-04-18 17:24:50,817 [INFO] WS-11 err: bash: cannot set terminal process group (-1): Inappropriate ioctl for device
bash: no job control in this shell
bash: /p
2026-04-18 17:24:50,920 [INFO] WS-14: running 'p enable'
2026-04-18 17:24:50,920 [INFO] WS-12: 使能成功!!!!
Piper enable sequence complete.
2026-04-18 17:24:50,920 [INFO] WS-12 err: bash: cannot set terminal process group (-1): Inappropriate ioctl for device
bash: no job control in this shell
bash: /p
2026-04-18 17:24:51,424 [INFO] WS-13: 使能成功!!!!
Piper enable sequence complete.
2026-04-18 17:24:51,524 [INFO] WS-13 err: bash: cannot set terminal process group (-1): Inappropriate ioctl for device
bash: no job control in this shell
bash: /p
2026-04-18 17:24:52,028 [INFO] WS-14: 使能成功!!!!
Piper enable sequence complete.
2026-04-18 17:24:52,028 [INFO] WS-14 err: bash: cannot set terminal process group (-1): Inappropriate ioctl for device
bash: no job control in this shell
bash: /p
2026-04-18 17:24:52,233 [INFO] WS-11: running 'p goto init'
2026-04-18 17:24:52,940 [INFO] WS-12: running 'p goto init'
2026-04-18 17:24:53,748 [INFO] WS-13: running 'p goto init'
2026-04-18 17:24:53,950 [INFO] WS-11: Go to init complete.
2026-04-18 17:24:53,950 [INFO] WS-11 err: bash: cannot set terminal process group (-1): Inappropriate ioctl for device
bash: no job control in this shell
2026-04-18 17:24:54,051 [INFO] WS-14: running 'p goto init'
2026-04-18 17:24:54,654 [INFO] WS-12: Go to init complete.
2026-04-18 17:24:54,654 [INFO] WS-12 err: bash: cannot set terminal process group (-1): Inappropriate ioctl for device
bash: no job control in this shell
2026-04-18 17:24:55,560 [INFO] WS-13: Go to init complete.
2026-04-18 17:24:55,560 [INFO] WS-13 err: bash: cannot set terminal process group (-1): Inappropriate ioctl for device
bash: no job control in this shell
2026-04-18 17:24:55,963 [INFO] WS-14: Go to init complete.
2026-04-18 17:24:55,963 [INFO] WS-14 err: bash: cannot set terminal process group (-1): Inappropriate ioctl for device
bash: no job control in this shell
2026-04-18 17:24:55,963 [INFO]   WS-11: Go to init complete.
2026-04-18 17:24:55,963 [INFO]   WS-12: Go to init complete.
2026-04-18 17:24:55,963 [INFO]   WS-13: Go to init complete.
2026-04-18 17:24:55,963 [INFO]   WS-14: Go to init complete.
2026-04-18 17:24:56,063 [INFO] 'Enable' complete.
2026-04-18 17:25:00,099 [INFO] Executing 'Goto Init' on WS-11, WS-12, WS-13, WS-14...
2026-04-18 17:25:00,505 [INFO] WS-11: running 'p goto init'
2026-04-18 17:25:00,810 [INFO] WS-12: running 'p goto init'
2026-04-18 17:25:01,518 [INFO] WS-13: running 'p goto init'
2026-04-18 17:25:02,223 [INFO] WS-11: Go to init complete.
2026-04-18 17:25:02,324 [INFO] WS-11 err: bash: cannot set terminal process group (-1): Inappropriate ioctl for device
bash: no job control in this shell
2026-04-18 17:25:02,325 [INFO] WS-14: running 'p goto init'
2026-04-18 17:25:02,325 [INFO] WS-12: Go to init complete.
2026-04-18 17:25:02,325 [INFO] WS-12 err: bash: cannot set terminal process group (-1): Inappropriate ioctl for device
bash: no job control in this shell
2026-04-18 17:25:03,433 [INFO] WS-13: Go to init complete.
2026-04-18 17:25:03,433 [INFO] WS-13 err: bash: cannot set terminal process group (-1): Inappropriate ioctl for device
bash: no job control in this shell
2026-04-18 17:25:04,035 [INFO] WS-14: Go to init complete.
2026-04-18 17:25:04,035 [INFO] WS-14 err: bash: cannot set terminal process group (-1): Inappropriate ioctl for device
bash: no job control in this shell
2026-04-18 17:25:04,036 [INFO]   WS-11: Go to init complete.
2026-04-18 17:25:04,140 [INFO]   WS-12: Go to init complete.
2026-04-18 17:25:04,140 [INFO]   WS-13: Go to init complete.
2026-04-18 17:25:04,140 [INFO]   WS-14: Go to init complete.
2026-04-18 17:25:04,140 [INFO] 'Goto Init' complete.
2026-04-18 17:25:28,412 [INFO] Executing 'Disable' on WS-11, WS-12, WS-13, WS-14...
2026-04-18 17:25:28,714 [INFO] WS-11: running 'p goto reset'
2026-04-18 17:25:29,020 [INFO] WS-12: running 'p goto reset'
2026-04-18 17:25:29,525 [INFO] WS-13: running 'p goto reset'
2026-04-18 17:25:29,929 [INFO] WS-14: running 'p goto reset'
2026-04-18 17:25:30,534 [INFO] WS-11: Go to reset complete.
2026-04-18 17:25:30,534 [INFO] WS-11 err: bash: cannot set terminal process group (-1): Inappropriate ioctl for device
bash: no job control in this shell
2026-04-18 17:25:30,836 [INFO] WS-12: Go to reset complete.
2026-04-18 17:25:30,836 [INFO] WS-12 err: bash: cannot set terminal process group (-1): Inappropriate ioctl for device
bash: no job control in this shell
2026-04-18 17:25:31,238 [INFO] WS-13: Go to reset complete.
2026-04-18 17:25:31,238 [INFO] WS-13 err: bash: cannot set terminal process group (-1): Inappropriate ioctl for device
bash: no job control in this shell
2026-04-18 17:25:31,539 [INFO] WS-14: Go to reset complete.
2026-04-18 17:25:31,539 [INFO] WS-14 err: bash: cannot set terminal process group (-1): Inappropriate ioctl for device
bash: no job control in this shell
2026-04-18 17:25:31,742 [INFO] WS-11: running 'p disable'
2026-04-18 17:25:31,848 [INFO] WS-12: running 'p disable'
2026-04-18 17:25:32,050 [INFO] WS-13: running 'p disable'
2026-04-18 17:25:32,353 [INFO] WS-14: running 'p disable'
2026-04-18 17:25:32,354 [INFO] WS-11: 失能成功!!!!
Piper disable sequence complete.
2026-04-18 17:25:32,354 [INFO] WS-11 err: bash: cannot set terminal process group (-1): Inappropriate ioctl for device
bash: no job control in this shell
2026-04-18 17:25:32,756 [INFO] WS-12: 失能成功!!!!
Piper disable sequence complete.
2026-04-18 17:25:32,756 [INFO] WS-12 err: bash: cannot set terminal process group (-1): Inappropriate ioctl for device
bash: no job control in this shell
2026-04-18 17:25:33,460 [INFO] WS-13: 失能成功!!!!
Piper disable sequence complete.
2026-04-18 17:25:33,460 [INFO] WS-13 err: bash: cannot set terminal process group (-1): Inappropriate ioctl for device
bash: no job control in this shell
2026-04-18 17:25:33,762 [INFO] WS-14: 失能成功!!!!
Piper disable sequence complete.
2026-04-18 17:25:33,762 [INFO] WS-14 err: bash: cannot set terminal process group (-1): Inappropriate ioctl for device
bash: no job control in this shell
2026-04-18 17:25:33,762 [INFO]   WS-11: 失能成功!!!!
Piper disable sequence complete.
2026-04-18 17:25:33,762 [INFO]   WS-12: 失能成功!!!!
Piper disable sequence complete.
2026-04-18 17:25:33,762 [INFO]   WS-13: 失能成功!!!!
Piper disable sequence complete.
2026-04-18 17:25:33,762 [INFO]   WS-14: 失能成功!!!!
Piper disable sequence complete.
2026-04-18 17:25:33,762 [INFO] 'Disable' complete.
2026-04-18 17:25:35,739 [INFO] Disabling, killing tunnels, and shutting down WS-11, WS-12, WS-13, WS-14...
2026-04-18 17:25:35,942 [INFO] WS-11: running 'p goto reset'
2026-04-18 17:25:36,546 [INFO] WS-12: running 'p goto reset'
2026-04-18 17:25:37,051 [INFO] WS-13: running 'p goto reset'
2026-04-18 17:25:37,253 [INFO] WS-14: running 'p goto reset'
2026-04-18 17:25:37,657 [INFO] WS-11: Go to reset complete.
2026-04-18 17:25:37,657 [INFO] WS-11 err: bash: cannot set terminal process group (-1): Inappropriate ioctl for device
bash: no job control in this shell
2026-04-18 17:25:38,362 [INFO] WS-12: Go to reset complete.
2026-04-18 17:25:38,362 [INFO] WS-12 err: bash: cannot set terminal process group (-1): Inappropriate ioctl for device
bash: no job control in this shell
2026-04-18 17:25:38,765 [INFO] WS-13: Go to reset complete.
2026-04-18 17:25:38,765 [INFO] WS-13 err: bash: cannot set terminal process group (-1): Inappropriate ioctl for device
bash: no job control in this shell
2026-04-18 17:25:38,765 [INFO] WS-14: Go to reset complete.
2026-04-18 17:25:38,765 [INFO] WS-14 err: bash: cannot set terminal process group (-1): Inappropriate ioctl for device
bash: no job control in this shell
2026-04-18 17:25:39,068 [INFO] WS-11: running 'p disable'
2026-04-18 17:25:39,675 [INFO] WS-12: running 'p disable'
2026-04-18 17:25:39,877 [INFO] WS-11: 失能成功!!!!
Piper disable sequence complete.
2026-04-18 17:25:39,877 [INFO] WS-11 err: bash: cannot set terminal process group (-1): Inappropriate ioctl for device
bash: no job control in this shell
2026-04-18 17:25:40,078 [INFO] WS-13: running 'p disable'
2026-04-18 17:25:40,281 [INFO] WS-14: running 'p disable'
2026-04-18 17:25:40,585 [INFO] WS-12: 失能成功!!!!
Piper disable sequence complete.
2026-04-18 17:25:40,585 [INFO] WS-12 err: bash: cannot set terminal process group (-1): Inappropriate ioctl for device
bash: no job control in this shell
2026-04-18 17:25:41,289 [INFO] WS-13: 失能成功!!!!
Piper disable sequence complete.
2026-04-18 17:25:41,289 [INFO] WS-13 err: bash: cannot set terminal process group (-1): Inappropriate ioctl for device
bash: no job control in this shell
2026-04-18 17:25:41,794 [INFO] WS-14: 失能成功!!!!
Piper disable sequence complete.
2026-04-18 17:25:41,794 [INFO] WS-14 err: bash: cannot set terminal process group (-1): Inappropriate ioctl for device
bash: no job control in this shell
2026-04-18 17:25:42,097 [INFO] WS-11: killing tunnel for dave:8080
2026-04-18 17:25:42,400 [INFO] WS-11: tunnel kill FAILED — tunnel kill failed
2026-04-18 17:25:42,400 [INFO] WS-12: killing tunnel for dave:8080
2026-04-18 17:25:42,903 [INFO] WS-13: killing tunnel for dave:8080
2026-04-18 17:25:42,904 [INFO] WS-12: tunnel kill FAILED — tunnel kill failed
2026-04-18 17:25:43,005 [INFO] WS-13: tunnel kill FAILED — tunnel kill failed
2026-04-18 17:25:43,006 [INFO] WS-14: killing tunnel for dave:8080
2026-04-18 17:25:43,409 [INFO] WS-14: tunnel kill FAILED — tunnel kill failed
2026-04-18 17:25:43,611 [INFO] WS-11: stopping Docker container...
2026-04-18 17:25:43,914 [INFO] WS-12: stopping Docker container...
2026-04-18 17:25:44,015 [INFO] WS-11: shutdown complete
2026-04-18 17:25:44,219 [INFO] WS-13: stopping Docker container...
2026-04-18 17:25:44,219 [INFO] WS-12: shutdown complete
2026-04-18 17:25:44,522 [INFO] WS-14: stopping Docker container...
2026-04-18 17:25:44,723 [INFO] WS-13: shutdown complete
2026-04-18 17:25:45,026 [INFO] WS-14: shutdown complete
2026-04-18 17:25:45,026 [INFO]   WS-11: Reset: Go to reset complete.; Disable: 失能成功!!!!
Piper disable sequence complete.
2026-04-18 17:25:45,026 [INFO]   WS-12: Reset: Go to reset complete.; Disable: 失能成功!!!!
Piper disable sequence complete.
2026-04-18 17:25:45,026 [INFO]   WS-13: Reset: Go to reset complete.; Disable: 失能成功!!!!
Piper disable sequence complete.
2026-04-18 17:25:45,026 [INFO]   WS-14: Reset: Go to reset complete.; Disable: 失能成功!!!!
Piper disable sequence complete.
2026-04-18 17:25:45,026 [INFO] Shutdown complete.
2026-04-21 20:44:09,373 [INFO] ARMory dashboard started.
2026-04-21 20:44:09,373 [INFO] Querying workstation status...
2026-04-21 20:44:10,884 [INFO] Current operation still running. Controls will unlock shortly.
2026-04-21 20:44:12,497 [INFO] WS-11: container not running (offline)
2026-04-21 20:44:12,800 [INFO] Selected WS-14.
2026-04-21 20:44:14,313 [INFO] WS-12: container not running (offline)
2026-04-21 20:44:16,429 [INFO] WS-13: container not running (offline)
2026-04-21 20:44:18,441 [INFO] WS-14: container not running (offline)
2026-04-21 20:44:18,441 [INFO] Status refresh complete.
2026-04-21 20:44:21,589 [INFO] Booting WS-14...
2026-04-21 20:44:22,596 [INFO] WS-14: starting Docker container...
2026-04-21 20:44:23,202 [INFO] WS-14: 65648ba309a28fb3997482f107155b1839f3c73706ec0d02cbd46b25eda736d8
2026-04-21 20:44:25,313 [INFO] WS-14: container up, running entrypoint...
2026-04-21 20:44:25,516 [INFO] WS-14: boot successful
2026-04-21 20:44:25,516 [INFO]   WS-14: Boot successful
2026-04-21 20:44:25,516 [INFO] WS-14 is ready. Runtime controls unlocked.
2026-04-21 20:44:25,516 [INFO] Boot complete.
2026-04-21 20:44:39,110 [INFO] Executing 'Enable' on WS-14...
2026-04-21 20:44:39,415 [INFO] WS-14: running 'p enable'
2026-04-21 20:44:40,424 [INFO] WS-14: 使能成功!!!!
Piper enable sequence complete.
2026-04-21 20:44:40,425 [INFO] WS-14 err: bash: cannot set terminal process group (-1): Inappropriate ioctl for device
bash: no job control in this shell
bash: /p
2026-04-21 20:44:40,527 [INFO] WS-14: running 'p goto init'
2026-04-21 20:44:42,339 [INFO] WS-14: Go to init complete.
2026-04-21 20:44:42,541 [INFO] WS-14 err: bash: cannot set terminal process group (-1): Inappropriate ioctl for device
bash: no job control in this shell
2026-04-21 20:44:42,642 [INFO]   WS-14: Go to init complete.
2026-04-21 20:44:42,742 [INFO] 'Enable' complete.
2026-04-21 20:44:44,917 [INFO] Executing 'Goto Zero' on WS-14...
2026-04-21 20:44:45,320 [INFO] WS-14: running 'p goto zero'
2026-04-21 20:44:46,929 [INFO] WS-14: Go to zero complete.
2026-04-21 20:44:47,029 [INFO] WS-14 err: bash: cannot set terminal process group (-1): Inappropriate ioctl for device
bash: no job control in this shell
2026-04-21 20:44:47,029 [INFO]   WS-14: Go to zero complete.
2026-04-21 20:44:47,029 [INFO] 'Goto Zero' complete.
2026-04-21 20:45:51,886 [INFO] Starting listener on WS-14...
2026-04-21 20:45:52,390 [INFO] WS-14: starting data listener; log /nethome/rbansal66/CS4803ARM_Lab/user_data/armory/logs/workstation_14-listener.log
2026-04-21 20:45:54,698 [INFO] WS-14: data listener started (pid 285); log: /nethome/rbansal66/CS4803ARM_Lab/user_data/armory/logs/workstation_14-listener.log
2026-04-21 20:45:54,698 [INFO]   WS-14: data listener started (pid 285); log: /nethome/rbansal66/CS4803ARM_Lab/user_data
2026-04-21 20:45:54,698 [INFO] Start Listener complete.
2026-04-21 20:46:09,318 [INFO] Client menu closed.
2026-04-21 20:46:15,062 [INFO] Executing 'Goto Init' on WS-14...
2026-04-21 20:46:15,366 [INFO] WS-14: running 'p goto init'
2026-04-21 20:46:17,074 [INFO] WS-14: Go to init complete.
2026-04-21 20:46:17,074 [INFO] WS-14 err: bash: cannot set terminal process group (-1): Inappropriate ioctl for device
bash: no job control in this shell
2026-04-21 20:46:17,074 [INFO]   WS-14: Go to init complete.
2026-04-21 20:46:17,074 [INFO] 'Goto Init' complete.
2026-04-21 20:46:29,574 [INFO] Starting client on WS-14...
2026-04-21 20:46:29,977 [INFO] WS-14: starting Piper client; log /nethome/rbansal66/CS4803ARM_Lab/user_data/armory/logs/workstation_14-client.log
2026-04-21 20:46:32,388 [INFO] WS-14: Piper client started (pid 664); log: /nethome/rbansal66/CS4803ARM_Lab/user_data/armory/logs/workstation_14-client.log
2026-04-21 20:46:32,388 [INFO]   WS-14: Piper client started (pid 664); log: /nethome/rbansal66/CS4803ARM_Lab/user_data/
2026-04-21 20:46:32,388 [INFO] Start Client complete.
2026-04-21 20:47:35,187 [INFO] EMERGENCY STOP: killing clients on WS-14.
2026-04-21 20:47:35,388 [INFO] WS-14: stopping Piper client
2026-04-21 20:47:36,294 [INFO] WS-14: Piper client stopped; log: /nethome/rbansal66/CS4803ARM_Lab/user_data/armory/logs/workstation_14-client.log
2026-04-21 20:47:36,294 [INFO]   WS-14: Piper client stopped; log: /nethome/rbansal66/CS4803ARM_Lab/user_data/armory/log
2026-04-21 20:47:36,294 [INFO] Emergency client stop complete.
2026-04-21 20:47:40,527 [INFO] Executing 'Goto Init' on WS-14...
2026-04-21 20:47:40,729 [INFO] WS-14: running 'p goto init'
2026-04-21 20:47:42,335 [INFO] WS-14: Go to init complete.
2026-04-21 20:47:42,335 [INFO] WS-14 err: bash: cannot set terminal process group (-1): Inappropriate ioctl for device
bash: no job control in this shell
2026-04-21 20:47:42,335 [INFO]   WS-14: Go to init complete.
2026-04-21 20:47:42,335 [INFO] 'Goto Init' complete.
2026-04-21 21:04:46,903 [INFO] Executing 'Disable' on WS-14...
2026-04-21 21:04:47,511 [INFO] WS-14: running 'p goto reset'
2026-04-21 21:04:49,220 [INFO] WS-14: Go to reset complete.
2026-04-21 21:04:49,220 [INFO] WS-14 err: bash: cannot set terminal process group (-1): Inappropriate ioctl for device
bash: no job control in this shell
2026-04-21 21:04:49,725 [INFO] WS-14: running 'p disable'
2026-04-21 21:04:51,436 [INFO] WS-14: 失能成功!!!!
Piper disable sequence complete.
2026-04-21 21:04:51,436 [INFO] WS-14 err: bash: cannot set terminal process group (-1): Inappropriate ioctl for device
bash: no job control in this shell
2026-04-21 21:04:51,436 [INFO]   WS-14: 失能成功!!!!
Piper disable sequence complete.
2026-04-21 21:04:51,436 [INFO] 'Disable' complete.
2026-04-21 21:04:55,847 [INFO] Stopping listener on WS-14...
2026-04-21 21:04:55,848 [INFO] WS-14: stopping data listener
2026-04-21 21:04:57,159 [INFO] WS-14: data listener stopped; log: /nethome/rbansal66/CS4803ARM_Lab/user_data/armory/logs/workstation_14-listener.log
2026-04-21 21:04:57,160 [INFO]   WS-14: data listener stopped; log: /nethome/rbansal66/CS4803ARM_Lab/user_data/armory/lo
2026-04-21 21:04:57,160 [INFO] Stop Listener complete.
2026-04-21 21:05:02,767 [INFO] Disabling, killing tunnels, and shutting down WS-14...
2026-04-21 21:05:03,071 [INFO] WS-14: running 'p goto reset'
2026-04-21 21:05:04,983 [INFO] WS-14: Go to reset complete.
2026-04-21 21:05:04,983 [INFO] WS-14 err: bash: cannot set terminal process group (-1): Inappropriate ioctl for device
bash: no job control in this shell
2026-04-21 21:05:05,488 [INFO] WS-14: running 'p disable'
2026-04-21 21:05:06,695 [INFO] WS-14: 失能成功!!!!
Piper disable sequence complete.
2026-04-21 21:05:06,695 [INFO] WS-14 err: bash: cannot set terminal process group (-1): Inappropriate ioctl for device
bash: no job control in this shell
2026-04-21 21:05:06,897 [INFO] WS-14: killing tunnel for dave:8080
2026-04-21 21:05:07,101 [INFO] WS-14: tunnel kill FAILED — tunnel kill failed
2026-04-21 21:05:07,404 [INFO] WS-14: stopping Docker container...
2026-04-21 21:05:07,908 [INFO] WS-14: shutdown complete
2026-04-21 21:05:07,908 [INFO]   WS-14: Reset: Go to reset complete.; Disable: 失能成功!!!!
Piper disable sequence complete.
2026-04-21 21:05:07,908 [INFO] Shutdown complete.
2026-04-26 15:45:07,952 [INFO] ARMory dashboard started.
2026-04-26 15:45:07,952 [INFO] Querying workstation status...
2026-04-26 15:45:10,070 [INFO] Current operation still running. Controls will unlock shortly.
2026-04-26 15:45:12,298 [INFO] WS-11: container not running (offline)
2026-04-26 15:45:13,309 [INFO] WS-12: container not running (offline)
2026-04-26 15:45:15,230 [INFO] WS-13: container not running (offline)
2026-04-26 15:45:16,537 [INFO] WS-14: container not running (offline)
2026-04-26 15:45:16,537 [INFO] Status refresh complete.
2026-04-26 15:50:53,284 [INFO] Booting WS-11, WS-12, WS-13, WS-14...
2026-04-26 15:50:54,496 [INFO] WS-11: starting Docker container...
2026-04-26 15:50:54,700 [INFO] WS-12: starting Docker container...
2026-04-26 15:50:55,103 [INFO] WS-13: starting Docker container...
2026-04-26 15:50:55,506 [INFO] WS-11: 36f99c557eb3c1f7e6d4abce29c1e6b3c17d149f398016e7f7aa0de509dc39dd
2026-04-26 15:50:55,607 [INFO] WS-12: 582d60830d824990d1634d30ee223138356e1588f102f7c984b163b53540782c
2026-04-26 15:50:55,607 [INFO] WS-13: 68020a71ae223150c4a58dd0885bc03b52168719f712eed7107369ee7fce0ae3
2026-04-26 15:50:55,910 [INFO] WS-14: starting Docker container...
2026-04-26 15:50:56,616 [INFO] WS-14: fdf2186fcf1ba9b9b894da6ca8af76a9953c526bf7fecbb2f9ea7af0f59d958c
2026-04-26 15:50:57,825 [INFO] WS-11: container up, running entrypoint...
2026-04-26 15:50:57,825 [INFO] WS-12: container up, running entrypoint...
2026-04-26 15:50:57,925 [INFO] WS-13: container up, running entrypoint...
2026-04-26 15:50:58,328 [INFO] WS-11: boot successful
2026-04-26 15:50:58,329 [INFO] WS-12: boot successful
2026-04-26 15:50:58,329 [INFO] WS-13: boot successful
2026-04-26 15:50:58,834 [INFO] WS-14: container up, running entrypoint...
2026-04-26 15:50:59,238 [INFO] WS-14: boot successful
2026-04-26 15:50:59,238 [INFO]   WS-11: Boot successful
2026-04-26 15:50:59,238 [INFO]   WS-12: Boot successful
2026-04-26 15:50:59,238 [INFO]   WS-13: Boot successful
2026-04-26 15:50:59,238 [INFO]   WS-14: Boot successful
2026-04-26 15:50:59,238 [INFO] ALL is ready. Runtime controls unlocked.
2026-04-26 15:50:59,238 [INFO] Boot complete.
2026-04-26 15:51:06,388 [INFO] Executing 'Enable' on WS-11, WS-12, WS-13, WS-14...
2026-04-26 15:51:06,590 [INFO] WS-11: running 'p enable'
2026-04-26 15:51:07,093 [INFO] WS-12: running 'p enable'
2026-04-26 15:51:07,396 [INFO] WS-13: running 'p enable'
2026-04-26 15:51:07,497 [INFO] WS-11: 使能成功!!!!
Piper enable sequence complete.
2026-04-26 15:51:07,497 [INFO] WS-11 err: bash: cannot set terminal process group (-1): Inappropriate ioctl for device
bash: no job control in this shell
bash: /p
2026-04-26 15:51:07,900 [INFO] WS-14: running 'p enable'
2026-04-26 15:51:08,203 [INFO] WS-12: 使能成功!!!!
Piper enable sequence complete.
2026-04-26 15:51:08,203 [INFO] WS-12 err: bash: cannot set terminal process group (-1): Inappropriate ioctl for device
bash: no job control in this shell
bash: /p
2026-04-26 15:51:08,606 [INFO] WS-13: 使能成功!!!!
Piper enable sequence complete.
2026-04-26 15:51:08,607 [INFO] WS-13 err: bash: cannot set terminal process group (-1): Inappropriate ioctl for device
bash: no job control in this shell
bash: /p
2026-04-26 15:51:09,010 [INFO] WS-14: 使能成功!!!!
Piper enable sequence complete.
2026-04-26 15:51:09,010 [INFO] WS-14 err: bash: cannot set terminal process group (-1): Inappropriate ioctl for device
bash: no job control in this shell
bash: /p
2026-04-26 15:51:09,312 [INFO] WS-11: running 'p goto init'
2026-04-26 15:51:09,514 [INFO] WS-12: running 'p goto init'
2026-04-26 15:51:09,716 [INFO] WS-13: running 'p goto init'
2026-04-26 15:51:10,320 [INFO] WS-14: running 'p goto init'
2026-04-26 15:51:10,923 [INFO] WS-11: Go to init complete.
2026-04-26 15:51:10,923 [INFO] WS-11 err: bash: cannot set terminal process group (-1): Inappropriate ioctl for device
bash: no job control in this shell
2026-04-26 15:51:11,024 [INFO] WS-12: Go to init complete.
2026-04-26 15:51:11,024 [INFO] WS-12 err: bash: cannot set terminal process group (-1): Inappropriate ioctl for device
bash: no job control in this shell
2026-04-26 15:51:11,829 [INFO] WS-13: Go to init complete.
2026-04-26 15:51:11,829 [INFO] WS-13 err: bash: cannot set terminal process group (-1): Inappropriate ioctl for device
bash: no job control in this shell
2026-04-26 15:51:12,131 [INFO] WS-14: Go to init complete.
2026-04-26 15:51:12,131 [INFO] WS-14 err: bash: cannot set terminal process group (-1): Inappropriate ioctl for device
bash: no job control in this shell
2026-04-26 15:51:12,131 [INFO]   WS-11: Go to init complete.
2026-04-26 15:51:12,131 [INFO]   WS-12: Go to init complete.
2026-04-26 15:51:12,131 [INFO]   WS-13: Go to init complete.
2026-04-26 15:51:12,131 [INFO]   WS-14: Go to init complete.
2026-04-26 15:51:12,131 [INFO] 'Enable' complete.
2026-04-26 15:52:16,085 [INFO] Starting listener on WS-11, WS-12, WS-13, WS-14...
2026-04-26 15:52:17,194 [INFO] WS-11: starting data listener; log /nethome/rbansal66/CS4803ARM_Lab/user_data/armory/logs/workstation_11-listener.log
2026-04-26 15:52:17,395 [INFO] WS-12: starting data listener; log /nethome/rbansal66/CS4803ARM_Lab/user_data/armory/logs/workstation_12-listener.log
2026-04-26 15:52:17,497 [INFO] WS-13: starting data listener; log /nethome/rbansal66/CS4803ARM_Lab/user_data/armory/logs/workstation_13-listener.log
2026-04-26 15:52:17,798 [INFO] WS-14: starting data listener; log /nethome/rbansal66/CS4803ARM_Lab/user_data/armory/logs/workstation_14-listener.log
2026-04-26 15:52:20,110 [INFO] WS-12: data listener started (pid 221); log: /nethome/rbansal66/CS4803ARM_Lab/user_data/armory/logs/workstation_12-listener.log
2026-04-26 15:52:20,111 [INFO] WS-11: data listener started (pid 225); log: /nethome/rbansal66/CS4803ARM_Lab/user_data/armory/logs/workstation_11-listener.log
2026-04-26 15:52:20,111 [INFO] WS-13: data listener started (pid 227); log: /nethome/rbansal66/CS4803ARM_Lab/user_data/armory/logs/workstation_13-listener.log
2026-04-26 15:52:20,212 [INFO] WS-14: data listener started (pid 224); log: /nethome/rbansal66/CS4803ARM_Lab/user_data/armory/logs/workstation_14-listener.log
2026-04-26 15:52:20,312 [INFO]   WS-11: data listener started (pid 225); log: /nethome/rbansal66/CS4803ARM_Lab/user_data
2026-04-26 15:52:20,413 [INFO]   WS-12: data listener started (pid 221); log: /nethome/rbansal66/CS4803ARM_Lab/user_data
2026-04-26 15:52:20,413 [INFO]   WS-13: data listener started (pid 227); log: /nethome/rbansal66/CS4803ARM_Lab/user_data
2026-04-26 15:52:20,413 [INFO]   WS-14: data listener started (pid 224); log: /nethome/rbansal66/CS4803ARM_Lab/user_data
2026-04-26 15:52:20,413 [INFO] Start Listener complete.
2026-04-26 15:53:55,902 [INFO] Stopping listener on WS-11, WS-12, WS-13, WS-14...
2026-04-26 15:53:56,104 [INFO] WS-11: stopping data listener
2026-04-26 15:53:56,305 [INFO] WS-12: stopping data listener
2026-04-26 15:53:56,507 [INFO] WS-13: stopping data listener
2026-04-26 15:53:56,509 [INFO] WS-14: stopping data listener
2026-04-26 15:53:57,721 [INFO] WS-11: data listener stopped; log: /nethome/rbansal66/CS4803ARM_Lab/user_data/armory/logs/workstation_11-listener.log
2026-04-26 15:53:57,923 [INFO] WS-12: data listener stopped; log: /nethome/rbansal66/CS4803ARM_Lab/user_data/armory/logs/workstation_12-listener.log
2026-04-26 15:53:58,326 [INFO] WS-13: data listener stopped; log: /nethome/rbansal66/CS4803ARM_Lab/user_data/armory/logs/workstation_13-listener.log
2026-04-26 15:53:58,628 [INFO] WS-14: data listener stopped; log: /nethome/rbansal66/CS4803ARM_Lab/user_data/armory/logs/workstation_14-listener.log
2026-04-26 15:53:58,629 [INFO]   WS-11: data listener stopped; log: /nethome/rbansal66/CS4803ARM_Lab/user_data/armory/lo
2026-04-26 15:53:58,730 [INFO]   WS-12: data listener stopped; log: /nethome/rbansal66/CS4803ARM_Lab/user_data/armory/lo
2026-04-26 15:53:58,730 [INFO]   WS-13: data listener stopped; log: /nethome/rbansal66/CS4803ARM_Lab/user_data/armory/lo
2026-04-26 15:53:58,730 [INFO]   WS-14: data listener stopped; log: /nethome/rbansal66/CS4803ARM_Lab/user_data/armory/lo
2026-04-26 15:53:58,730 [INFO] Stop Listener complete.
2026-04-26 16:03:24,019 [INFO] Executing 'Goto Zero' on WS-11, WS-12, WS-13, WS-14...
2026-04-26 16:03:24,522 [INFO] WS-11: running 'p goto zero'
2026-04-26 16:03:24,928 [INFO] WS-12: running 'p goto zero'
2026-04-26 16:03:25,129 [INFO] WS-13: running 'p goto zero'
2026-04-26 16:03:25,331 [INFO] WS-14: running 'p goto zero'
2026-04-26 16:03:26,138 [INFO] WS-11: Go to zero complete.
2026-04-26 16:03:26,238 [INFO] WS-11 err: bash: cannot set terminal process group (-1): Inappropriate ioctl for device
bash: no job control in this shell
2026-04-26 16:03:26,540 [INFO] WS-12: Go to zero complete.
2026-04-26 16:03:26,640 [INFO] WS-12 err: bash: cannot set terminal process group (-1): Inappropriate ioctl for device
bash: no job control in this shell
2026-04-26 16:03:26,842 [INFO] WS-13: Go to zero complete.
2026-04-26 16:03:26,942 [INFO] WS-13 err: bash: cannot set terminal process group (-1): Inappropriate ioctl for device
bash: no job control in this shell
2026-04-26 16:03:27,144 [INFO] WS-14: Go to zero complete.
2026-04-26 16:03:27,245 [INFO] WS-14 err: bash: cannot set terminal process group (-1): Inappropriate ioctl for device
bash: no job control in this shell
2026-04-26 16:03:27,245 [INFO]   WS-11: Go to zero complete.
2026-04-26 16:03:27,346 [INFO]   WS-12: Go to zero complete.
2026-04-26 16:03:27,446 [INFO]   WS-13: Go to zero complete.
2026-04-26 16:03:27,547 [INFO]   WS-14: Go to zero complete.
2026-04-26 16:03:27,647 [INFO] 'Goto Zero' complete.
2026-04-26 16:03:32,019 [INFO] Executing 'Disable' on WS-11, WS-12, WS-13, WS-14...
2026-04-26 16:03:32,323 [INFO] WS-11: running 'p goto reset'
2026-04-26 16:03:32,625 [INFO] WS-12: running 'p goto reset'
2026-04-26 16:03:33,129 [INFO] WS-13: running 'p goto reset'
2026-04-26 16:03:33,834 [INFO] WS-14: running 'p goto reset'
2026-04-26 16:03:33,937 [INFO] WS-11: Go to reset complete.
2026-04-26 16:03:33,937 [INFO] WS-11 err: bash: cannot set terminal process group (-1): Inappropriate ioctl for device
bash: no job control in this shell
2026-04-26 16:03:34,239 [INFO] WS-12: Go to reset complete.
2026-04-26 16:03:34,239 [INFO] WS-12 err: bash: cannot set terminal process group (-1): Inappropriate ioctl for device
bash: no job control in this shell
2026-04-26 16:03:35,144 [INFO] WS-13: Go to reset complete.
2026-04-26 16:03:35,244 [INFO] WS-13 err: bash: cannot set terminal process group (-1): Inappropriate ioctl for device
bash: no job control in this shell
2026-04-26 16:03:35,446 [INFO] WS-14: Go to reset complete.
2026-04-26 16:03:35,548 [INFO] WS-14 err: bash: cannot set terminal process group (-1): Inappropriate ioctl for device
bash: no job control in this shell
2026-04-26 16:03:35,750 [INFO] WS-11: running 'p disable'
2026-04-26 16:03:36,052 [INFO] WS-12: running 'p disable'
2026-04-26 16:03:36,254 [INFO] WS-13: running 'p disable'
2026-04-26 16:03:36,558 [INFO] WS-14: running 'p disable'
2026-04-26 16:03:40,985 [INFO] WS-11: Piper disable sequence complete.
2026-04-26 16:03:40,985 [INFO] WS-11 err: bash: cannot set terminal process group (-1): Inappropriate ioctl for device
bash: no job control in this shell
INFO:Pip
2026-04-26 16:03:41,187 [INFO] WS-12: Piper disable sequence complete.
2026-04-26 16:03:41,187 [INFO] WS-12 err: bash: cannot set terminal process group (-1): Inappropriate ioctl for device
bash: no job control in this shell
INFO:Pip
2026-04-26 16:03:41,187 [INFO] WS-13: Piper disable sequence complete.
2026-04-26 16:03:41,187 [INFO] WS-13 err: bash: cannot set terminal process group (-1): Inappropriate ioctl for device
bash: no job control in this shell
INFO:Pip
2026-04-26 16:03:41,389 [INFO] WS-14: Piper disable sequence complete.
2026-04-26 16:03:41,389 [INFO] WS-14 err: bash: cannot set terminal process group (-1): Inappropriate ioctl for device
bash: no job control in this shell
INFO:Pip
2026-04-26 16:03:41,389 [INFO]   WS-11: Piper disable sequence complete.
2026-04-26 16:03:41,389 [INFO]   WS-12: Piper disable sequence complete.
2026-04-26 16:03:41,389 [INFO]   WS-13: Piper disable sequence complete.
2026-04-26 16:03:41,389 [INFO]   WS-14: Piper disable sequence complete.
2026-04-26 16:03:41,389 [INFO] 'Disable' complete.
2026-04-26 16:04:00,532 [INFO] Executing 'Enable' on WS-11, WS-12, WS-13, WS-14...
2026-04-26 16:04:00,835 [INFO] WS-11: running 'p enable'
2026-04-26 16:04:01,540 [INFO] WS-12: running 'p enable'
2026-04-26 16:04:02,347 [INFO] WS-11: 使能成功!!!!
Piper enable sequence complete.
2026-04-26 16:04:02,447 [INFO] WS-11 err: bash: cannot set terminal process group (-1): Inappropriate ioctl for device
bash: no job control in this shell
bash: /p
2026-04-26 16:04:02,447 [INFO] WS-13: running 'p enable'
2026-04-26 16:04:02,448 [INFO] WS-12: 使能成功!!!!
Piper enable sequence complete.
2026-04-26 16:04:02,448 [INFO] WS-12 err: bash: cannot set terminal process group (-1): Inappropriate ioctl for device
bash: no job control in this shell
bash: /p
2026-04-26 16:04:02,549 [INFO] WS-14: running 'p enable'
2026-04-26 16:04:03,153 [INFO] WS-13: 使能成功!!!!
Piper enable sequence complete.
2026-04-26 16:04:03,153 [INFO] WS-13 err: bash: cannot set terminal process group (-1): Inappropriate ioctl for device
bash: no job control in this shell
bash: /p
2026-04-26 16:04:03,355 [INFO] WS-14: 使能成功!!!!
Piper enable sequence complete.
2026-04-26 16:04:03,355 [INFO] WS-14 err: bash: cannot set terminal process group (-1): Inappropriate ioctl for device
bash: no job control in this shell
bash: /p
2026-04-26 16:04:03,563 [INFO] WS-11: running 'p goto init'
2026-04-26 16:04:03,766 [INFO] WS-12: running 'p goto init'
2026-04-26 16:04:04,070 [INFO] WS-13: running 'p goto init'
2026-04-26 16:04:04,273 [INFO] WS-14: running 'p goto init'
2026-04-26 16:04:05,683 [INFO] WS-11: Go to init complete.
2026-04-26 16:04:05,683 [INFO] WS-11 err: bash: cannot set terminal process group (-1): Inappropriate ioctl for device
bash: no job control in this shell
2026-04-26 16:04:05,684 [INFO] WS-12: Go to init complete.
2026-04-26 16:04:05,684 [INFO] WS-12 err: bash: cannot set terminal process group (-1): Inappropriate ioctl for device
bash: no job control in this shell
2026-04-26 16:04:05,785 [INFO] WS-13: Go to init complete.
2026-04-26 16:04:05,785 [INFO] WS-13 err: bash: cannot set terminal process group (-1): Inappropriate ioctl for device
bash: no job control in this shell
2026-04-26 16:04:05,886 [INFO] WS-14: Go to init complete.
2026-04-26 16:04:05,886 [INFO] WS-14 err: bash: cannot set terminal process group (-1): Inappropriate ioctl for device
bash: no job control in this shell
2026-04-26 16:04:05,886 [INFO]   WS-11: Go to init complete.
2026-04-26 16:04:05,886 [INFO]   WS-12: Go to init complete.
2026-04-26 16:04:05,886 [INFO]   WS-13: Go to init complete.
2026-04-26 16:04:05,886 [INFO]   WS-14: Go to init complete.
2026-04-26 16:04:05,886 [INFO] 'Enable' complete.
2026-04-26 16:05:41,939 [INFO] Starting listener on WS-11, WS-12, WS-13, WS-14...
2026-04-26 16:05:43,557 [INFO] WS-11: starting data listener; log /nethome/rbansal66/CS4803ARM_Lab/user_data/armory/logs/workstation_11-listener.log
2026-04-26 16:05:43,758 [INFO] WS-12: starting data listener; log /nethome/rbansal66/CS4803ARM_Lab/user_data/armory/logs/workstation_12-listener.log
2026-04-26 16:05:43,759 [INFO] WS-13: starting data listener; log /nethome/rbansal66/CS4803ARM_Lab/user_data/armory/logs/workstation_13-listener.log
2026-04-26 16:05:43,860 [INFO] WS-14: starting data listener; log /nethome/rbansal66/CS4803ARM_Lab/user_data/armory/logs/workstation_14-listener.log
2026-04-26 16:05:46,579 [INFO] WS-11: data listener started (pid 1158); log: /nethome/rbansal66/CS4803ARM_Lab/user_data/armory/logs/workstation_11-listener.log
2026-04-26 16:05:46,680 [INFO] WS-12: data listener started (pid 864); log: /nethome/rbansal66/CS4803ARM_Lab/user_data/armory/logs/workstation_12-listener.log
2026-04-26 16:05:46,680 [INFO] WS-13: data listener started (pid 871); log: /nethome/rbansal66/CS4803ARM_Lab/user_data/armory/logs/workstation_13-listener.log
2026-04-26 16:05:46,780 [INFO] WS-14: data listener started (pid 865); log: /nethome/rbansal66/CS4803ARM_Lab/user_data/armory/logs/workstation_14-listener.log
2026-04-26 16:05:46,781 [INFO]   WS-11: data listener started (pid 1158); log: /nethome/rbansal66/CS4803ARM_Lab/user_dat
2026-04-26 16:05:46,781 [INFO]   WS-12: data listener started (pid 864); log: /nethome/rbansal66/CS4803ARM_Lab/user_data
2026-04-26 16:05:46,781 [INFO]   WS-13: data listener started (pid 871); log: /nethome/rbansal66/CS4803ARM_Lab/user_data
2026-04-26 16:05:46,781 [INFO]   WS-14: data listener started (pid 865); log: /nethome/rbansal66/CS4803ARM_Lab/user_data
2026-04-26 16:05:46,781 [INFO] Start Listener complete.
2026-04-26 16:06:42,000 [INFO] ARMory dashboard started.
2026-04-26 16:06:42,000 [INFO] Querying workstation status...
2026-04-26 16:06:45,932 [INFO] WS-11: container running (booted)
2026-04-26 16:06:47,649 [INFO] WS-12: container running (booted)
2026-04-26 16:06:48,556 [INFO] WS-13: container running (booted)
2026-04-26 16:06:50,973 [INFO] WS-14: container running (booted)
2026-04-26 16:06:50,973 [INFO] ALL is ready. Runtime controls unlocked.
2026-04-26 16:06:50,973 [INFO] Status refresh complete.
2026-04-26 16:07:12,949 [INFO] Starting SSH tunnel on WS-11, WS-12, WS-13, WS-14...
2026-04-26 16:07:13,251 [INFO] WS-11: starting tunnel 8080:zhurong:8080 via rbansal66@sky1.cc.gatech.edu
2026-04-26 16:07:13,554 [INFO] WS-12: starting tunnel 8080:zhurong:8080 via rbansal66@sky1.cc.gatech.edu
2026-04-26 16:07:14,057 [INFO] WS-13: starting tunnel 8080:zhurong:8080 via rbansal66@sky1.cc.gatech.edu
2026-04-26 16:07:14,260 [INFO] WS-14: starting tunnel 8080:zhurong:8080 via rbansal66@sky1.cc.gatech.edu
2026-04-26 16:07:33,542 [INFO] WS-11: tunnel start FAILED — 
2026-04-26 16:07:34,045 [INFO] WS-12: tunnel start FAILED — 
2026-04-26 16:07:34,247 [INFO] WS-13: tunnel start FAILED — 
2026-04-26 16:07:34,648 [INFO] WS-14: tunnel start FAILED — 
2026-04-26 16:07:34,648 [INFO]   WS-11: ERROR: 
2026-04-26 16:07:34,648 [INFO]   WS-12: ERROR: 
2026-04-26 16:07:34,648 [INFO]   WS-13: ERROR: 
2026-04-26 16:07:34,648 [INFO]   WS-14: ERROR: 
2026-04-26 16:07:34,648 [INFO] Start Tunnel complete.
2026-04-26 16:08:15,740 [INFO] Starting client on WS-11, WS-12, WS-13, WS-14...
2026-04-26 16:08:17,050 [INFO] WS-11: starting Piper client; log /nethome/rbansal66/CS4803ARM_Lab/user_data/armory/logs/workstation_11-client.log
2026-04-26 16:08:17,051 [INFO] WS-12: starting Piper client; log /nethome/rbansal66/CS4803ARM_Lab/user_data/armory/logs/workstation_12-client.log
2026-04-26 16:08:17,352 [INFO] WS-13: starting Piper client; log /nethome/rbansal66/CS4803ARM_Lab/user_data/armory/logs/workstation_13-client.log
2026-04-26 16:08:17,553 [INFO] WS-14: starting Piper client; log /nethome/rbansal66/CS4803ARM_Lab/user_data/armory/logs/workstation_14-client.log
2026-04-26 16:08:18,659 [INFO] WS-12: Piper client started (pid 1102); log: /nethome/rbansal66/CS4803ARM_Lab/user_data/armory/logs/workstation_12-client.log
2026-04-26 16:08:18,761 [INFO] WS-11: Piper client started (pid 1420); log: /nethome/rbansal66/CS4803ARM_Lab/user_data/armory/logs/workstation_11-client.log
2026-04-26 16:08:18,861 [INFO] WS-13: Piper client started (pid 1108); log: /nethome/rbansal66/CS4803ARM_Lab/user_data/armory/logs/workstation_13-client.log
2026-04-26 16:08:18,862 [INFO] WS-14: Piper client started (pid 1150); log: /nethome/rbansal66/CS4803ARM_Lab/user_data/armory/logs/workstation_14-client.log
2026-04-26 16:08:18,962 [INFO]   WS-11: Piper client started (pid 1420); log: /nethome/rbansal66/CS4803ARM_Lab/user_data
2026-04-26 16:08:18,962 [INFO]   WS-12: Piper client started (pid 1102); log: /nethome/rbansal66/CS4803ARM_Lab/user_data
2026-04-26 16:08:18,962 [INFO]   WS-13: Piper client started (pid 1108); log: /nethome/rbansal66/CS4803ARM_Lab/user_data
2026-04-26 16:08:18,962 [INFO]   WS-14: Piper client started (pid 1150); log: /nethome/rbansal66/CS4803ARM_Lab/user_data
2026-04-26 16:08:18,962 [INFO] Start Client complete.
2026-04-26 16:08:40,072 [INFO] EMERGENCY STOP: killing clients on WS-11, WS-12, WS-13, WS-14.
2026-04-26 16:08:40,273 [INFO] WS-11: stopping Piper client
2026-04-26 16:08:40,374 [INFO] WS-12: stopping Piper client
2026-04-26 16:08:40,474 [INFO] WS-13: stopping Piper client
2026-04-26 16:08:40,575 [INFO] WS-14: stopping Piper client
2026-04-26 16:08:41,385 [INFO] WS-11: Piper client stopped; log: /nethome/rbansal66/CS4803ARM_Lab/user_data/armory/logs/workstation_11-client.log
2026-04-26 16:08:42,090 [INFO] WS-12: Piper client stopped; log: /nethome/rbansal66/CS4803ARM_Lab/user_data/armory/logs/workstation_12-client.log
2026-04-26 16:08:42,593 [INFO] WS-13: Piper client stopped; log: /nethome/rbansal66/CS4803ARM_Lab/user_data/armory/logs/workstation_13-client.log
2026-04-26 16:08:42,795 [INFO] WS-14: Piper client stopped; log: /nethome/rbansal66/CS4803ARM_Lab/user_data/armory/logs/workstation_14-client.log
2026-04-26 16:08:42,795 [INFO]   WS-11: Piper client stopped; log: /nethome/rbansal66/CS4803ARM_Lab/user_data/armory/log
2026-04-26 16:08:42,795 [INFO]   WS-12: Piper client stopped; log: /nethome/rbansal66/CS4803ARM_Lab/user_data/armory/log
2026-04-26 16:08:42,795 [INFO]   WS-13: Piper client stopped; log: /nethome/rbansal66/CS4803ARM_Lab/user_data/armory/log
2026-04-26 16:08:42,795 [INFO]   WS-14: Piper client stopped; log: /nethome/rbansal66/CS4803ARM_Lab/user_data/armory/log
2026-04-26 16:08:42,795 [INFO] Emergency client stop complete.
2026-04-26 16:09:40,549 [INFO] Starting client on WS-11, WS-12, WS-13, WS-14...
2026-04-26 16:09:42,059 [INFO] WS-11: starting Piper client; log /nethome/rbansal66/CS4803ARM_Lab/user_data/armory/logs/workstation_11-client.log
2026-04-26 16:09:42,464 [INFO] WS-12: starting Piper client; log /nethome/rbansal66/CS4803ARM_Lab/user_data/armory/logs/workstation_12-client.log
2026-04-26 16:09:42,665 [INFO] WS-13: starting Piper client; log /nethome/rbansal66/CS4803ARM_Lab/user_data/armory/logs/workstation_13-client.log
2026-04-26 16:09:42,866 [INFO] WS-14: starting Piper client; log /nethome/rbansal66/CS4803ARM_Lab/user_data/armory/logs/workstation_14-client.log
2026-04-26 16:09:45,179 [INFO] WS-11: Piper client started (pid 1534); log: /nethome/rbansal66/CS4803ARM_Lab/user_data/armory/logs/workstation_11-client.log
2026-04-26 16:09:45,179 [INFO] WS-12: Piper client started (pid 1217); log: /nethome/rbansal66/CS4803ARM_Lab/user_data/armory/logs/workstation_12-client.log
2026-04-26 16:09:45,179 [INFO] WS-13: Piper client started (pid 1224); log: /nethome/rbansal66/CS4803ARM_Lab/user_data/armory/logs/workstation_13-client.log
2026-04-26 16:09:45,381 [INFO] WS-14: Piper client started (pid 1263); log: /nethome/rbansal66/CS4803ARM_Lab/user_data/armory/logs/workstation_14-client.log
2026-04-26 16:09:45,381 [INFO]   WS-11: Piper client started (pid 1534); log: /nethome/rbansal66/CS4803ARM_Lab/user_data
2026-04-26 16:09:45,381 [INFO]   WS-12: Piper client started (pid 1217); log: /nethome/rbansal66/CS4803ARM_Lab/user_data
2026-04-26 16:09:45,381 [INFO]   WS-13: Piper client started (pid 1224); log: /nethome/rbansal66/CS4803ARM_Lab/user_data
2026-04-26 16:09:45,381 [INFO]   WS-14: Piper client started (pid 1263); log: /nethome/rbansal66/CS4803ARM_Lab/user_data
2026-04-26 16:09:45,381 [INFO] Start Client complete.
2026-04-26 16:10:09,601 [INFO] EMERGENCY STOP: killing clients on WS-11, WS-12, WS-13, WS-14.
2026-04-26 16:10:10,104 [INFO] WS-11: stopping Piper client
2026-04-26 16:10:10,207 [INFO] WS-12: stopping Piper client
2026-04-26 16:10:10,610 [INFO] WS-13: stopping Piper client
2026-04-26 16:10:10,711 [INFO] WS-14: stopping Piper client
2026-04-26 16:10:11,518 [INFO] WS-11: Piper client stopped; log: /nethome/rbansal66/CS4803ARM_Lab/user_data/armory/logs/workstation_11-client.log
2026-04-26 16:10:12,023 [INFO] WS-12: Piper client stopped; log: /nethome/rbansal66/CS4803ARM_Lab/user_data/armory/logs/workstation_12-client.log
2026-04-26 16:10:12,023 [INFO] WS-13: Piper client stopped; log: /nethome/rbansal66/CS4803ARM_Lab/user_data/armory/logs/workstation_13-client.log
2026-04-26 16:10:12,326 [INFO] WS-14: Piper client stopped; log: /nethome/rbansal66/CS4803ARM_Lab/user_data/armory/logs/workstation_14-client.log
2026-04-26 16:10:12,426 [INFO]   WS-11: Piper client stopped; log: /nethome/rbansal66/CS4803ARM_Lab/user_data/armory/log
2026-04-26 16:10:12,427 [INFO]   WS-12: Piper client stopped; log: /nethome/rbansal66/CS4803ARM_Lab/user_data/armory/log
2026-04-26 16:10:12,427 [INFO]   WS-13: Piper client stopped; log: /nethome/rbansal66/CS4803ARM_Lab/user_data/armory/log
2026-04-26 16:10:12,427 [INFO]   WS-14: Piper client stopped; log: /nethome/rbansal66/CS4803ARM_Lab/user_data/armory/log
2026-04-26 16:10:12,427 [INFO] Emergency client stop complete.
2026-04-26 16:11:23,942 [INFO] Killing SSH tunnel on WS-11, WS-12, WS-13, WS-14...
2026-04-26 16:11:24,347 [INFO] WS-11: killing tunnel for zhurong:8080
2026-04-26 16:11:24,750 [INFO] WS-11: tunnel kill FAILED — tunnel kill failed
2026-04-26 16:11:24,850 [INFO] WS-12: killing tunnel for zhurong:8080
2026-04-26 16:11:25,455 [INFO] WS-12: tunnel kill FAILED — tunnel kill failed
2026-04-26 16:11:25,455 [INFO] WS-13: killing tunnel for zhurong:8080
2026-04-26 16:11:26,260 [INFO] WS-13: tunnel kill FAILED — tunnel kill failed
2026-04-26 16:11:26,260 [INFO] WS-14: killing tunnel for zhurong:8080
2026-04-26 16:11:26,362 [INFO] WS-14: tunnel kill FAILED — tunnel kill failed
2026-04-26 16:11:26,362 [INFO]   WS-11: ERROR: tunnel kill failed
2026-04-26 16:11:26,462 [INFO]   WS-12: ERROR: tunnel kill failed
2026-04-26 16:11:26,462 [INFO]   WS-13: ERROR: tunnel kill failed
2026-04-26 16:11:26,462 [INFO]   WS-14: ERROR: tunnel kill failed
2026-04-26 16:11:26,462 [INFO] Kill Tunnel complete.
2026-04-26 16:11:30,639 [INFO] Executing 'Goto Init' on WS-11, WS-12, WS-13, WS-14...
2026-04-26 16:11:30,841 [INFO] WS-11: running 'p goto init'
2026-04-26 16:11:31,244 [INFO] WS-12: running 'p goto init'
2026-04-26 16:11:31,447 [INFO] WS-13: running 'p goto init'
2026-04-26 16:11:31,650 [INFO] WS-14: running 'p goto init'
2026-04-26 16:11:32,557 [INFO] WS-11: Go to init complete.
2026-04-26 16:11:32,557 [INFO] WS-11 err: bash: cannot set terminal process group (-1): Inappropriate ioctl for device
bash: no job control in this shell
2026-04-26 16:11:32,858 [INFO] WS-12: Go to init complete.
2026-04-26 16:11:32,858 [INFO] WS-12 err: bash: cannot set terminal process group (-1): Inappropriate ioctl for device
bash: no job control in this shell
2026-04-26 16:11:33,059 [INFO] WS-13: Go to init complete.
2026-04-26 16:11:33,059 [INFO] WS-13 err: bash: cannot set terminal process group (-1): Inappropriate ioctl for device
bash: no job control in this shell
2026-04-26 16:11:33,461 [INFO] WS-14: Go to init complete.
2026-04-26 16:11:33,461 [INFO] WS-14 err: bash: cannot set terminal process group (-1): Inappropriate ioctl for device
bash: no job control in this shell
2026-04-26 16:11:33,461 [INFO]   WS-11: Go to init complete.
2026-04-26 16:11:33,461 [INFO]   WS-12: Go to init complete.
2026-04-26 16:11:33,461 [INFO]   WS-13: Go to init complete.
2026-04-26 16:11:33,461 [INFO]   WS-14: Go to init complete.
2026-04-26 16:11:33,461 [INFO] 'Goto Init' complete.
2026-04-26 16:16:25,000 [INFO] Starting client on WS-11, WS-12, WS-13, WS-14...
2026-04-26 16:16:25,911 [INFO] WS-11: starting Piper client; log /nethome/rbansal66/CS4803ARM_Lab/user_data/armory/logs/workstation_11-client.log
2026-04-26 16:16:26,216 [INFO] WS-12: starting Piper client; log /nethome/rbansal66/CS4803ARM_Lab/user_data/armory/logs/workstation_12-client.log
2026-04-26 16:16:26,317 [INFO] WS-13: starting Piper client; log /nethome/rbansal66/CS4803ARM_Lab/user_data/armory/logs/workstation_13-client.log
2026-04-26 16:16:26,418 [INFO] WS-14: starting Piper client; log /nethome/rbansal66/CS4803ARM_Lab/user_data/armory/logs/workstation_14-client.log
2026-04-26 16:16:29,033 [INFO] WS-12: Piper client started (pid 1401); log: /nethome/rbansal66/CS4803ARM_Lab/user_data/armory/logs/workstation_12-client.log
2026-04-26 16:16:29,033 [INFO] WS-11: Piper client started (pid 1721); log: /nethome/rbansal66/CS4803ARM_Lab/user_data/armory/logs/workstation_11-client.log
2026-04-26 16:16:29,133 [INFO] WS-13: Piper client started (pid 1410); log: /nethome/rbansal66/CS4803ARM_Lab/user_data/armory/logs/workstation_13-client.log
2026-04-26 16:16:29,234 [INFO] WS-14: Piper client started (pid 1542); log: /nethome/rbansal66/CS4803ARM_Lab/user_data/armory/logs/workstation_14-client.log
2026-04-26 16:16:29,335 [INFO]   WS-11: Piper client started (pid 1721); log: /nethome/rbansal66/CS4803ARM_Lab/user_data
2026-04-26 16:16:29,335 [INFO]   WS-12: Piper client started (pid 1401); log: /nethome/rbansal66/CS4803ARM_Lab/user_data
2026-04-26 16:16:29,335 [INFO]   WS-13: Piper client started (pid 1410); log: /nethome/rbansal66/CS4803ARM_Lab/user_data
2026-04-26 16:16:29,335 [INFO]   WS-14: Piper client started (pid 1542); log: /nethome/rbansal66/CS4803ARM_Lab/user_data
2026-04-26 16:16:29,335 [INFO] Start Client complete.
2026-04-26 16:17:11,245 [INFO] EMERGENCY STOP: killing clients on WS-11, WS-12, WS-13, WS-14.
2026-04-26 16:17:11,547 [INFO] WS-11: stopping Piper client
2026-04-26 16:17:11,748 [INFO] WS-12: stopping Piper client
2026-04-26 16:17:11,749 [INFO] WS-13: stopping Piper client
2026-04-26 16:17:11,850 [INFO] WS-14: stopping Piper client
2026-04-26 16:17:12,657 [INFO] WS-11: Piper client stopped; log: /nethome/rbansal66/CS4803ARM_Lab/user_data/armory/logs/workstation_11-client.log
2026-04-26 16:17:13,060 [INFO] WS-12: Piper client stopped; log: /nethome/rbansal66/CS4803ARM_Lab/user_data/armory/logs/workstation_12-client.log
2026-04-26 16:17:13,364 [INFO] WS-13: Piper client stopped; log: /nethome/rbansal66/CS4803ARM_Lab/user_data/armory/logs/workstation_13-client.log
2026-04-26 16:17:13,968 [INFO] WS-14: Piper client stopped; log: /nethome/rbansal66/CS4803ARM_Lab/user_data/armory/logs/workstation_14-client.log
2026-04-26 16:17:13,968 [INFO]   WS-11: Piper client stopped; log: /nethome/rbansal66/CS4803ARM_Lab/user_data/armory/log
2026-04-26 16:17:13,968 [INFO]   WS-12: Piper client stopped; log: /nethome/rbansal66/CS4803ARM_Lab/user_data/armory/log
2026-04-26 16:17:13,968 [INFO]   WS-13: Piper client stopped; log: /nethome/rbansal66/CS4803ARM_Lab/user_data/armory/log
2026-04-26 16:17:13,969 [INFO]   WS-14: Piper client stopped; log: /nethome/rbansal66/CS4803ARM_Lab/user_data/armory/log
2026-04-26 16:17:13,969 [INFO] Emergency client stop complete.
2026-04-26 16:17:47,529 [INFO] Executing 'Goto Init' on WS-11, WS-12, WS-13, WS-14...
2026-04-26 16:17:47,832 [INFO] WS-11: running 'p goto init'
2026-04-26 16:17:48,235 [INFO] WS-12: running 'p goto init'
2026-04-26 16:17:48,542 [INFO] WS-13: running 'p goto init'
2026-04-26 16:17:48,947 [INFO] WS-14: running 'p goto init'
2026-04-26 16:17:49,755 [INFO] WS-11: Go to init complete.
2026-04-26 16:17:49,755 [INFO] WS-11 err: bash: cannot set terminal process group (-1): Inappropriate ioctl for device
bash: no job control in this shell
2026-04-26 16:17:50,058 [INFO] WS-12: Go to init complete.
2026-04-26 16:17:50,058 [INFO] WS-12 err: bash: cannot set terminal process group (-1): Inappropriate ioctl for device
bash: no job control in this shell
2026-04-26 16:17:50,058 [INFO] WS-13: Go to init complete.
2026-04-26 16:17:50,058 [INFO] WS-13 err: bash: cannot set terminal process group (-1): Inappropriate ioctl for device
bash: no job control in this shell
2026-04-26 16:17:50,965 [INFO] WS-14: Go to init complete.
2026-04-26 16:17:50,965 [INFO] WS-14 err: bash: cannot set terminal process group (-1): Inappropriate ioctl for device
bash: no job control in this shell
2026-04-26 16:17:50,965 [INFO]   WS-11: Go to init complete.
2026-04-26 16:17:50,965 [INFO]   WS-12: Go to init complete.
2026-04-26 16:17:50,965 [INFO]   WS-13: Go to init complete.
2026-04-26 16:17:50,965 [INFO]   WS-14: Go to init complete.
2026-04-26 16:17:50,965 [INFO] 'Goto Init' complete.
2026-04-26 16:18:09,649 [INFO] Starting client on WS-11, WS-12, WS-13, WS-14...
2026-04-26 16:18:11,060 [INFO] WS-11: starting Piper client; log /nethome/rbansal66/CS4803ARM_Lab/user_data/armory/logs/workstation_11-client.log
2026-04-26 16:18:11,160 [INFO] WS-12: starting Piper client; log /nethome/rbansal66/CS4803ARM_Lab/user_data/armory/logs/workstation_12-client.log
2026-04-26 16:18:11,261 [INFO] WS-13: starting Piper client; log /nethome/rbansal66/CS4803ARM_Lab/user_data/armory/logs/workstation_13-client.log
2026-04-26 16:18:11,463 [INFO] WS-14: starting Piper client; log /nethome/rbansal66/CS4803ARM_Lab/user_data/armory/logs/workstation_14-client.log
2026-04-26 16:18:13,773 [INFO] WS-11: Piper client started (pid 1907); log: /nethome/rbansal66/CS4803ARM_Lab/user_data/armory/logs/workstation_11-client.log
2026-04-26 16:18:13,975 [INFO] WS-12: Piper client started (pid 1586); log: /nethome/rbansal66/CS4803ARM_Lab/user_data/armory/logs/workstation_12-client.log
2026-04-26 16:18:13,975 [INFO] WS-14: Piper client started (pid 1729); log: /nethome/rbansal66/CS4803ARM_Lab/user_data/armory/logs/workstation_14-client.log
2026-04-26 16:18:13,975 [INFO] WS-13: Piper client started (pid 1595); log: /nethome/rbansal66/CS4803ARM_Lab/user_data/armory/logs/workstation_13-client.log
2026-04-26 16:18:13,975 [INFO]   WS-11: Piper client started (pid 1907); log: /nethome/rbansal66/CS4803ARM_Lab/user_data
2026-04-26 16:18:13,975 [INFO]   WS-12: Piper client started (pid 1586); log: /nethome/rbansal66/CS4803ARM_Lab/user_data
2026-04-26 16:18:13,975 [INFO]   WS-13: Piper client started (pid 1595); log: /nethome/rbansal66/CS4803ARM_Lab/user_data
2026-04-26 16:18:13,975 [INFO]   WS-14: Piper client started (pid 1729); log: /nethome/rbansal66/CS4803ARM_Lab/user_data
2026-04-26 16:18:13,975 [INFO] Start Client complete.
2026-04-26 16:19:22,303 [INFO] EMERGENCY STOP: killing clients on WS-11, WS-12, WS-13, WS-14.
2026-04-26 16:19:22,706 [INFO] WS-11: stopping Piper client
2026-04-26 16:19:22,807 [INFO] WS-12: stopping Piper client
2026-04-26 16:19:22,908 [INFO] WS-13: stopping Piper client
2026-04-26 16:19:23,109 [INFO] WS-14: stopping Piper client
2026-04-26 16:19:24,222 [INFO] WS-11: Piper client stopped; log: /nethome/rbansal66/CS4803ARM_Lab/user_data/armory/logs/workstation_11-client.log
2026-04-26 16:19:24,323 [INFO] WS-12: Piper client stopped; log: /nethome/rbansal66/CS4803ARM_Lab/user_data/armory/logs/workstation_12-client.log
2026-04-26 16:19:24,928 [INFO] WS-13: Piper client stopped; log: /nethome/rbansal66/CS4803ARM_Lab/user_data/armory/logs/workstation_13-client.log
2026-04-26 16:19:25,331 [INFO] WS-14: Piper client stopped; log: /nethome/rbansal66/CS4803ARM_Lab/user_data/armory/logs/workstation_14-client.log
2026-04-26 16:19:25,431 [INFO]   WS-11: Piper client stopped; log: /nethome/rbansal66/CS4803ARM_Lab/user_data/armory/log
2026-04-26 16:19:25,431 [INFO]   WS-12: Piper client stopped; log: /nethome/rbansal66/CS4803ARM_Lab/user_data/armory/log
2026-04-26 16:19:25,431 [INFO]   WS-13: Piper client stopped; log: /nethome/rbansal66/CS4803ARM_Lab/user_data/armory/log
2026-04-26 16:19:25,431 [INFO]   WS-14: Piper client stopped; log: /nethome/rbansal66/CS4803ARM_Lab/user_data/armory/log
2026-04-26 16:19:25,431 [INFO] Emergency client stop complete.
2026-04-26 16:19:28,194 [INFO] Executing 'Goto Init' on WS-11, WS-12, WS-13, WS-14...
2026-04-26 16:19:28,496 [INFO] WS-11: running 'p goto init'
2026-04-26 16:19:29,101 [INFO] WS-12: running 'p goto init'
2026-04-26 16:19:29,303 [INFO] WS-13: running 'p goto init'
2026-04-26 16:19:29,506 [INFO] WS-14: running 'p goto init'
2026-04-26 16:19:30,614 [INFO] WS-11: Go to init complete.
2026-04-26 16:19:30,615 [INFO] WS-11 err: bash: cannot set terminal process group (-1): Inappropriate ioctl for device
bash: no job control in this shell
2026-04-26 16:19:30,716 [INFO] WS-12: Go to init complete.
2026-04-26 16:19:30,716 [INFO] WS-12 err: bash: cannot set terminal process group (-1): Inappropriate ioctl for device
bash: no job control in this shell
2026-04-26 16:19:31,119 [INFO] WS-13: Go to init complete.
2026-04-26 16:19:31,119 [INFO] WS-13 err: bash: cannot set terminal process group (-1): Inappropriate ioctl for device
bash: no job control in this shell
2026-04-26 16:19:31,120 [INFO] WS-14: Go to init complete.
2026-04-26 16:19:31,120 [INFO] WS-14 err: bash: cannot set terminal process group (-1): Inappropriate ioctl for device
bash: no job control in this shell
2026-04-26 16:19:31,120 [INFO]   WS-11: Go to init complete.
2026-04-26 16:19:31,120 [INFO]   WS-12: Go to init complete.
2026-04-26 16:19:31,120 [INFO]   WS-13: Go to init complete.
2026-04-26 16:19:31,120 [INFO]   WS-14: Go to init complete.
2026-04-26 16:19:31,120 [INFO] 'Goto Init' complete.
2026-04-26 16:51:59,874 [INFO] Stopping listener on WS-11, WS-12, WS-13, WS-14...
2026-04-26 16:52:00,176 [INFO] WS-11: stopping data listener
2026-04-26 16:52:00,280 [INFO] WS-12: stopping data listener
2026-04-26 16:52:00,281 [INFO] WS-13: stopping data listener
2026-04-26 16:52:00,282 [INFO] WS-14: stopping data listener
2026-04-26 16:52:01,396 [INFO] WS-11: data listener stopped; log: /nethome/rbansal66/CS4803ARM_Lab/user_data/armory/logs/workstation_11-listener.log
2026-04-26 16:52:01,599 [INFO] WS-12: data listener stopped; log: /nethome/rbansal66/CS4803ARM_Lab/user_data/armory/logs/workstation_12-listener.log
2026-04-26 16:52:01,902 [INFO] WS-13: data listener stopped; log: /nethome/rbansal66/CS4803ARM_Lab/user_data/armory/logs/workstation_13-listener.log
2026-04-26 16:52:02,003 [INFO] WS-14: data listener stopped; log: /nethome/rbansal66/CS4803ARM_Lab/user_data/armory/logs/workstation_14-listener.log
2026-04-26 16:52:02,003 [INFO]   WS-11: data listener stopped; log: /nethome/rbansal66/CS4803ARM_Lab/user_data/armory/lo
2026-04-26 16:52:02,003 [INFO]   WS-12: data listener stopped; log: /nethome/rbansal66/CS4803ARM_Lab/user_data/armory/lo
2026-04-26 16:52:02,003 [INFO]   WS-13: data listener stopped; log: /nethome/rbansal66/CS4803ARM_Lab/user_data/armory/lo
2026-04-26 16:52:02,003 [INFO]   WS-14: data listener stopped; log: /nethome/rbansal66/CS4803ARM_Lab/user_data/armory/lo
2026-04-26 16:52:02,003 [INFO] Stop Listener complete.
2026-04-26 16:52:10,698 [INFO] Executing 'Disable' on WS-11, WS-12, WS-13, WS-14...
2026-04-26 16:52:11,001 [INFO] WS-11: running 'p goto reset'
2026-04-26 16:52:11,203 [INFO] WS-12: running 'p goto reset'
2026-04-26 16:52:11,404 [INFO] WS-13: running 'p goto reset'
2026-04-26 16:52:11,908 [INFO] WS-14: running 'p goto reset'
2026-04-26 16:52:12,612 [INFO] WS-11: Go to reset complete.
2026-04-26 16:52:12,612 [INFO] WS-11 err: bash: cannot set terminal process group (-1): Inappropriate ioctl for device
bash: no job control in this shell
2026-04-26 16:52:12,813 [INFO] WS-12: Go to reset complete.
2026-04-26 16:52:12,813 [INFO] WS-12 err: bash: cannot set terminal process group (-1): Inappropriate ioctl for device
bash: no job control in this shell
2026-04-26 16:52:13,319 [INFO] WS-13: Go to reset complete.
2026-04-26 16:52:13,319 [INFO] WS-13 err: bash: cannot set terminal process group (-1): Inappropriate ioctl for device
bash: no job control in this shell
2026-04-26 16:52:13,724 [INFO] WS-14: Go to reset complete.
2026-04-26 16:52:13,724 [INFO] WS-14 err: bash: cannot set terminal process group (-1): Inappropriate ioctl for device
bash: no job control in this shell
2026-04-26 16:52:13,926 [INFO] WS-11: running 'p disable'
2026-04-26 16:52:14,430 [INFO] WS-12: running 'p disable'
2026-04-26 16:52:14,632 [INFO] WS-13: running 'p disable'
2026-04-26 16:52:14,935 [INFO] WS-14: running 'p disable'
2026-04-26 16:52:18,960 [INFO] WS-11: Piper disable sequence complete.
2026-04-26 16:52:18,960 [INFO] WS-11 err: bash: cannot set terminal process group (-1): Inappropriate ioctl for device
bash: no job control in this shell
INFO:Pip
2026-04-26 16:52:19,462 [INFO] WS-12: Piper disable sequence complete.
2026-04-26 16:52:19,462 [INFO] WS-12 err: bash: cannot set terminal process group (-1): Inappropriate ioctl for device
bash: no job control in this shell
INFO:Pip
2026-04-26 16:52:19,765 [INFO] WS-13: Piper disable sequence complete.
2026-04-26 16:52:19,765 [INFO] WS-13 err: bash: cannot set terminal process group (-1): Inappropriate ioctl for device
bash: no job control in this shell
INFO:Pip
2026-04-26 16:52:20,168 [INFO] WS-14: Piper disable sequence complete.
2026-04-26 16:52:20,169 [INFO] WS-14 err: bash: cannot set terminal process group (-1): Inappropriate ioctl for device
bash: no job control in this shell
INFO:Pip
2026-04-26 16:52:20,169 [INFO]   WS-11: Piper disable sequence complete.
2026-04-26 16:52:20,169 [INFO]   WS-12: Piper disable sequence complete.
2026-04-26 16:52:20,269 [INFO]   WS-13: Piper disable sequence complete.
2026-04-26 16:52:20,269 [INFO]   WS-14: Piper disable sequence complete.
2026-04-26 16:52:20,269 [INFO] 'Disable' complete.
2026-04-29 21:02:04,134 [INFO] ARMory dashboard started.
2026-04-29 21:02:04,134 [INFO] Querying workstation status...
2026-04-29 21:02:07,565 [INFO] WS-11: container running (booted)
2026-04-29 21:02:09,790 [INFO] WS-12: container running (booted)
2026-04-29 21:02:12,519 [INFO] WS-13: container running (booted)
2026-04-29 21:02:14,936 [INFO] WS-14: container running (booted)
2026-04-29 21:02:14,937 [INFO] ALL is ready. Runtime controls unlocked.
2026-04-29 21:02:14,937 [INFO] Status refresh complete.
2026-04-29 21:02:17,257 [INFO] Selected WS-12.
2026-04-29 21:02:17,660 [INFO] Selected WS-13.
2026-04-29 21:02:18,162 [INFO] Selected WS-14.
2026-04-29 21:02:39,590 [INFO] Disabling, killing tunnels, and shutting down WS-12, WS-13, WS-14...
2026-04-29 21:02:39,996 [INFO] WS-12: running 'p goto reset'
2026-04-29 21:02:40,500 [INFO] WS-13: running 'p goto reset'
2026-04-29 21:02:40,703 [INFO] WS-14: running 'p goto reset'
2026-04-29 21:03:10,562 [INFO] WS-12: FAILED 'p goto reset' — 
2026-04-29 21:03:10,664 [INFO] WS-13: FAILED 'p goto reset' — 
2026-04-29 21:03:10,968 [INFO] WS-14: FAILED 'p goto reset' — 
2026-04-29 21:03:11,271 [INFO] WS-12: running 'p disable'
2026-04-29 21:03:11,374 [INFO] WS-13: running 'p disable'
2026-04-29 21:03:11,880 [INFO] WS-14: running 'p disable'
2026-04-29 21:03:41,465 [INFO] WS-12: FAILED 'p disable' — 
2026-04-29 21:03:41,972 [INFO] WS-13: FAILED 'p disable' — 
2026-04-29 21:03:42,277 [INFO] WS-14: FAILED 'p disable' — 
2026-04-29 21:03:42,278 [INFO]   WS-12: Reset: ERROR: ; Disable: ERROR: ; Shutdown skipped — disable safeguard failed
2026-04-29 21:03:42,378 [INFO]   WS-13: Reset: ERROR: ; Disable: ERROR: ; Shutdown skipped — disable safeguard failed
2026-04-29 21:03:42,379 [INFO]   WS-14: Reset: ERROR: ; Disable: ERROR: ; Shutdown skipped — disable safeguard failed
2026-04-29 21:03:42,379 [INFO] Shutdown complete.
2026-04-29 21:08:29,198 [INFO] Unselected WS-14.
2026-04-29 21:08:29,606 [INFO] Unselected WS-13.
2026-04-29 21:08:29,910 [INFO] Unselected WS-12.
2026-04-29 21:08:30,316 [INFO] Selected WS-11.
2026-04-29 21:09:27,370 [INFO] Executing 'Enable' on WS-11...
2026-04-29 21:09:28,388 [INFO] WS-11: running 'p enable'
2026-04-29 21:09:29,523 [INFO] WS-11: 使能成功!!!!
Piper enable sequence complete.
2026-04-29 21:09:29,523 [INFO] WS-11 err: bash: cannot set terminal process group (-1): Inappropriate ioctl for device
bash: no job control in this shell
bash: /p
2026-04-29 21:09:30,031 [INFO] WS-11: running 'p goto init'
2026-04-29 21:09:31,964 [INFO] WS-11: Go to init complete.
2026-04-29 21:09:31,964 [INFO] WS-11 err: bash: cannot set terminal process group (-1): Inappropriate ioctl for device
bash: no job control in this shell
2026-04-29 21:09:32,067 [INFO]   WS-11: Go to init complete.
2026-04-29 21:09:32,067 [INFO] WS-11 is ready. Runtime controls unlocked.
2026-04-29 21:09:32,068 [INFO] 'Enable' complete.
2026-04-29 22:54:44,350 [INFO] Disabling, killing tunnels, and shutting down WS-11...
2026-04-29 22:54:44,653 [INFO] WS-11: running 'p goto reset'
2026-04-29 22:54:46,662 [INFO] WS-11: Go to reset complete.
2026-04-29 22:54:46,662 [INFO] WS-11 err: bash: cannot set terminal process group (-1): Inappropriate ioctl for device
bash: no job control in this shell
2026-04-29 22:54:47,252 [INFO] WS-11: running 'p disable'
2026-04-29 22:54:52,077 [INFO] WS-11: Piper disable sequence complete.
2026-04-29 22:54:52,077 [INFO] WS-11 err: bash: cannot set terminal process group (-1): Inappropriate ioctl for device
bash: no job control in this shell
INFO:Pip
2026-04-29 22:54:52,279 [INFO] WS-11: killing tunnel for zhurong:8080
2026-04-29 22:54:52,581 [INFO] WS-11: tunnel kill FAILED — tunnel kill failed
2026-04-29 22:54:52,782 [INFO] WS-11: stopping Docker container...
2026-04-29 22:54:53,186 [INFO] WS-11: shutdown complete
2026-04-29 22:54:53,186 [INFO]   WS-11: Reset: Go to reset complete.; Disable: Piper disable sequence complete.; Tunnel:
2026-04-29 22:54:53,286 [INFO] Shutdown complete.
2026-04-29 22:55:35,621 [INFO] ARMory dashboard started.
2026-04-29 22:55:35,621 [INFO] Querying workstation status...
2026-04-29 22:55:37,735 [INFO] Current operation still running. Controls will unlock shortly.
2026-04-29 22:55:40,459 [INFO] WS-11: container not running (offline)
2026-04-29 22:55:41,569 [INFO] WS-12: container running (booted)
2026-04-29 22:55:43,486 [INFO] WS-13: container running (booted)
2026-04-29 22:55:45,299 [INFO] WS-14: container running (booted)
2026-04-29 22:55:45,299 [INFO] Status refresh complete.
2026-04-29 22:55:49,927 [INFO] Selected WS-11.
2026-04-29 22:55:51,054 [INFO] Booting WS-11...
2026-04-29 22:55:52,263 [INFO] WS-11: starting Docker container...
2026-04-29 22:55:52,967 [INFO] WS-11: ff04c27da8d7b7db7c4e250f3989c2b4973ec8376a59148dd14e2304fcf766ee
2026-04-29 22:55:55,478 [INFO] WS-11: container up, running entrypoint...
2026-04-29 22:55:55,782 [INFO] WS-11: boot successful
2026-04-29 22:55:55,782 [INFO]   WS-11: Boot successful
2026-04-29 22:55:55,882 [INFO] WS-11 is ready. Runtime controls unlocked.
2026-04-29 22:55:55,882 [INFO] Boot complete.
2026-04-29 22:55:56,886 [INFO] Unselected WS-11.
2026-04-29 22:56:00,639 [INFO] Executing 'Enable' on WS-11, WS-12, WS-13, WS-14...
2026-04-29 22:56:01,243 [INFO] WS-11: running 'p enable'
2026-04-29 22:56:01,546 [INFO] WS-12: running 'p enable'
2026-04-29 22:56:01,848 [INFO] WS-13: running 'p enable'
2026-04-29 22:56:02,049 [INFO] WS-14: running 'p enable'
2026-04-29 22:56:02,251 [INFO] WS-11: 使能成功!!!!
Piper enable sequence complete.
2026-04-29 22:56:02,251 [INFO] WS-11 err: bash: cannot set terminal process group (-1): Inappropriate ioctl for device
bash: no job control in this shell
bash: /p
2026-04-29 22:56:26,044 [INFO] Current operation still running. Controls will unlock shortly.
2026-04-29 22:56:27,953 [INFO] Current operation still running. Controls will unlock shortly.
2026-04-29 22:56:32,073 [INFO] WS-12: FAILED 'p enable' — 
2026-04-29 22:56:32,174 [INFO] WS-13: FAILED 'p enable' — 
2026-04-29 22:56:32,275 [INFO] WS-14: FAILED 'p enable' — 
2026-04-29 22:56:32,578 [INFO] WS-11: running 'p goto init'
2026-04-29 22:56:32,881 [INFO] WS-12: running 'p goto init'
2026-04-29 22:56:33,083 [INFO] WS-13: running 'p goto init'
2026-04-29 22:56:33,386 [INFO] WS-14: running 'p goto init'
2026-04-29 22:56:34,493 [INFO] WS-11: Go to init complete.
2026-04-29 22:56:34,493 [INFO] WS-11 err: bash: cannot set terminal process group (-1): Inappropriate ioctl for device
bash: no job control in this shell
2026-04-29 22:57:03,193 [INFO] WS-12: FAILED 'p goto init' — 
2026-04-29 22:57:03,294 [INFO] WS-13: FAILED 'p goto init' — 
2026-04-29 22:57:03,695 [INFO] WS-14: FAILED 'p goto init' — 
2026-04-29 22:57:03,796 [INFO]   WS-11: Go to init complete.
2026-04-29 22:57:03,797 [INFO]   WS-12: ERROR: 
2026-04-29 22:57:03,898 [INFO]   WS-13: ERROR: 
2026-04-29 22:57:03,899 [INFO]   WS-14: ERROR: 
2026-04-29 22:57:03,999 [INFO] 'Enable' complete.
2026-04-29 22:57:13,938 [INFO] Selected WS-11.
2026-04-29 22:57:16,851 [INFO] Unselected WS-11.
2026-04-29 22:57:17,555 [INFO] Selected WS-11.
2026-04-29 22:57:20,024 [INFO] Executing 'Disable' on WS-11...
2026-04-29 22:57:20,226 [INFO] WS-11: running 'p goto reset'
2026-04-29 22:57:21,733 [INFO] WS-11: Go to reset complete.
2026-04-29 22:57:21,733 [INFO] WS-11 err: bash: cannot set terminal process group (-1): Inappropriate ioctl for device
bash: no job control in this shell
2026-04-29 22:57:21,938 [INFO] WS-11: running 'p disable'
2026-04-29 22:57:27,262 [INFO] WS-11: Piper disable sequence complete.
2026-04-29 22:57:27,263 [INFO] WS-11 err: bash: cannot set terminal process group (-1): Inappropriate ioctl for device
bash: no job control in this shell
INFO:Pip
2026-04-29 22:57:27,263 [INFO]   WS-11: Piper disable sequence complete.
2026-04-29 22:57:27,263 [INFO] WS-11 is ready. Runtime controls unlocked.
2026-04-29 22:57:27,263 [INFO] 'Disable' complete.
2026-04-29 22:57:28,768 [INFO] Disabling, killing tunnels, and shutting down WS-11...
2026-04-29 22:57:29,572 [INFO] WS-11: running 'p goto reset'
2026-04-29 22:57:31,482 [INFO] WS-11: Go to reset complete.
2026-04-29 22:57:31,582 [INFO] WS-11 err: bash: cannot set terminal process group (-1): Inappropriate ioctl for device
bash: no job control in this shell
2026-04-29 22:57:32,388 [INFO] WS-11: running 'p disable'
2026-04-29 22:57:37,208 [INFO] WS-11: Piper disable sequence complete.
2026-04-29 22:57:37,208 [INFO] WS-11 err: bash: cannot set terminal process group (-1): Inappropriate ioctl for device
bash: no job control in this shell
INFO:Pip
2026-04-29 22:57:37,712 [INFO] WS-11: killing tunnel for zhurong:8080
2026-04-29 22:57:38,016 [INFO] WS-11: tunnel kill FAILED — tunnel kill failed
2026-04-29 22:57:38,419 [INFO] WS-11: stopping Docker container...
2026-04-29 22:57:38,822 [INFO] WS-11: shutdown complete
2026-04-29 22:57:38,822 [INFO]   WS-11: Reset: Go to reset complete.; Disable: Piper disable sequence complete.; Tunnel:
2026-04-29 22:57:38,822 [INFO] Shutdown complete.
2026-04-29 22:57:44,154 [INFO] Unselected WS-11.
2026-04-29 22:58:32,975 [INFO] ARMory dashboard started.
2026-04-29 22:58:32,975 [INFO] Querying workstation status...
2026-04-29 22:58:37,306 [INFO] WS-11: container not running (offline)
2026-04-29 22:58:38,313 [INFO] WS-12: container running (booted)
2026-04-29 22:58:40,432 [INFO] WS-13: container running (booted)
2026-04-29 22:58:42,142 [INFO] WS-14: container running (booted)
2026-04-29 22:58:42,142 [INFO] Status refresh complete.
2026-04-29 22:59:05,660 [INFO] Selected WS-12.
2026-04-29 22:59:05,961 [INFO] Selected WS-13.
2026-04-29 22:59:06,263 [INFO] Selected WS-14.
2026-04-29 22:59:08,184 [INFO] Executing 'Disable' on WS-12, WS-13, WS-14...
2026-04-29 22:59:08,488 [INFO] WS-12: running 'p goto reset'
2026-04-29 22:59:08,891 [INFO] WS-13: running 'p goto reset'
2026-04-29 22:59:09,396 [INFO] WS-14: running 'p goto reset'
2026-04-29 22:59:10,502 [INFO] WS-12: Go to reset complete.
2026-04-29 22:59:10,603 [INFO] WS-12 err: bash: cannot set terminal process group (-1): Inappropriate ioctl for device
bash: no job control in this shell
2026-04-29 22:59:10,804 [INFO] WS-13: Go to reset complete.
2026-04-29 22:59:10,804 [INFO] WS-13 err: bash: cannot set terminal process group (-1): Inappropriate ioctl for device
bash: no job control in this shell
2026-04-29 22:59:11,006 [INFO] WS-14: Go to reset complete.
2026-04-29 22:59:11,006 [INFO] WS-14 err: bash: cannot set terminal process group (-1): Inappropriate ioctl for device
bash: no job control in this shell
2026-04-29 22:59:11,208 [INFO] WS-12: running 'p disable'
2026-04-29 22:59:11,511 [INFO] WS-13: running 'p disable'
2026-04-29 22:59:11,915 [INFO] WS-14: running 'p disable'
2026-04-29 22:59:14,934 [INFO] WS-14: Piper disable sequence complete.
2026-04-29 22:59:14,934 [INFO] WS-14 err: bash: cannot set terminal process group (-1): Inappropriate ioctl for device
bash: no job control in this shell
INFO:Pip
2026-04-29 22:59:16,043 [INFO] WS-13: Piper disable sequence complete.
2026-04-29 22:59:16,143 [INFO] WS-13 err: bash: cannot set terminal process group (-1): Inappropriate ioctl for device
bash: no job control in this shell
INFO:Pip
2026-04-29 22:59:16,144 [INFO] WS-12: Piper disable sequence complete.
2026-04-29 22:59:16,144 [INFO] WS-12 err: bash: cannot set terminal process group (-1): Inappropriate ioctl for device
bash: no job control in this shell
INFO:Pip
2026-04-29 22:59:16,144 [INFO]   WS-12: Piper disable sequence complete.
2026-04-29 22:59:16,144 [INFO]   WS-13: Piper disable sequence complete.
2026-04-29 22:59:16,244 [INFO]   WS-14: Piper disable sequence complete.
2026-04-29 22:59:16,345 [INFO] WS-12, WS-13, WS-14 is ready. Runtime controls unlocked.
2026-04-29 22:59:16,345 [INFO] 'Disable' complete.
2026-04-29 22:59:30,561 [INFO] Executing 'Enable' on WS-12, WS-13, WS-14...
2026-04-29 22:59:30,764 [INFO] WS-12: running 'p enable'
2026-04-29 22:59:30,966 [INFO] WS-13: running 'p enable'
2026-04-29 22:59:31,168 [INFO] WS-14: running 'p enable'
2026-04-29 22:59:31,671 [INFO] WS-12: 使能成功!!!!
Piper enable sequence complete.
2026-04-29 22:59:31,671 [INFO] WS-12 err: bash: cannot set terminal process group (-1): Inappropriate ioctl for device
bash: no job control in this shell
bash: /p
2026-04-29 22:59:31,873 [INFO] WS-13: 使能成功!!!!
Piper enable sequence complete.
2026-04-29 22:59:32,074 [INFO] WS-13 err: bash: cannot set terminal process group (-1): Inappropriate ioctl for device
bash: no job control in this shell
bash: /p
2026-04-29 22:59:32,277 [INFO] WS-14: 使能成功!!!!
Piper enable sequence complete.
2026-04-29 22:59:32,277 [INFO] WS-14 err: bash: cannot set terminal process group (-1): Inappropriate ioctl for device
bash: no job control in this shell
bash: /p
2026-04-29 22:59:32,580 [INFO] WS-12: running 'p goto init'
2026-04-29 22:59:32,782 [INFO] WS-13: running 'p goto init'
2026-04-29 22:59:32,984 [INFO] WS-14: running 'p goto init'
2026-04-29 22:59:34,191 [INFO] WS-12: Go to init complete.
2026-04-29 22:59:34,191 [INFO] WS-12 err: bash: cannot set terminal process group (-1): Inappropriate ioctl for device
bash: no job control in this shell
2026-04-29 22:59:34,393 [INFO] WS-13: Go to init complete.
2026-04-29 22:59:34,393 [INFO] WS-13 err: bash: cannot set terminal process group (-1): Inappropriate ioctl for device
bash: no job control in this shell
2026-04-29 22:59:34,595 [INFO] WS-14: Go to init complete.
2026-04-29 22:59:34,595 [INFO] WS-14 err: bash: cannot set terminal process group (-1): Inappropriate ioctl for device
bash: no job control in this shell
2026-04-29 22:59:34,596 [INFO]   WS-12: Go to init complete.
2026-04-29 22:59:34,596 [INFO]   WS-13: Go to init complete.
2026-04-29 22:59:34,596 [INFO]   WS-14: Go to init complete.
2026-04-29 22:59:34,596 [INFO] 'Enable' complete.
2026-04-29 22:59:38,009 [INFO] Executing 'Disable' on WS-12, WS-13, WS-14...
2026-04-29 22:59:38,412 [INFO] WS-12: running 'p goto reset'
2026-04-29 22:59:38,714 [INFO] WS-13: running 'p goto reset'
2026-04-29 22:59:39,118 [INFO] WS-14: running 'p goto reset'
2026-04-29 22:59:40,023 [INFO] WS-12: Go to reset complete.
2026-04-29 22:59:40,123 [INFO] WS-12 err: bash: cannot set terminal process group (-1): Inappropriate ioctl for device
bash: no job control in this shell
2026-04-29 22:59:40,627 [INFO] WS-13: Go to reset complete.
2026-04-29 22:59:40,627 [INFO] WS-13 err: bash: cannot set terminal process group (-1): Inappropriate ioctl for device
bash: no job control in this shell
2026-04-29 22:59:40,729 [INFO] WS-14: Go to reset complete.
2026-04-29 22:59:40,729 [INFO] WS-14 err: bash: cannot set terminal process group (-1): Inappropriate ioctl for device
bash: no job control in this shell
2026-04-29 22:59:41,031 [INFO] WS-12: running 'p disable'
2026-04-29 22:59:41,434 [INFO] WS-13: running 'p disable'
2026-04-29 22:59:41,636 [INFO] WS-14: running 'p disable'
2026-04-29 22:59:46,055 [INFO] WS-12: Piper disable sequence complete.
2026-04-29 22:59:46,055 [INFO] WS-12 err: bash: cannot set terminal process group (-1): Inappropriate ioctl for device
bash: no job control in this shell
INFO:Pip
2026-04-29 22:59:46,457 [INFO] WS-14: Piper disable sequence complete.
2026-04-29 22:59:46,457 [INFO] WS-14 err: bash: cannot set terminal process group (-1): Inappropriate ioctl for device
bash: no job control in this shell
INFO:Pip
2026-04-29 22:59:46,458 [INFO] WS-13: Piper disable sequence complete.
2026-04-29 22:59:46,458 [INFO] WS-13 err: bash: cannot set terminal process group (-1): Inappropriate ioctl for device
bash: no job control in this shell
INFO:Pip
2026-04-29 22:59:46,558 [INFO]   WS-12: Piper disable sequence complete.
2026-04-29 22:59:46,559 [INFO]   WS-13: Piper disable sequence complete.
2026-04-29 22:59:46,659 [INFO]   WS-14: Piper disable sequence complete.
2026-04-29 22:59:46,660 [INFO] 'Disable' complete.
2026-04-29 22:59:53,209 [INFO] Executing 'Enable' on WS-12, WS-13, WS-14...
2026-04-29 22:59:53,713 [INFO] WS-12: running 'p enable'
2026-04-29 22:59:54,419 [INFO] WS-13: running 'p enable'
2026-04-29 22:59:54,722 [INFO] WS-12: 使能成功!!!!
Piper enable sequence complete.
2026-04-29 22:59:54,722 [INFO] WS-12 err: bash: cannot set terminal process group (-1): Inappropriate ioctl for device
bash: no job control in this shell
bash: /p
2026-04-29 22:59:54,824 [INFO] WS-14: running 'p enable'
2026-04-29 22:59:55,831 [INFO] WS-13: 使能成功!!!!
Piper enable sequence complete.
2026-04-29 22:59:55,933 [INFO] WS-13 err: bash: cannot set terminal process group (-1): Inappropriate ioctl for device
bash: no job control in this shell
bash: /p
2026-04-29 22:59:56,034 [INFO] WS-14: 使能成功!!!!
Piper enable sequence complete.
2026-04-29 22:59:56,034 [INFO] WS-14 err: bash: cannot set terminal process group (-1): Inappropriate ioctl for device
bash: no job control in this shell
bash: /p
2026-04-29 22:59:56,538 [INFO] WS-12: running 'p goto init'
2026-04-29 22:59:56,741 [INFO] WS-13: running 'p goto init'
2026-04-29 22:59:57,044 [INFO] WS-14: running 'p goto init'
2026-04-29 22:59:58,250 [INFO] WS-12: Go to init complete.
2026-04-29 22:59:58,250 [INFO] WS-12 err: bash: cannot set terminal process group (-1): Inappropriate ioctl for device
bash: no job control in this shell
2026-04-29 22:59:58,351 [INFO] WS-13: Go to init complete.
2026-04-29 22:59:58,351 [INFO] WS-13 err: bash: cannot set terminal process group (-1): Inappropriate ioctl for device
bash: no job control in this shell
2026-04-29 22:59:58,552 [INFO] Unselected WS-12.
2026-04-29 22:59:58,654 [INFO] WS-14: Go to init complete.
2026-04-29 22:59:58,654 [INFO] WS-14 err: bash: cannot set terminal process group (-1): Inappropriate ioctl for device
bash: no job control in this shell
2026-04-29 22:59:58,654 [INFO]   WS-12: Go to init complete.
2026-04-29 22:59:58,654 [INFO]   WS-13: Go to init complete.
2026-04-29 22:59:58,654 [INFO]   WS-14: Go to init complete.
2026-04-29 22:59:58,654 [INFO] WS-13, WS-14 is ready. Runtime controls unlocked.
2026-04-29 22:59:58,654 [INFO] 'Enable' complete.
2026-04-29 22:59:58,956 [INFO] Unselected WS-13.
2026-04-29 22:59:59,157 [INFO] Unselected WS-14.
2026-04-29 22:59:59,760 [INFO] Selected WS-11.
2026-04-29 23:00:01,585 [INFO] Booting WS-11...
2026-04-29 23:00:02,895 [INFO] WS-11: starting Docker container...
2026-04-29 23:00:03,400 [INFO] WS-11: 3e11c3dcad5e20ea58f691e8a582234cf4f8cf680207b35af419a079bff7c94e
2026-04-29 23:00:05,610 [INFO] WS-11: container up, running entrypoint...
2026-04-29 23:00:05,813 [INFO] WS-11: boot successful
2026-04-29 23:00:05,813 [INFO]   WS-11: Boot successful
2026-04-29 23:00:05,914 [INFO] WS-11 is ready. Runtime controls unlocked.
2026-04-29 23:00:05,914 [INFO] Boot complete.
2026-04-29 23:00:12,233 [INFO] Executing 'Enable' on WS-11...
2026-04-29 23:00:12,540 [INFO] WS-11: running 'p enable'
2026-04-29 23:00:13,545 [INFO] WS-11: 使能成功!!!!
Piper enable sequence complete.
2026-04-29 23:00:13,545 [INFO] WS-11 err: bash: cannot set terminal process group (-1): Inappropriate ioctl for device
bash: no job control in this shell
bash: /p
2026-04-29 23:00:13,747 [INFO] WS-11: running 'p goto init'
2026-04-29 23:00:15,255 [INFO] WS-11: Go to init complete.
2026-04-29 23:00:15,255 [INFO] WS-11 err: bash: cannot set terminal process group (-1): Inappropriate ioctl for device
bash: no job control in this shell
2026-04-29 23:00:15,355 [INFO]   WS-11: Go to init complete.
2026-04-29 23:00:15,356 [INFO] 'Enable' complete.
2026-04-29 23:00:15,758 [INFO] Unselected WS-11.
2026-04-29 23:00:22,225 [INFO] Starting listener on WS-11, WS-12, WS-13, WS-14...
2026-04-29 23:00:23,433 [INFO] WS-11: starting data listener; log /nethome/rbansal66/CS4803ARM_Lab/user_data/armory/logs/workstation_11-listener.log
2026-04-29 23:00:23,534 [INFO] WS-12: starting data listener; log /nethome/rbansal66/CS4803ARM_Lab/user_data/armory/logs/workstation_12-listener.log
2026-04-29 23:00:23,735 [INFO] WS-13: starting data listener; log /nethome/rbansal66/CS4803ARM_Lab/user_data/armory/logs/workstation_13-listener.log
2026-04-29 23:00:23,840 [INFO] WS-14: starting data listener; log /nethome/rbansal66/CS4803ARM_Lab/user_data/armory/logs/workstation_14-listener.log
2026-04-29 23:00:26,054 [INFO] WS-12: data listener started (pid 2819); log: /nethome/rbansal66/CS4803ARM_Lab/user_data/armory/logs/workstation_12-listener.log
2026-04-29 23:00:26,054 [INFO] WS-14: data listener started (pid 3909); log: /nethome/rbansal66/CS4803ARM_Lab/user_data/armory/logs/workstation_14-listener.log
2026-04-29 23:00:26,054 [INFO] WS-11: data listener started (pid 224); log: /nethome/rbansal66/CS4803ARM_Lab/user_data/armory/logs/workstation_11-listener.log
2026-04-29 23:00:26,155 [INFO] WS-13: data listener started (pid 2694); log: /nethome/rbansal66/CS4803ARM_Lab/user_data/armory/logs/workstation_13-listener.log
2026-04-29 23:00:26,155 [INFO]   WS-11: data listener started (pid 224); log: /nethome/rbansal66/CS4803ARM_Lab/user_data
2026-04-29 23:00:26,155 [INFO]   WS-12: data listener started (pid 2819); log: /nethome/rbansal66/CS4803ARM_Lab/user_dat
2026-04-29 23:00:26,155 [INFO]   WS-13: data listener started (pid 2694); log: /nethome/rbansal66/CS4803ARM_Lab/user_dat
2026-04-29 23:00:26,155 [INFO]   WS-14: data listener started (pid 3909); log: /nethome/rbansal66/CS4803ARM_Lab/user_dat
2026-04-29 23:00:26,155 [INFO] Start Listener complete.
2026-04-29 23:01:38,714 [INFO] Client menu closed.
2026-04-29 23:02:04,194 [INFO] Starting client on WS-11, WS-12, WS-13, WS-14...
2026-04-29 23:02:05,708 [INFO] WS-11: starting Piper client; log /nethome/rbansal66/CS4803ARM_Lab/user_data/armory/logs/workstation_11-client.log
2026-04-29 23:02:06,010 [INFO] WS-12: starting Piper client; log /nethome/rbansal66/CS4803ARM_Lab/user_data/armory/logs/workstation_12-client.log
2026-04-29 23:02:06,412 [INFO] WS-13: starting Piper client; log /nethome/rbansal66/CS4803ARM_Lab/user_data/armory/logs/workstation_13-client.log
2026-04-29 23:02:06,814 [INFO] WS-14: starting Piper client; log /nethome/rbansal66/CS4803ARM_Lab/user_data/armory/logs/workstation_14-client.log
2026-04-29 23:02:09,131 [INFO] WS-12: Piper client started (pid 3048); log: /nethome/rbansal66/CS4803ARM_Lab/user_data/armory/logs/workstation_12-client.log
2026-04-29 23:02:09,232 [INFO] WS-11: Piper client started (pid 453); log: /nethome/rbansal66/CS4803ARM_Lab/user_data/armory/logs/workstation_11-client.log
2026-04-29 23:02:09,233 [INFO] WS-13: Piper client started (pid 3013); log: /nethome/rbansal66/CS4803ARM_Lab/user_data/armory/logs/workstation_13-client.log
2026-04-29 23:02:09,634 [INFO] WS-14: Piper client started (pid 4140); log: /nethome/rbansal66/CS4803ARM_Lab/user_data/armory/logs/workstation_14-client.log
2026-04-29 23:02:09,635 [INFO]   WS-11: Piper client started (pid 453); log: /nethome/rbansal66/CS4803ARM_Lab/user_data/
2026-04-29 23:02:09,635 [INFO]   WS-12: Piper client started (pid 3048); log: /nethome/rbansal66/CS4803ARM_Lab/user_data
2026-04-29 23:02:09,635 [INFO]   WS-13: Piper client started (pid 3013); log: /nethome/rbansal66/CS4803ARM_Lab/user_data
2026-04-29 23:02:09,635 [INFO]   WS-14: Piper client started (pid 4140); log: /nethome/rbansal66/CS4803ARM_Lab/user_data
2026-04-29 23:02:09,635 [INFO] Start Client complete.
2026-04-29 23:02:38,169 [INFO] EMERGENCY STOP: killing clients on WS-11, WS-12, WS-13, WS-14.
2026-04-29 23:02:38,370 [INFO] WS-11: stopping Piper client
2026-04-29 23:02:38,470 [INFO] WS-12: stopping Piper client
2026-04-29 23:02:38,674 [INFO] WS-13: stopping Piper client
2026-04-29 23:02:38,774 [INFO] WS-14: stopping Piper client
2026-04-29 23:02:39,582 [INFO] WS-11: Piper client stopped; log: /nethome/rbansal66/CS4803ARM_Lab/user_data/armory/logs/workstation_11-client.log
2026-04-29 23:02:39,884 [INFO] WS-12: Piper client stopped; log: /nethome/rbansal66/CS4803ARM_Lab/user_data/armory/logs/workstation_12-client.log
2026-04-29 23:02:39,985 [INFO] WS-13: Piper client stopped; log: /nethome/rbansal66/CS4803ARM_Lab/user_data/armory/logs/workstation_13-client.log
2026-04-29 23:02:40,287 [INFO] WS-14: Piper client stopped; log: /nethome/rbansal66/CS4803ARM_Lab/user_data/armory/logs/workstation_14-client.log
2026-04-29 23:02:40,287 [INFO]   WS-11: Piper client stopped; log: /nethome/rbansal66/CS4803ARM_Lab/user_data/armory/log
2026-04-29 23:02:40,388 [INFO]   WS-12: Piper client stopped; log: /nethome/rbansal66/CS4803ARM_Lab/user_data/armory/log
2026-04-29 23:02:40,388 [INFO]   WS-13: Piper client stopped; log: /nethome/rbansal66/CS4803ARM_Lab/user_data/armory/log
2026-04-29 23:02:40,388 [INFO]   WS-14: Piper client stopped; log: /nethome/rbansal66/CS4803ARM_Lab/user_data/armory/log
2026-04-29 23:02:40,388 [INFO] Emergency client stop complete.
2026-04-29 23:03:12,322 [INFO] Enable cancelled.
2026-04-29 23:03:18,155 [INFO] Executing 'Goto Init' on WS-11, WS-12, WS-13, WS-14...
2026-04-29 23:03:18,559 [INFO] WS-11: running 'p goto init'
2026-04-29 23:03:18,761 [INFO] WS-12: running 'p goto init'
2026-04-29 23:03:19,266 [INFO] WS-13: running 'p goto init'
2026-04-29 23:03:19,872 [INFO] WS-14: running 'p goto init'
2026-04-29 23:03:20,375 [INFO] WS-11: Go to init complete.
2026-04-29 23:03:20,476 [INFO] WS-11 err: bash: cannot set terminal process group (-1): Inappropriate ioctl for device
bash: no job control in this shell
2026-04-29 23:03:20,476 [INFO] WS-12: Go to init complete.
2026-04-29 23:03:20,476 [INFO] WS-12 err: bash: cannot set terminal process group (-1): Inappropriate ioctl for device
bash: no job control in this shell
2026-04-29 23:03:20,979 [INFO] WS-13: Go to init complete.
2026-04-29 23:03:20,979 [INFO] WS-13 err: bash: cannot set terminal process group (-1): Inappropriate ioctl for device
bash: no job control in this shell
2026-04-29 23:03:21,481 [INFO] WS-14: Go to init complete.
2026-04-29 23:03:21,481 [INFO] WS-14 err: bash: cannot set terminal process group (-1): Inappropriate ioctl for device
bash: no job control in this shell
2026-04-29 23:03:21,481 [INFO]   WS-11: Go to init complete.
2026-04-29 23:03:21,481 [INFO]   WS-12: Go to init complete.
2026-04-29 23:03:21,481 [INFO]   WS-13: Go to init complete.
2026-04-29 23:03:21,481 [INFO]   WS-14: Go to init complete.
2026-04-29 23:03:21,481 [INFO] ALL is ready. Runtime controls unlocked.
2026-04-29 23:03:21,481 [INFO] 'Goto Init' complete.
2026-04-29 23:03:32,387 [INFO] Starting client on WS-11, WS-12, WS-13, WS-14...
2026-04-29 23:03:33,797 [INFO] WS-11: starting Piper client; log /nethome/rbansal66/CS4803ARM_Lab/user_data/armory/logs/workstation_11-client.log
2026-04-29 23:03:34,000 [INFO] WS-12: starting Piper client; log /nethome/rbansal66/CS4803ARM_Lab/user_data/armory/logs/workstation_12-client.log
2026-04-29 23:03:34,201 [INFO] WS-13: starting Piper client; log /nethome/rbansal66/CS4803ARM_Lab/user_data/armory/logs/workstation_13-client.log
2026-04-29 23:03:34,302 [INFO] WS-14: starting Piper client; log /nethome/rbansal66/CS4803ARM_Lab/user_data/armory/logs/workstation_14-client.log
2026-04-29 23:03:36,514 [INFO] WS-12: Piper client started (pid 3235); log: /nethome/rbansal66/CS4803ARM_Lab/user_data/armory/logs/workstation_12-client.log
2026-04-29 23:03:36,514 [INFO] WS-13: Piper client started (pid 3201); log: /nethome/rbansal66/CS4803ARM_Lab/user_data/armory/logs/workstation_13-client.log
2026-04-29 23:03:36,514 [INFO] WS-11: Piper client started (pid 638); log: /nethome/rbansal66/CS4803ARM_Lab/user_data/armory/logs/workstation_11-client.log
2026-04-29 23:03:36,615 [INFO] WS-14: Piper client started (pid 4326); log: /nethome/rbansal66/CS4803ARM_Lab/user_data/armory/logs/workstation_14-client.log
2026-04-29 23:03:36,615 [INFO]   WS-11: Piper client started (pid 638); log: /nethome/rbansal66/CS4803ARM_Lab/user_data/
2026-04-29 23:03:36,615 [INFO]   WS-12: Piper client started (pid 3235); log: /nethome/rbansal66/CS4803ARM_Lab/user_data
2026-04-29 23:03:36,615 [INFO]   WS-13: Piper client started (pid 3201); log: /nethome/rbansal66/CS4803ARM_Lab/user_data
2026-04-29 23:03:36,615 [INFO]   WS-14: Piper client started (pid 4326); log: /nethome/rbansal66/CS4803ARM_Lab/user_data
2026-04-29 23:03:36,615 [INFO] Start Client complete.
2026-04-29 23:05:22,766 [INFO] EMERGENCY STOP: killing clients on WS-11, WS-12, WS-13, WS-14.
2026-04-29 23:05:23,069 [INFO] WS-11: stopping Piper client
2026-04-29 23:05:23,171 [INFO] WS-12: stopping Piper client
2026-04-29 23:05:23,171 [INFO] WS-13: stopping Piper client
2026-04-29 23:05:23,272 [INFO] WS-14: stopping Piper client
2026-04-29 23:05:24,385 [INFO] WS-11: Piper client stopped; log: /nethome/rbansal66/CS4803ARM_Lab/user_data/armory/logs/workstation_11-client.log
2026-04-29 23:05:24,386 [INFO] WS-12: Piper client stopped; log: /nethome/rbansal66/CS4803ARM_Lab/user_data/armory/logs/workstation_12-client.log
2026-04-29 23:05:24,989 [INFO] WS-13: Piper client stopped; log: /nethome/rbansal66/CS4803ARM_Lab/user_data/armory/logs/workstation_13-client.log
2026-04-29 23:05:25,893 [INFO] WS-14: Piper client stopped; log: /nethome/rbansal66/CS4803ARM_Lab/user_data/armory/logs/workstation_14-client.log
2026-04-29 23:05:25,893 [INFO]   WS-11: Piper client stopped; log: /nethome/rbansal66/CS4803ARM_Lab/user_data/armory/log
2026-04-29 23:05:25,893 [INFO]   WS-12: Piper client stopped; log: /nethome/rbansal66/CS4803ARM_Lab/user_data/armory/log
2026-04-29 23:05:25,893 [INFO]   WS-13: Piper client stopped; log: /nethome/rbansal66/CS4803ARM_Lab/user_data/armory/log
2026-04-29 23:05:25,893 [INFO]   WS-14: Piper client stopped; log: /nethome/rbansal66/CS4803ARM_Lab/user_data/armory/log
2026-04-29 23:05:25,893 [INFO] Emergency client stop complete.
2026-04-29 23:06:42,956 [INFO] Executing 'Goto Init' on WS-11, WS-12, WS-13, WS-14...
2026-04-29 23:06:43,359 [INFO] WS-11: running 'p goto init'
2026-04-29 23:06:43,563 [INFO] WS-12: running 'p goto init'
2026-04-29 23:06:43,966 [INFO] WS-13: running 'p goto init'
2026-04-29 23:06:44,170 [INFO] WS-14: running 'p goto init'
2026-04-29 23:06:44,973 [INFO] WS-11: Go to init complete.
2026-04-29 23:06:44,973 [INFO] WS-11 err: bash: cannot set terminal process group (-1): Inappropriate ioctl for device
bash: no job control in this shell
2026-04-29 23:06:45,276 [INFO] WS-12: Go to init complete.
2026-04-29 23:06:45,276 [INFO] WS-12 err: bash: cannot set terminal process group (-1): Inappropriate ioctl for device
bash: no job control in this shell
2026-04-29 23:06:45,578 [INFO] WS-13: Go to init complete.
2026-04-29 23:06:45,578 [INFO] WS-13 err: bash: cannot set terminal process group (-1): Inappropriate ioctl for device
bash: no job control in this shell
2026-04-29 23:06:45,780 [INFO] WS-14: Go to init complete.
2026-04-29 23:06:45,780 [INFO] WS-14 err: bash: cannot set terminal process group (-1): Inappropriate ioctl for device
bash: no job control in this shell
2026-04-29 23:06:45,780 [INFO]   WS-11: Go to init complete.
2026-04-29 23:06:45,780 [INFO]   WS-12: Go to init complete.
2026-04-29 23:06:45,780 [INFO]   WS-13: Go to init complete.
2026-04-29 23:06:45,780 [INFO]   WS-14: Go to init complete.
2026-04-29 23:06:45,780 [INFO] 'Goto Init' complete.
2026-04-29 23:07:22,045 [INFO] Starting client on WS-11, WS-12, WS-13, WS-14...
2026-04-29 23:07:23,454 [INFO] WS-11: starting Piper client; log /nethome/rbansal66/CS4803ARM_Lab/user_data/armory/logs/workstation_11-client.log
2026-04-29 23:07:23,656 [INFO] WS-12: starting Piper client; log /nethome/rbansal66/CS4803ARM_Lab/user_data/armory/logs/workstation_12-client.log
2026-04-29 23:07:23,757 [INFO] WS-13: starting Piper client; log /nethome/rbansal66/CS4803ARM_Lab/user_data/armory/logs/workstation_13-client.log
2026-04-29 23:07:23,958 [INFO] WS-14: starting Piper client; log /nethome/rbansal66/CS4803ARM_Lab/user_data/armory/logs/workstation_14-client.log
2026-04-29 23:07:26,173 [INFO] WS-12: Piper client started (pid 3420); log: /nethome/rbansal66/CS4803ARM_Lab/user_data/armory/logs/workstation_12-client.log
2026-04-29 23:07:26,273 [INFO] WS-11: Piper client started (pid 824); log: /nethome/rbansal66/CS4803ARM_Lab/user_data/armory/logs/workstation_11-client.log
2026-04-29 23:07:26,475 [INFO] WS-13: Piper client started (pid 3385); log: /nethome/rbansal66/CS4803ARM_Lab/user_data/armory/logs/workstation_13-client.log
2026-04-29 23:07:26,475 [INFO] WS-14: Piper client started (pid 4512); log: /nethome/rbansal66/CS4803ARM_Lab/user_data/armory/logs/workstation_14-client.log
2026-04-29 23:07:26,475 [INFO]   WS-11: Piper client started (pid 824); log: /nethome/rbansal66/CS4803ARM_Lab/user_data/
2026-04-29 23:07:26,475 [INFO]   WS-12: Piper client started (pid 3420); log: /nethome/rbansal66/CS4803ARM_Lab/user_data
2026-04-29 23:07:26,475 [INFO]   WS-13: Piper client started (pid 3385); log: /nethome/rbansal66/CS4803ARM_Lab/user_data
2026-04-29 23:07:26,475 [INFO]   WS-14: Piper client started (pid 4512); log: /nethome/rbansal66/CS4803ARM_Lab/user_data
2026-04-29 23:07:26,475 [INFO] Start Client complete.
2026-04-29 23:08:15,682 [INFO] EMERGENCY STOP: killing clients on WS-11, WS-12, WS-13, WS-14.
2026-04-29 23:08:16,085 [INFO] WS-11: stopping Piper client
2026-04-29 23:08:16,086 [INFO] WS-12: stopping Piper client
2026-04-29 23:08:16,287 [INFO] WS-13: stopping Piper client
2026-04-29 23:08:16,690 [INFO] WS-14: stopping Piper client
2026-04-29 23:08:18,201 [INFO] WS-11: Piper client stopped; log: /nethome/rbansal66/CS4803ARM_Lab/user_data/armory/logs/workstation_11-client.log
2026-04-29 23:08:18,304 [INFO] WS-12: Piper client stopped; log: /nethome/rbansal66/CS4803ARM_Lab/user_data/armory/logs/workstation_12-client.log
2026-04-29 23:08:18,908 [INFO] WS-13: Piper client stopped; log: /nethome/rbansal66/CS4803ARM_Lab/user_data/armory/logs/workstation_13-client.log
2026-04-29 23:08:19,310 [INFO] WS-14: Piper client stopped; log: /nethome/rbansal66/CS4803ARM_Lab/user_data/armory/logs/workstation_14-client.log
2026-04-29 23:08:19,310 [INFO]   WS-11: Piper client stopped; log: /nethome/rbansal66/CS4803ARM_Lab/user_data/armory/log
2026-04-29 23:08:19,310 [INFO]   WS-12: Piper client stopped; log: /nethome/rbansal66/CS4803ARM_Lab/user_data/armory/log
2026-04-29 23:08:19,310 [INFO]   WS-13: Piper client stopped; log: /nethome/rbansal66/CS4803ARM_Lab/user_data/armory/log
2026-04-29 23:08:19,310 [INFO]   WS-14: Piper client stopped; log: /nethome/rbansal66/CS4803ARM_Lab/user_data/armory/log
2026-04-29 23:08:19,310 [INFO] Emergency client stop complete.
2026-04-29 23:08:22,886 [INFO] Executing 'Goto Init' on WS-11, WS-12, WS-13, WS-14...
2026-04-29 23:08:23,188 [INFO] WS-11: running 'p goto init'
2026-04-29 23:08:23,491 [INFO] WS-12: running 'p goto init'
2026-04-29 23:08:23,593 [INFO] WS-13: running 'p goto init'
2026-04-29 23:08:23,996 [INFO] WS-14: running 'p goto init'
2026-04-29 23:08:25,002 [INFO] WS-11: Go to init complete.
2026-04-29 23:08:25,003 [INFO] WS-11 err: bash: cannot set terminal process group (-1): Inappropriate ioctl for device
bash: no job control in this shell
2026-04-29 23:08:25,204 [INFO] WS-12: Go to init complete.
2026-04-29 23:08:25,204 [INFO] WS-12 err: bash: cannot set terminal process group (-1): Inappropriate ioctl for device
bash: no job control in this shell
2026-04-29 23:08:25,406 [INFO] WS-13: Go to init complete.
2026-04-29 23:08:25,406 [INFO] WS-13 err: bash: cannot set terminal process group (-1): Inappropriate ioctl for device
bash: no job control in this shell
2026-04-29 23:08:25,707 [INFO] WS-14: Go to init complete.
2026-04-29 23:08:25,707 [INFO] WS-14 err: bash: cannot set terminal process group (-1): Inappropriate ioctl for device
bash: no job control in this shell
2026-04-29 23:08:25,708 [INFO]   WS-11: Go to init complete.
2026-04-29 23:08:25,708 [INFO]   WS-12: Go to init complete.
2026-04-29 23:08:25,708 [INFO]   WS-13: Go to init complete.
2026-04-29 23:08:25,708 [INFO]   WS-14: Go to init complete.
2026-04-29 23:08:25,708 [INFO] 'Goto Init' complete.
2026-04-29 23:09:07,464 [INFO] Executing 'Disable' on WS-11, WS-12, WS-13, WS-14...
2026-04-29 23:09:07,566 [INFO] WS-11: running 'p goto reset'
2026-04-29 23:09:07,768 [INFO] WS-12: running 'p goto reset'
2026-04-29 23:09:08,373 [INFO] WS-13: running 'p goto reset'
2026-04-29 23:09:08,675 [INFO] WS-14: running 'p goto reset'
2026-04-29 23:09:09,279 [INFO] WS-11: Go to reset complete.
2026-04-29 23:09:09,279 [INFO] WS-11 err: bash: cannot set terminal process group (-1): Inappropriate ioctl for device
bash: no job control in this shell
2026-04-29 23:09:09,581 [INFO] WS-12: Go to reset complete.
2026-04-29 23:09:09,581 [INFO] WS-12 err: bash: cannot set terminal process group (-1): Inappropriate ioctl for device
bash: no job control in this shell
2026-04-29 23:09:10,085 [INFO] WS-13: Go to reset complete.
2026-04-29 23:09:10,085 [INFO] WS-13 err: bash: cannot set terminal process group (-1): Inappropriate ioctl for device
bash: no job control in this shell
2026-04-29 23:09:10,185 [INFO] WS-14: Go to reset complete.
2026-04-29 23:09:10,185 [INFO] WS-14 err: bash: cannot set terminal process group (-1): Inappropriate ioctl for device
bash: no job control in this shell
2026-04-29 23:09:10,388 [INFO] WS-11: running 'p disable'
2026-04-29 23:09:10,591 [INFO] WS-12: running 'p disable'
2026-04-29 23:09:10,995 [INFO] WS-13: running 'p disable'
2026-04-29 23:09:11,298 [INFO] WS-14: running 'p disable'
2026-04-29 23:09:15,421 [INFO] WS-11: Piper disable sequence complete.
2026-04-29 23:09:15,421 [INFO] WS-11 err: bash: cannot set terminal process group (-1): Inappropriate ioctl for device
bash: no job control in this shell
INFO:Pip
2026-04-29 23:09:16,127 [INFO] WS-12: Piper disable sequence complete.
2026-04-29 23:09:16,127 [INFO] WS-12 err: bash: cannot set terminal process group (-1): Inappropriate ioctl for device
bash: no job control in this shell
INFO:Pip
2026-04-29 23:09:16,127 [INFO] WS-13: Piper disable sequence complete.
2026-04-29 23:09:16,127 [INFO] WS-13 err: bash: cannot set terminal process group (-1): Inappropriate ioctl for device
bash: no job control in this shell
INFO:Pip
2026-04-29 23:09:16,429 [INFO] WS-14: Piper disable sequence complete.
2026-04-29 23:09:16,429 [INFO] WS-14 err: bash: cannot set terminal process group (-1): Inappropriate ioctl for device
bash: no job control in this shell
INFO:Pip
2026-04-29 23:09:16,429 [INFO]   WS-11: Piper disable sequence complete.
2026-04-29 23:09:16,430 [INFO]   WS-12: Piper disable sequence complete.
2026-04-29 23:09:16,430 [INFO]   WS-13: Piper disable sequence complete.
2026-04-29 23:09:16,430 [INFO]   WS-14: Piper disable sequence complete.
2026-04-29 23:09:16,430 [INFO] 'Disable' complete.
2026-04-29 23:09:42,366 [INFO] Stopping listener on WS-11, WS-12, WS-13, WS-14...
2026-04-29 23:09:42,469 [INFO] WS-11: stopping data listener
2026-04-29 23:09:42,771 [INFO] WS-12: stopping data listener
2026-04-29 23:09:43,072 [INFO] WS-13: stopping data listener
2026-04-29 23:09:43,173 [INFO] WS-14: stopping data listener
2026-04-29 23:09:44,283 [INFO] WS-11: data listener stopped; log: /nethome/rbansal66/CS4803ARM_Lab/user_data/armory/logs/workstation_11-listener.log
2026-04-29 23:09:44,485 [INFO] WS-12: data listener stopped; log: /nethome/rbansal66/CS4803ARM_Lab/user_data/armory/logs/workstation_12-listener.log
2026-04-29 23:09:45,197 [INFO] WS-13: data listener stopped; log: /nethome/rbansal66/CS4803ARM_Lab/user_data/armory/logs/workstation_13-listener.log
2026-04-29 23:09:45,599 [INFO] WS-14: data listener stopped; log: /nethome/rbansal66/CS4803ARM_Lab/user_data/armory/logs/workstation_14-listener.log
2026-04-29 23:09:45,599 [INFO]   WS-11: data listener stopped; log: /nethome/rbansal66/CS4803ARM_Lab/user_data/armory/lo
2026-04-29 23:09:45,599 [INFO]   WS-12: data listener stopped; log: /nethome/rbansal66/CS4803ARM_Lab/user_data/armory/lo
2026-04-29 23:09:45,599 [INFO]   WS-13: data listener stopped; log: /nethome/rbansal66/CS4803ARM_Lab/user_data/armory/lo
2026-04-29 23:09:45,599 [INFO]   WS-14: data listener stopped; log: /nethome/rbansal66/CS4803ARM_Lab/user_data/armory/lo
2026-04-29 23:09:45,599 [INFO] Stop Listener complete.
2026-04-29 23:11:41,483 [INFO] Selected WS-11.
2026-04-29 23:11:41,886 [INFO] Selected WS-12.
2026-04-29 23:11:42,489 [INFO] Selected WS-13.
2026-04-29 23:11:42,793 [INFO] Selected WS-14.
2026-04-29 23:11:45,007 [INFO] Disabling, killing tunnels, and shutting down WS-11, WS-12, WS-13, WS-14...
2026-04-29 23:11:45,310 [INFO] WS-11: running 'p goto reset'
2026-04-29 23:11:45,713 [INFO] WS-12: running 'p goto reset'
2026-04-29 23:11:46,120 [INFO] WS-13: running 'p goto reset'
2026-04-29 23:11:46,624 [INFO] WS-14: running 'p goto reset'
2026-04-29 23:11:46,927 [INFO] WS-11: Go to reset complete.
2026-04-29 23:11:47,027 [INFO] WS-11 err: bash: cannot set terminal process group (-1): Inappropriate ioctl for device
bash: no job control in this shell
2026-04-29 23:11:47,730 [INFO] WS-12: Go to reset complete.
2026-04-29 23:11:47,731 [INFO] WS-12 err: bash: cannot set terminal process group (-1): Inappropriate ioctl for device
bash: no job control in this shell
2026-04-29 23:11:48,034 [INFO] WS-13: Go to reset complete.
2026-04-29 23:11:48,034 [INFO] WS-13 err: bash: cannot set terminal process group (-1): Inappropriate ioctl for device
bash: no job control in this shell
2026-04-29 23:11:48,436 [INFO] WS-14: Go to reset complete.
2026-04-29 23:11:48,436 [INFO] WS-14 err: bash: cannot set terminal process group (-1): Inappropriate ioctl for device
bash: no job control in this shell
2026-04-29 23:11:48,941 [INFO] WS-11: running 'p disable'
2026-04-29 23:11:49,648 [INFO] WS-12: running 'p disable'
2026-04-29 23:11:50,153 [INFO] WS-13: running 'p disable'
2026-04-29 23:11:50,556 [INFO] WS-14: running 'p disable'
2026-04-29 23:11:54,076 [INFO] WS-11: Piper disable sequence complete.
2026-04-29 23:11:54,077 [INFO] WS-11 err: bash: cannot set terminal process group (-1): Inappropriate ioctl for device
bash: no job control in this shell
INFO:Pip
2026-04-29 23:11:54,680 [INFO] WS-12: Piper disable sequence complete.
2026-04-29 23:11:54,680 [INFO] WS-12 err: bash: cannot set terminal process group (-1): Inappropriate ioctl for device
bash: no job control in this shell
INFO:Pip
2026-04-29 23:11:55,182 [INFO] WS-13: Piper disable sequence complete.
2026-04-29 23:11:55,182 [INFO] WS-13 err: bash: cannot set terminal process group (-1): Inappropriate ioctl for device
bash: no job control in this shell
INFO:Pip
2026-04-29 23:11:55,585 [INFO] WS-14: Piper disable sequence complete.
2026-04-29 23:11:55,585 [INFO] WS-14 err: bash: cannot set terminal process group (-1): Inappropriate ioctl for device
bash: no job control in this shell
INFO:Pip
2026-04-29 23:11:55,887 [INFO] WS-11: killing tunnel for zhurong:8080
2026-04-29 23:11:56,395 [INFO] WS-11: tunnel kill FAILED — tunnel kill failed
2026-04-29 23:11:56,496 [INFO] WS-12: killing tunnel for zhurong:8080
2026-04-29 23:11:56,798 [INFO] WS-12: tunnel kill FAILED — tunnel kill failed
2026-04-29 23:11:56,798 [INFO] WS-13: killing tunnel for zhurong:8080
2026-04-29 23:11:57,001 [INFO] WS-13: tunnel kill FAILED — tunnel kill failed
2026-04-29 23:11:57,202 [INFO] WS-14: killing tunnel for zhurong:8080
2026-04-29 23:11:57,705 [INFO] WS-14: tunnel kill FAILED — tunnel kill failed
2026-04-29 23:11:58,309 [INFO] WS-11: stopping Docker container...
2026-04-29 23:11:58,612 [INFO] WS-12: stopping Docker container...
2026-04-29 23:11:58,814 [INFO] WS-11: shutdown complete
2026-04-29 23:11:58,915 [INFO] WS-13: stopping Docker container...
2026-04-29 23:11:59,217 [INFO] WS-14: stopping Docker container...
2026-04-29 23:11:59,217 [INFO] WS-12: shutdown complete
2026-04-29 23:11:59,419 [INFO] WS-13: shutdown complete
2026-04-29 23:11:59,721 [INFO] WS-14: shutdown complete
2026-04-29 23:11:59,721 [INFO]   WS-11: Reset: Go to reset complete.; Disable: Piper disable sequence complete.; Tunnel:
2026-04-29 23:11:59,721 [INFO]   WS-12: Reset: Go to reset complete.; Disable: Piper disable sequence complete.; Tunnel:
2026-04-29 23:11:59,721 [INFO]   WS-13: Reset: Go to reset complete.; Disable: Piper disable sequence complete.; Tunnel:
2026-04-29 23:11:59,721 [INFO]   WS-14: Reset: Go to reset complete.; Disable: Piper disable sequence complete.; Tunnel:
2026-04-29 23:11:59,721 [INFO] Shutdown complete.
2026-05-03 18:49:15,915 [INFO] ARMory dashboard started.
2026-05-03 18:49:15,915 [INFO] Querying workstation status...
2026-05-03 18:49:20,152 [INFO] Current operation still running. Controls will unlock shortly.
2026-05-03 18:49:20,253 [INFO] WS-11: container not running (offline)
2026-05-03 18:49:22,269 [INFO] WS-12: container not running (offline)
2026-05-03 18:49:24,490 [INFO] WS-13: container not running (offline)
2026-05-03 18:49:26,804 [INFO] WS-14: container not running (offline)
2026-05-03 18:49:26,804 [INFO] Status refresh complete.
2026-05-03 18:49:38,748 [INFO] Selected WS-11.
2026-05-03 18:49:39,150 [INFO] Selected WS-12.
2026-05-03 18:49:39,653 [INFO] Unselected WS-11.
2026-05-03 18:49:39,954 [INFO] Unselected WS-12.
2026-05-03 18:49:43,669 [INFO] Booting WS-11, WS-12, WS-13, WS-14...
2026-05-03 18:49:44,978 [INFO] WS-11: starting Docker container...
2026-05-03 18:49:45,482 [INFO] WS-12: starting Docker container...
2026-05-03 18:49:45,583 [INFO] WS-11: 450d646495a8bb611c8c2a021143a05c10baa354a6fdee9343174e3aa6c96602
2026-05-03 18:49:45,785 [INFO] WS-13: starting Docker container...
2026-05-03 18:49:46,188 [INFO] WS-12: 668d95bf5e46d0fe0fe3d2075bb970ad53f22571c19d28cedea39b281f1bf446
2026-05-03 18:49:46,289 [INFO] WS-14: starting Docker container...
2026-05-03 18:49:46,289 [INFO] WS-13: edb2e9d842af315437efb9f9bbc2cfc8b974f3d9adb83eae9ebd34cb39f3cb6f
2026-05-03 18:49:46,896 [INFO] WS-14: 38684e09914287902bd342095754c5563d1282d0cbfdf2ccce9d300b713fc83b
2026-05-03 18:49:48,005 [INFO] WS-11: container up, running entrypoint...
2026-05-03 18:49:48,408 [INFO] WS-11: boot successful
2026-05-03 18:49:48,811 [INFO] WS-12: container up, running entrypoint...
2026-05-03 18:49:48,912 [INFO] WS-13: container up, running entrypoint...
2026-05-03 18:49:49,619 [INFO] WS-12: boot successful
2026-05-03 18:49:49,720 [INFO] WS-13: boot successful
2026-05-03 18:49:49,720 [INFO] WS-14: container up, running entrypoint...
2026-05-03 18:49:49,922 [INFO] WS-14: boot successful
2026-05-03 18:49:49,922 [INFO]   WS-11: Boot successful
2026-05-03 18:49:49,922 [INFO]   WS-12: Boot successful
2026-05-03 18:49:49,922 [INFO]   WS-13: Boot successful
2026-05-03 18:49:49,922 [INFO]   WS-14: Boot successful
2026-05-03 18:49:49,922 [INFO] ALL is ready. Runtime controls unlocked.
2026-05-03 18:49:49,922 [INFO] Boot complete.
2026-05-03 19:01:25,899 [INFO] Starting listener on WS-11, WS-12, WS-13, WS-14...
2026-05-03 19:01:27,013 [INFO] WS-11: starting data listener; log /nethome/rbansal66/CS4803ARM_Lab/user_data/armory/logs/workstation_11-listener.log
2026-05-03 19:01:27,516 [INFO] WS-12: starting data listener; log /nethome/rbansal66/CS4803ARM_Lab/user_data/armory/logs/workstation_12-listener.log
2026-05-03 19:01:27,720 [INFO] WS-13: starting data listener; log /nethome/rbansal66/CS4803ARM_Lab/user_data/armory/logs/workstation_13-listener.log
2026-05-03 19:01:27,921 [INFO] WS-14: starting data listener; log /nethome/rbansal66/CS4803ARM_Lab/user_data/armory/logs/workstation_14-listener.log
2026-05-03 19:01:30,434 [INFO] WS-12: data listener started (pid 99); log: /nethome/rbansal66/CS4803ARM_Lab/user_data/armory/logs/workstation_12-listener.log
2026-05-03 19:01:30,636 [INFO] WS-11: data listener started (pid 100); log: /nethome/rbansal66/CS4803ARM_Lab/user_data/armory/logs/workstation_11-listener.log
2026-05-03 19:01:30,837 [INFO] WS-13: data listener started (pid 99); log: /nethome/rbansal66/CS4803ARM_Lab/user_data/armory/logs/workstation_13-listener.log
2026-05-03 19:01:30,838 [INFO] WS-14: data listener started (pid 96); log: /nethome/rbansal66/CS4803ARM_Lab/user_data/armory/logs/workstation_14-listener.log
2026-05-03 19:01:30,838 [INFO]   WS-11: data listener started (pid 100); log: /nethome/rbansal66/CS4803ARM_Lab/user_data
2026-05-03 19:01:30,838 [INFO]   WS-12: data listener started (pid 99); log: /nethome/rbansal66/CS4803ARM_Lab/user_data/
2026-05-03 19:01:30,838 [INFO]   WS-13: data listener started (pid 99); log: /nethome/rbansal66/CS4803ARM_Lab/user_data/
2026-05-03 19:01:30,838 [INFO]   WS-14: data listener started (pid 96); log: /nethome/rbansal66/CS4803ARM_Lab/user_data/
2026-05-03 19:01:30,838 [INFO] Start Listener complete.
2026-05-03 19:02:02,526 [INFO] Executing 'Enable' on WS-11, WS-12, WS-13, WS-14...
2026-05-03 19:02:03,134 [INFO] WS-11: running 'p enable'
2026-05-03 19:02:03,436 [INFO] WS-12: running 'p enable'
2026-05-03 19:02:03,739 [INFO] WS-13: running 'p enable'
2026-05-03 19:02:04,041 [INFO] WS-14: running 'p enable'
2026-05-03 19:02:33,470 [INFO] WS-11: FAILED 'p enable' — 
2026-05-03 19:02:33,671 [INFO] Current operation still running. Controls will unlock shortly.
2026-05-03 19:02:33,771 [INFO] WS-12: FAILED 'p enable' — 
2026-05-03 19:02:34,075 [INFO] WS-13: FAILED 'p enable' — 
2026-05-03 19:02:34,377 [INFO] WS-14: FAILED 'p enable' — 
2026-05-03 19:02:34,880 [INFO] WS-11: running 'p goto init'
2026-05-03 19:02:35,887 [INFO] WS-12: running 'p goto init'
2026-05-03 19:02:36,291 [INFO] WS-13: running 'p goto init'
2026-05-03 19:02:36,795 [INFO] WS-14: running 'p goto init'
2026-05-03 19:02:47,742 [INFO] Current operation still running. Controls will unlock shortly.
2026-05-03 19:02:49,452 [INFO] Current operation still running. Controls will unlock shortly.
2026-05-03 19:02:57,287 [INFO] WS-11 err: bash: cannot set terminal process group (-1): Inappropriate ioctl for device
bash: no job control in this shell
2026-05-03 19:02:57,287 [INFO] WS-12 err: bash: cannot set terminal process group (-1): Inappropriate ioctl for device
bash: no job control in this shell
2026-05-03 19:02:57,287 [INFO] WS-13 err: bash: cannot set terminal process group (-1): Inappropriate ioctl for device
bash: no job control in this shell
2026-05-03 19:02:57,287 [INFO] WS-14 err: bash: cannot set terminal process group (-1): Inappropriate ioctl for device
bash: no job control in this shell
2026-05-03 19:03:02,067 [INFO] ARMory dashboard started.
2026-05-03 19:03:02,067 [INFO] Querying workstation status...
2026-05-03 19:03:05,205 [INFO] WS-11: container running (booted)
2026-05-03 19:03:06,919 [INFO] WS-12: container running (booted)
2026-05-03 19:03:09,238 [INFO] WS-13: container running (booted)
2026-05-03 19:03:11,252 [INFO] WS-14: container running (booted)
2026-05-03 19:03:11,252 [INFO] ALL is ready. Runtime controls unlocked.
2026-05-03 19:03:11,252 [INFO] Status refresh complete.
2026-05-03 19:03:23,820 [INFO] Disabling, killing tunnels, and shutting down WS-11, WS-12, WS-13, WS-14...
2026-05-03 19:03:24,122 [INFO] WS-11: running 'p goto reset'
2026-05-03 19:03:24,425 [INFO] WS-12: running 'p goto reset'
2026-05-03 19:03:24,627 [INFO] WS-13: running 'p goto reset'
2026-05-03 19:03:25,030 [INFO] WS-14: running 'p goto reset'
2026-05-03 19:03:35,879 [INFO] WS-11 err: bash: cannot set terminal process group (-1): Inappropriate ioctl for device
bash: no job control in this shell
2026-05-03 19:03:35,879 [INFO] WS-12 err: bash: cannot set terminal process group (-1): Inappropriate ioctl for device
bash: no job control in this shell
2026-05-03 19:03:35,879 [INFO] WS-13 err: bash: cannot set terminal process group (-1): Inappropriate ioctl for device
bash: no job control in this shell
2026-05-03 19:03:35,880 [INFO] WS-14 err: bash: cannot set terminal process group (-1): Inappropriate ioctl for device
bash: no job control in this shell
2026-05-03 19:03:39,578 [INFO] ARMory dashboard started.
2026-05-03 19:03:39,578 [INFO] Querying workstation status...
2026-05-03 19:03:42,700 [INFO] WS-11: container running (booted)
2026-05-03 19:03:44,316 [INFO] WS-12: container running (booted)
2026-05-03 19:03:45,730 [INFO] WS-13: container running (booted)
2026-05-03 19:03:47,141 [INFO] WS-14: container running (booted)
2026-05-03 19:03:47,142 [INFO] ALL is ready. Runtime controls unlocked.
2026-05-03 19:03:47,142 [INFO] Status refresh complete.
2026-05-03 19:06:33,052 [INFO] ARMory dashboard started.
2026-05-03 19:06:33,052 [INFO] Querying workstation status...
2026-05-03 19:06:35,777 [INFO] WS-11: container not running (offline)
2026-05-03 19:06:37,592 [INFO] WS-12: container not running (offline)
2026-05-03 19:06:39,813 [INFO] WS-13: container not running (offline)
2026-05-03 19:06:41,628 [INFO] WS-14: container not running (offline)
2026-05-03 19:06:41,628 [INFO] Status refresh complete.
2026-05-03 19:07:31,633 [INFO] Selected WS-11.
2026-05-03 19:07:33,934 [INFO] Booting WS-11...
2026-05-03 19:07:35,246 [INFO] WS-11: starting Docker container...
2026-05-03 19:07:36,150 [INFO] WS-11: ebf47a7ab78bd156dd324207d798d802f3001f8d67e9dcb1f081c1fee88db6ae
2026-05-03 19:07:38,464 [INFO] WS-11: container up, running entrypoint...
2026-05-03 19:07:38,767 [INFO] WS-11: boot successful
2026-05-03 19:07:38,767 [INFO]   WS-11: Boot successful
2026-05-03 19:07:38,767 [INFO] WS-11 is ready. Runtime controls unlocked.
2026-05-03 19:07:38,767 [INFO] Boot complete.
2026-05-03 19:12:04,610 [INFO] Unselected WS-11.
2026-05-03 19:12:05,012 [INFO] Selected WS-11.
2026-05-03 19:12:06,568 [INFO] Executing 'Enable' on WS-11...
2026-05-03 19:12:07,374 [INFO] WS-11: running 'p enable'
2026-05-03 19:12:08,481 [INFO] WS-11: 使能成功!!!!
Piper enable sequence complete.
2026-05-03 19:12:08,482 [INFO] WS-11 err: bash: cannot set terminal process group (-1): Inappropriate ioctl for device
bash: no job control in this shell
bash: /p
2026-05-03 19:12:08,985 [INFO] WS-11: running 'p goto init'
2026-05-03 19:12:10,795 [INFO] WS-11: Go to init complete.
2026-05-03 19:12:10,895 [INFO] WS-11 err: bash: cannot set terminal process group (-1): Inappropriate ioctl for device
bash: no job control in this shell
2026-05-03 19:12:10,895 [INFO]   WS-11: Go to init complete.
2026-05-03 19:12:10,895 [INFO] WS-11 is ready. Runtime controls unlocked.
2026-05-03 19:12:10,895 [INFO] 'Enable' complete.
2026-05-03 19:12:14,120 [INFO] Executing 'Disable' on WS-11...
2026-05-03 19:12:14,526 [INFO] WS-11: running 'p goto reset'
2026-05-03 19:12:16,334 [INFO] WS-11: Go to reset complete.
2026-05-03 19:12:16,334 [INFO] WS-11 err: bash: cannot set terminal process group (-1): Inappropriate ioctl for device
bash: no job control in this shell
2026-05-03 19:12:16,636 [INFO] WS-11: running 'p disable'
2026-05-03 19:12:17,240 [INFO] Unselected WS-11.
2026-05-03 19:12:17,744 [INFO] Selected WS-12.
2026-05-03 19:12:18,046 [INFO] Selected WS-13.
2026-05-03 19:12:18,350 [INFO] Selected WS-14.
2026-05-03 19:12:20,458 [INFO] Current operation still running. Controls will unlock shortly.
2026-05-03 19:12:21,564 [INFO] WS-11: Piper disable sequence complete.
2026-05-03 19:12:21,564 [INFO] WS-11 err: bash: cannot set terminal process group (-1): Inappropriate ioctl for device
bash: no job control in this shell
INFO:Pip
2026-05-03 19:12:21,564 [INFO]   WS-11: Piper disable sequence complete.
2026-05-03 19:12:21,564 [INFO] 'Disable' complete.
2026-05-03 19:12:26,057 [INFO] Booting WS-12, WS-13, WS-14...
2026-05-03 19:12:27,265 [INFO] WS-12: starting Docker container...
2026-05-03 19:12:27,669 [INFO] WS-13: starting Docker container...
2026-05-03 19:12:28,776 [INFO] WS-12: 4726c793106428a6cf328932ad418674328051f6d859e16ad831b1a2bd3aba8b
2026-05-03 19:12:28,776 [INFO] WS-13: 7cc5ffe1027fb1b018a1ff631f13c1d1ffb9b1636d7e283270b08eb98d114280
2026-05-03 19:12:28,777 [INFO] WS-14: starting Docker container...
2026-05-03 19:12:29,482 [INFO] WS-14: 69b279228149df7c4f525a6174f12a95724826186a3af76776eab992b3f33aed
2026-05-03 19:12:30,991 [INFO] WS-13: container up, running entrypoint...
2026-05-03 19:12:30,991 [INFO] WS-12: container up, running entrypoint...
2026-05-03 19:12:31,195 [INFO] WS-13: boot successful
2026-05-03 19:12:31,296 [INFO] WS-12: boot successful
2026-05-03 19:12:31,909 [INFO] WS-14: container up, running entrypoint...
2026-05-03 19:12:32,211 [INFO] WS-14: boot successful
2026-05-03 19:12:32,211 [INFO]   WS-12: Boot successful
2026-05-03 19:12:32,211 [INFO]   WS-13: Boot successful
2026-05-03 19:12:32,211 [INFO]   WS-14: Boot successful
2026-05-03 19:12:32,211 [INFO] WS-12, WS-13, WS-14 is ready. Runtime controls unlocked.
2026-05-03 19:12:32,211 [INFO] Boot complete.
2026-05-03 19:14:06,613 [INFO] Unselected WS-12.
2026-05-03 19:14:06,915 [INFO] Unselected WS-13.
2026-05-03 19:14:07,217 [INFO] Unselected WS-14.
2026-05-03 19:14:18,801 [INFO] Executing 'Enable' on WS-11, WS-12, WS-13, WS-14...
2026-05-03 19:14:19,204 [INFO] WS-11: running 'p enable'
2026-05-03 19:14:19,509 [INFO] WS-12: running 'p enable'
2026-05-03 19:14:20,114 [INFO] WS-11: 使能成功!!!!
Piper enable sequence complete.
2026-05-03 19:14:20,114 [INFO] WS-11 err: bash: cannot set terminal process group (-1): Inappropriate ioctl for device
bash: no job control in this shell
bash: /p
2026-05-03 19:14:20,315 [INFO] WS-13: running 'p enable'
2026-05-03 19:14:20,718 [INFO] WS-14: running 'p enable'
2026-05-03 19:14:20,820 [INFO] WS-12: 使能成功!!!!
Piper enable sequence complete.
2026-05-03 19:14:20,820 [INFO] WS-12 err: bash: cannot set terminal process group (-1): Inappropriate ioctl for device
bash: no job control in this shell
bash: /p
2026-05-03 19:14:21,323 [INFO] WS-13: 使能成功!!!!
Piper enable sequence complete.
2026-05-03 19:14:21,324 [INFO] WS-13 err: bash: cannot set terminal process group (-1): Inappropriate ioctl for device
bash: no job control in this shell
bash: /p
2026-05-03 19:14:21,629 [INFO] WS-14: 使能成功!!!!
Piper enable sequence complete.
2026-05-03 19:14:21,629 [INFO] WS-14 err: bash: cannot set terminal process group (-1): Inappropriate ioctl for device
bash: no job control in this shell
bash: /p
2026-05-03 19:14:21,832 [INFO] WS-11: running 'p goto init'
2026-05-03 19:14:22,135 [INFO] WS-12: running 'p goto init'
2026-05-03 19:14:22,739 [INFO] WS-13: running 'p goto init'
2026-05-03 19:14:23,142 [INFO] WS-14: running 'p goto init'
2026-05-03 19:14:23,545 [INFO] WS-11: Go to init complete.
2026-05-03 19:14:23,546 [INFO] WS-11 err: bash: cannot set terminal process group (-1): Inappropriate ioctl for device
bash: no job control in this shell
2026-05-03 19:14:23,847 [INFO] WS-12: Go to init complete.
2026-05-03 19:14:23,848 [INFO] WS-12 err: bash: cannot set terminal process group (-1): Inappropriate ioctl for device
bash: no job control in this shell
2026-05-03 19:14:24,551 [INFO] WS-13: Go to init complete.
2026-05-03 19:14:24,551 [INFO] WS-13 err: bash: cannot set terminal process group (-1): Inappropriate ioctl for device
bash: no job control in this shell
2026-05-03 19:14:24,853 [INFO] WS-14: Go to init complete.
2026-05-03 19:14:24,853 [INFO] WS-14 err: bash: cannot set terminal process group (-1): Inappropriate ioctl for device
bash: no job control in this shell
2026-05-03 19:14:24,853 [INFO]   WS-11: Go to init complete.
2026-05-03 19:14:24,853 [INFO]   WS-12: Go to init complete.
2026-05-03 19:14:24,853 [INFO]   WS-13: Go to init complete.
2026-05-03 19:14:24,853 [INFO]   WS-14: Go to init complete.
2026-05-03 19:14:24,853 [INFO] ALL is ready. Runtime controls unlocked.
2026-05-03 19:14:24,853 [INFO] 'Enable' complete.
2026-05-03 19:14:44,121 [INFO] Starting listener on WS-11, WS-12, WS-13, WS-14...
2026-05-03 19:14:45,631 [INFO] WS-11: starting data listener; log /nethome/rbansal66/CS4803ARM_Lab/user_data/armory/logs/workstation_11-listener.log
2026-05-03 19:14:45,833 [INFO] WS-12: starting data listener; log /nethome/rbansal66/CS4803ARM_Lab/user_data/armory/logs/workstation_12-listener.log
2026-05-03 19:14:46,035 [INFO] WS-13: starting data listener; log /nethome/rbansal66/CS4803ARM_Lab/user_data/armory/logs/workstation_13-listener.log
2026-05-03 19:14:46,136 [INFO] WS-14: starting data listener; log /nethome/rbansal66/CS4803ARM_Lab/user_data/armory/logs/workstation_14-listener.log
2026-05-03 19:14:48,547 [INFO] WS-12: data listener started (pid 225); log: /nethome/rbansal66/CS4803ARM_Lab/user_data/armory/logs/workstation_12-listener.log
2026-05-03 19:14:48,648 [INFO] WS-11: data listener started (pid 775); log: /nethome/rbansal66/CS4803ARM_Lab/user_data/armory/logs/workstation_11-listener.log
2026-05-03 19:14:48,648 [INFO] WS-13: data listener started (pid 221); log: /nethome/rbansal66/CS4803ARM_Lab/user_data/armory/logs/workstation_13-listener.log
2026-05-03 19:14:48,648 [INFO] WS-14: data listener started (pid 221); log: /nethome/rbansal66/CS4803ARM_Lab/user_data/armory/logs/workstation_14-listener.log
2026-05-03 19:14:48,648 [INFO]   WS-11: data listener started (pid 775); log: /nethome/rbansal66/CS4803ARM_Lab/user_data
2026-05-03 19:14:48,648 [INFO]   WS-12: data listener started (pid 225); log: /nethome/rbansal66/CS4803ARM_Lab/user_data
2026-05-03 19:14:48,648 [INFO]   WS-13: data listener started (pid 221); log: /nethome/rbansal66/CS4803ARM_Lab/user_data
2026-05-03 19:14:48,648 [INFO]   WS-14: data listener started (pid 221); log: /nethome/rbansal66/CS4803ARM_Lab/user_data
2026-05-03 19:14:48,648 [INFO] Start Listener complete.
2026-05-03 19:14:56,724 [INFO] Starting client on WS-11, WS-12, WS-13, WS-14...
2026-05-03 19:14:58,539 [INFO] WS-11: starting Piper client; log /nethome/rbansal66/CS4803ARM_Lab/user_data/armory/logs/workstation_11-client.log
2026-05-03 19:14:58,740 [INFO] WS-12: starting Piper client; log /nethome/rbansal66/CS4803ARM_Lab/user_data/armory/logs/workstation_12-client.log
2026-05-03 19:14:58,741 [INFO] WS-13: starting Piper client; log /nethome/rbansal66/CS4803ARM_Lab/user_data/armory/logs/workstation_13-client.log
2026-05-03 19:14:58,842 [INFO] WS-14: starting Piper client; log /nethome/rbansal66/CS4803ARM_Lab/user_data/armory/logs/workstation_14-client.log
2026-05-03 19:15:01,457 [INFO] WS-12: Piper client started (pid 453); log: /nethome/rbansal66/CS4803ARM_Lab/user_data/armory/logs/workstation_12-client.log
2026-05-03 19:15:01,457 [INFO] WS-13: Piper client started (pid 450); log: /nethome/rbansal66/CS4803ARM_Lab/user_data/armory/logs/workstation_13-client.log
2026-05-03 19:15:01,557 [INFO] WS-14: Piper client started (pid 449); log: /nethome/rbansal66/CS4803ARM_Lab/user_data/armory/logs/workstation_14-client.log
2026-05-03 19:15:01,557 [INFO] WS-11: Piper client started (pid 1004); log: /nethome/rbansal66/CS4803ARM_Lab/user_data/armory/logs/workstation_11-client.log
2026-05-03 19:15:01,557 [INFO]   WS-11: Piper client started (pid 1004); log: /nethome/rbansal66/CS4803ARM_Lab/user_data
2026-05-03 19:15:01,557 [INFO]   WS-12: Piper client started (pid 453); log: /nethome/rbansal66/CS4803ARM_Lab/user_data/
2026-05-03 19:15:01,558 [INFO]   WS-13: Piper client started (pid 450); log: /nethome/rbansal66/CS4803ARM_Lab/user_data/
2026-05-03 19:15:01,658 [INFO]   WS-14: Piper client started (pid 449); log: /nethome/rbansal66/CS4803ARM_Lab/user_data/
2026-05-03 19:15:01,658 [INFO] Start Client complete.
2026-05-03 19:17:58,522 [INFO] EMERGENCY STOP: killing clients on WS-11, WS-12, WS-13, WS-14.
2026-05-03 19:17:58,826 [INFO] WS-11: stopping Piper client
2026-05-03 19:17:59,329 [INFO] WS-12: stopping Piper client
2026-05-03 19:17:59,634 [INFO] WS-13: stopping Piper client
2026-05-03 19:17:59,835 [INFO] WS-14: stopping Piper client
2026-05-03 19:18:00,946 [INFO] WS-11: Piper client stopped; log: /nethome/rbansal66/CS4803ARM_Lab/user_data/armory/logs/workstation_11-client.log
2026-05-03 19:18:00,946 [INFO] WS-12: Piper client stopped; log: /nethome/rbansal66/CS4803ARM_Lab/user_data/armory/logs/workstation_12-client.log
2026-05-03 19:18:01,147 [INFO] WS-13: Piper client stopped; log: /nethome/rbansal66/CS4803ARM_Lab/user_data/armory/logs/workstation_13-client.log
2026-05-03 19:18:01,449 [INFO] WS-14: Piper client stopped; log: /nethome/rbansal66/CS4803ARM_Lab/user_data/armory/logs/workstation_14-client.log
2026-05-03 19:18:01,550 [INFO]   WS-11: Piper client stopped; log: /nethome/rbansal66/CS4803ARM_Lab/user_data/armory/log
2026-05-03 19:18:01,650 [INFO]   WS-12: Piper client stopped; log: /nethome/rbansal66/CS4803ARM_Lab/user_data/armory/log
2026-05-03 19:18:01,650 [INFO]   WS-13: Piper client stopped; log: /nethome/rbansal66/CS4803ARM_Lab/user_data/armory/log
2026-05-03 19:18:01,752 [INFO]   WS-14: Piper client stopped; log: /nethome/rbansal66/CS4803ARM_Lab/user_data/armory/log
2026-05-03 19:18:01,753 [INFO] Emergency client stop complete.
2026-05-03 19:19:12,596 [INFO] Executing 'Goto Init' on WS-11, WS-12, WS-13, WS-14...
2026-05-03 19:19:13,100 [INFO] WS-11: running 'p goto init'
2026-05-03 19:19:13,604 [INFO] WS-12: running 'p goto init'
2026-05-03 19:19:14,012 [INFO] WS-13: running 'p goto init'
2026-05-03 19:19:14,516 [INFO] WS-14: running 'p goto init'
2026-05-03 19:19:15,119 [INFO] WS-11: Go to init complete.
2026-05-03 19:19:15,119 [INFO] WS-11 err: bash: cannot set terminal process group (-1): Inappropriate ioctl for device
bash: no job control in this shell
2026-05-03 19:19:15,622 [INFO] WS-12: Go to init complete.
2026-05-03 19:19:15,622 [INFO] WS-12 err: bash: cannot set terminal process group (-1): Inappropriate ioctl for device
bash: no job control in this shell
2026-05-03 19:19:15,924 [INFO] WS-13: Go to init complete.
2026-05-03 19:19:15,924 [INFO] WS-13 err: bash: cannot set terminal process group (-1): Inappropriate ioctl for device
bash: no job control in this shell
2026-05-03 19:19:16,326 [INFO] WS-14: Go to init complete.
2026-05-03 19:19:16,326 [INFO] WS-14 err: bash: cannot set terminal process group (-1): Inappropriate ioctl for device
bash: no job control in this shell
2026-05-03 19:19:16,326 [INFO]   WS-11: Go to init complete.
2026-05-03 19:19:16,326 [INFO]   WS-12: Go to init complete.
2026-05-03 19:19:16,326 [INFO]   WS-13: Go to init complete.
2026-05-03 19:19:16,326 [INFO]   WS-14: Go to init complete.
2026-05-03 19:19:16,326 [INFO] 'Goto Init' complete.
2026-05-03 19:19:18,534 [INFO] Selected WS-14.
2026-05-03 19:19:23,613 [INFO] Starting client on WS-14...
2026-05-03 19:19:24,318 [INFO] WS-14: starting Piper client; log /nethome/rbansal66/CS4803ARM_Lab/user_data/armory/logs/workstation_14-client.log
2026-05-03 19:19:26,830 [INFO] WS-14: Piper client started (pid 634); log: /nethome/rbansal66/CS4803ARM_Lab/user_data/armory/logs/workstation_14-client.log
2026-05-03 19:19:26,830 [INFO]   WS-14: Piper client started (pid 634); log: /nethome/rbansal66/CS4803ARM_Lab/user_data/
2026-05-03 19:19:26,831 [INFO] Start Client complete.
2026-05-03 19:20:25,777 [INFO] EMERGENCY STOP: killing clients on WS-14.
2026-05-03 19:20:26,080 [INFO] WS-14: stopping Piper client
2026-05-03 19:20:27,390 [INFO] WS-14: Piper client stopped; log: /nethome/rbansal66/CS4803ARM_Lab/user_data/armory/logs/workstation_14-client.log
2026-05-03 19:20:27,490 [INFO]   WS-14: Piper client stopped; log: /nethome/rbansal66/CS4803ARM_Lab/user_data/armory/log
2026-05-03 19:20:27,490 [INFO] Emergency client stop complete.
2026-05-03 19:20:42,805 [INFO] Executing 'Goto Init' on WS-14...
2026-05-03 19:20:43,107 [INFO] WS-14: running 'p goto init'
2026-05-03 19:20:44,717 [INFO] WS-14: Go to init complete.
2026-05-03 19:20:44,717 [INFO] WS-14 err: bash: cannot set terminal process group (-1): Inappropriate ioctl for device
bash: no job control in this shell
2026-05-03 19:20:44,717 [INFO]   WS-14: Go to init complete.
2026-05-03 19:20:44,717 [INFO] WS-14 is ready. Runtime controls unlocked.
2026-05-03 19:20:44,717 [INFO] 'Goto Init' complete.
2026-05-03 19:21:09,045 [INFO] Starting client on WS-14...
2026-05-03 19:21:09,450 [INFO] WS-14: starting Piper client; log /nethome/rbansal66/CS4803ARM_Lab/user_data/armory/logs/workstation_14-client.log
2026-05-03 19:21:11,862 [INFO] WS-14: Piper client started (pid 821); log: /nethome/rbansal66/CS4803ARM_Lab/user_data/armory/logs/workstation_14-client.log
2026-05-03 19:21:11,862 [INFO]   WS-14: Piper client started (pid 821); log: /nethome/rbansal66/CS4803ARM_Lab/user_data/
2026-05-03 19:21:11,862 [INFO] Start Client complete.
2026-05-03 19:22:16,469 [INFO] EMERGENCY STOP: killing clients on WS-14.
2026-05-03 19:22:16,873 [INFO] WS-14: stopping Piper client
2026-05-03 19:22:18,082 [INFO] WS-14: Piper client stopped; log: /nethome/rbansal66/CS4803ARM_Lab/user_data/armory/logs/workstation_14-client.log
2026-05-03 19:22:18,182 [INFO]   WS-14: Piper client stopped; log: /nethome/rbansal66/CS4803ARM_Lab/user_data/armory/log
2026-05-03 19:22:18,182 [INFO] Emergency client stop complete.
2026-05-03 19:22:20,862 [INFO] Executing 'Goto Init' on WS-14...
2026-05-03 19:22:21,064 [INFO] WS-14: running 'p goto init'
2026-05-03 19:22:22,873 [INFO] WS-14: Go to init complete.
2026-05-03 19:22:22,873 [INFO] WS-14 err: bash: cannot set terminal process group (-1): Inappropriate ioctl for device
bash: no job control in this shell
2026-05-03 19:22:22,974 [INFO]   WS-14: Go to init complete.
2026-05-03 19:22:22,974 [INFO] 'Goto Init' complete.
2026-05-03 19:39:02,434 [INFO] Unselected WS-14.
2026-05-03 19:39:02,836 [INFO] Selected WS-14.
2026-05-03 19:39:03,238 [INFO] Unselected WS-14.
2026-05-03 19:39:04,243 [INFO] Selected WS-14.
2026-05-03 19:39:04,545 [INFO] Unselected WS-14.
2026-05-03 19:39:04,948 [INFO] Selected WS-14.
2026-05-03 19:39:05,249 [INFO] Unselected WS-14.
