2026-04-09 23:14:38,156 [INFO] Docker container not running — status: offline
2026-04-09 23:15:03,086 [INFO] Docker container not running — status: offline
2026-04-09 23:20:09,693 [INFO] Docker container not running — status: offline
2026-04-09 23:20:15,512 [INFO] Docker container not running — status: offline
2026-04-09 23:20:17,221 [INFO] Docker container not running — status: offline
2026-04-09 23:20:18,528 [INFO] Docker container not running — status: offline
2026-04-09 23:20:31,870 [INFO] Starting Docker container via piper_start
2026-04-09 23:21:32,844 [ERROR] Boot failed: 
2026-04-09 23:21:43,074 [INFO] Docker container running — status: booted
2026-04-09 23:21:47,186 [INFO] Docker container running — status: booted
2026-04-09 23:21:54,437 [INFO] Executing: docker exec piper_env bash -lc 'p enable'
2026-04-09 23:21:54,840 [WARNING] stderr: bash: line 1: p: command not found
2026-04-09 23:21:55,142 [INFO] Executing: docker exec piper_env bash -lc 'p goto init'
2026-04-09 23:21:55,445 [WARNING] stderr: bash: line 1: p: command not found
2026-04-09 23:22:09,494 [INFO] Executing: docker exec piper_env bash -lc 'p goto init'
2026-04-09 23:22:09,997 [WARNING] stderr: bash: line 1: p: command not found
2026-04-09 23:27:23,672 [INFO] Docker container not running — status: offline
2026-04-09 23:27:26,569 [INFO] Starting Docker container via piper_start (background)
2026-04-09 23:28:03,606 [WARNING] Container did not start within 30s
2026-04-09 23:29:43,960 [INFO] Docker container not running — status: offline
2026-04-10 00:57:07,835 [INFO] Docker container not running — status: offline
2026-04-10 00:57:13,453 [INFO] Docker container not running — status: offline
2026-04-10 00:57:21,163 [INFO] Starting Docker container via piper_start (background)
2026-04-10 00:57:58,191 [WARNING] Container did not start within 30s
2026-04-10 01:03:48,601 [INFO] Docker container not running — status: offline
2026-04-10 01:03:55,758 [INFO] Starting Docker container in detached mode
2026-04-10 01:03:56,261 [WARNING] docker run stderr: bash: line 1: firefall/cluster_piper_env:v1.*: No such file or directory
bash: line 1: firefall/cluster_piper_env:v1: No such file or directory
bash: line 1:  | bash: command not found
sed: -e expression #1, char 1: unterminated `s' command
2026-04-10 01:03:58,770 [WARNING] Container failed to start
2026-04-10 01:05:37,097 [INFO] Docker container not running — status: offline
2026-04-10 01:05:48,460 [INFO] Starting Docker container in detached mode
2026-04-10 01:05:48,863 [INFO] docker run output: c725936f486be306e0fd4d1aabe9cf9c26360f7ceb11f92b0045922991720861
2026-04-10 01:05:48,963 [WARNING] docker run stderr: xhost:  unable to open display ""
docker: Error response from daemon: error while creating mount source path '/nethome/assets': mkdir /nethome/assets: permission denied

Run 'docker run --help' for more information
2026-04-10 01:05:51,271 [WARNING] Container failed to start
2026-04-10 01:05:59,598 [INFO] Docker container not running — status: offline
2026-04-10 01:06:02,909 [INFO] Docker container not running — status: offline
2026-04-10 01:06:19,605 [INFO] Starting Docker container in detached mode
2026-04-10 01:06:19,907 [INFO] docker run output: ab846ec950f096e97aa1ff256d6baa7c6b1462df8105b5cd22f087e050c9b4ef
2026-04-10 01:06:19,907 [WARNING] docker run stderr: xhost:  unable to open display ""
docker: Error response from daemon: error while creating mount source path '/nethome/user_data': mkdir /nethome/user_data: permission denied

Run 'docker run --help' for more information
2026-04-10 01:06:22,215 [WARNING] Container failed to start
2026-04-10 01:11:28,092 [INFO] Docker container not running — status: offline
2026-04-10 01:11:33,990 [INFO] Starting Docker container in detached mode
2026-04-10 01:11:34,894 [INFO] docker run output: d5eb3456ee4f0e46d8d01810f469d8464407524a62081f16c76b6e4c7ce5cfc2
2026-04-10 01:11:37,806 [INFO] Container started successfully
2026-04-10 01:11:54,058 [INFO] Docker container not running — status: offline
2026-04-10 01:17:17,203 [INFO] Docker container not running — status: offline
2026-04-10 01:17:23,633 [INFO] Starting Docker container in detached mode
2026-04-10 01:17:24,136 [INFO] docker run output: 510b46e5077bbd7726fe9ed149206757dabe52246b5d6d5cc6b9a1e06a0b277b
2026-04-10 01:17:26,746 [INFO] Container started successfully
2026-04-10 01:17:31,963 [INFO] Docker container running — status: booted
2026-04-10 01:18:12,274 [INFO] Docker container running — status: booted
2026-04-10 01:23:16,921 [INFO] Docker container running — status: booted
2026-04-10 01:28:36,163 [INFO] Docker container running — status: booted
2026-04-10 01:28:41,107 [INFO] Container stopped and removed
2026-04-10 01:28:44,920 [INFO] Docker container not running — status: offline
2026-04-10 01:28:50,038 [INFO] Starting Docker container in detached mode
2026-04-10 01:28:50,842 [INFO] docker run output: 24cb2bebf543de2d9bcfd8849bcf0a448e0a1d6290898857bc5cc9bb786a2dca
2026-04-10 01:28:53,655 [INFO] Container started successfully
2026-04-10 01:29:12,418 [INFO] Container stopped and removed
2026-04-10 01:29:16,131 [INFO] Docker container not running — status: offline
2026-04-10 01:35:09,839 [INFO] Docker container not running — status: offline
2026-04-10 01:35:22,460 [INFO] Starting Docker container in detached mode
2026-04-10 01:35:23,568 [INFO] docker run output: 91f24c29dbf0d9fc806b2110d694268732f97d368be44ba895f389627352ca33
2026-04-10 01:35:26,191 [INFO] Container started successfully
2026-04-10 01:36:06,841 [INFO] Docker container running — status: booted
2026-04-10 01:37:48,539 [INFO] Container stopped and removed
2026-04-10 02:02:42,671 [INFO] Docker container not running — status: offline
2026-04-10 02:03:05,624 [INFO] Starting Docker container in detached mode
2026-04-10 02:03:06,331 [INFO] docker run output: d4ba1ff06c4b8bd6ce002162f21bdbb24c6a80270e9fd0d8a810f644d00f76a5
2026-04-10 02:03:08,848 [INFO] Container started successfully
2026-04-10 02:03:38,562 [INFO] Container stopped and removed
2026-04-10 02:06:40,596 [INFO] Docker container not running — status: offline
2026-04-10 02:07:22,259 [INFO] Docker container not running — status: offline
2026-04-10 02:07:26,506 [INFO] Starting Docker container in detached mode
2026-04-10 02:07:27,315 [INFO] docker run output: ff4494822285542046fd526dbfac0432b05c212a725c476a0d46568e0769d35b
2026-04-10 02:07:29,831 [INFO] Container started successfully
2026-04-10 02:08:09,439 [INFO] Docker container running — status: booted
2026-04-10 02:08:17,905 [INFO] Docker container running — status: booted
2026-04-10 02:13:20,982 [INFO] Container stopped and removed
2026-04-10 02:15:25,618 [INFO] Docker container not running — status: offline
2026-04-10 11:01:51,912 [INFO] Docker container not running — status: offline
2026-04-10 11:08:42,330 [INFO] Docker container not running — status: offline
2026-04-10 11:08:53,941 [INFO] Starting Docker container in detached mode
2026-04-10 11:08:54,446 [INFO] docker run output: 5cc874aada85b3881566d30e58f1bd992ce909d6c5070c086da7b55dfa3774d3
2026-04-10 11:08:57,063 [INFO] Container started successfully
2026-04-10 11:09:13,434 [INFO] Docker container running — status: booted
2026-04-10 11:09:19,825 [INFO] Container stopped and removed
2026-04-10 11:35:15,896 [INFO] Docker container not running — status: offline
2026-04-10 11:36:36,884 [INFO] Docker container not running — status: offline
2026-04-10 11:36:56,220 [INFO] Starting Docker container in detached mode
2026-04-10 11:36:56,828 [INFO] docker run output: cba338f805c1940381b0fdb27fdb151aeb0b399fe788b9e606285a438d8c5ca1
2026-04-10 11:36:59,443 [INFO] Container started successfully
2026-04-10 11:39:58,004 [INFO] Container stopped and removed
2026-04-10 11:43:24,098 [INFO] Docker container not running — status: offline
2026-04-10 11:45:04,317 [ERROR] Status check failed: SSH connection closed
2026-04-10 11:45:27,531 [INFO] Docker container not running — status: offline
2026-04-10 12:17:40,439 [INFO] Docker container not running — status: offline
2026-04-10 12:17:53,553 [INFO] Starting Docker container in detached mode
2026-04-10 12:17:54,161 [INFO] docker run output: 4e8bbf6ee1bece9d9047ffed281d4eaba4315ae70da1be2858eb770bbbadc1c7
2026-04-10 12:17:56,784 [INFO] Container started successfully
2026-04-10 12:20:09,971 [INFO] Docker container running — status: booted
2026-04-10 12:20:50,730 [INFO] Container stopped and removed
2026-04-10 14:29:21,349 [INFO] Docker container not running — status: offline
2026-04-10 14:29:34,897 [INFO] Starting Docker container in detached mode
2026-04-10 14:29:35,810 [INFO] docker run output: 3519284ac875f1519daa2781f54b7ea69b14b12906dbdb065c35342b9ffe8854
2026-04-10 14:29:38,537 [INFO] Container started successfully
2026-04-10 14:36:53,645 [INFO] Container stopped and removed
2026-04-11 16:13:36,979 [INFO] Docker container not running — status: offline
2026-04-11 16:13:54,705 [INFO] Docker container not running — status: offline
2026-04-11 16:14:00,219 [INFO] Starting Docker container in detached mode
2026-04-11 16:14:01,127 [INFO] docker run output: bf38287cbf1fad318f4ac5148407b739a7221ff2ea06a8c745b3b24a0cc933df
2026-04-11 16:14:03,542 [INFO] Container started successfully
2026-04-11 16:14:14,720 [INFO] Executing: docker exec piper_env bash -c 'source ~/.bashrc && p enable'
2026-04-11 16:14:15,326 [WARNING] stderr: bash: line 1: p: command not found
2026-04-11 16:14:15,831 [INFO] Executing: docker exec piper_env bash -c 'source ~/.bashrc && p goto init'
2026-04-11 16:14:16,135 [WARNING] stderr: bash: line 1: p: command not found
2026-04-11 16:32:18,621 [INFO] Docker container running — status: booted
2026-04-11 16:32:24,924 [INFO] Executing: docker exec piper_env bash -ic 'source ~/.bashrc && p enable'
2026-04-11 16:32:25,732 [INFO] stdout: 使能成功!!!!
Piper enable sequence complete.
2026-04-11 16:32:25,833 [WARNING] stderr: bash: cannot set terminal process group (-1): Inappropriate ioctl for device
bash: no job control in this shell
bash: /piper_sdk/piper_sdk/can_activate.sh can0 1000000: No such file or directory
2026-04-11 16:32:26,539 [INFO] Executing: docker exec piper_env bash -ic 'source ~/.bashrc && p goto init'
2026-04-11 16:32:28,351 [INFO] stdout: Go to init complete.
2026-04-11 16:32:28,351 [WARNING] stderr: bash: cannot set terminal process group (-1): Inappropriate ioctl for device
bash: no job control in this shell
2026-04-11 16:32:41,405 [INFO] Executing: docker exec piper_env bash -ic 'source ~/.bashrc && p goto zero'
2026-04-11 16:32:42,915 [INFO] stdout: Go to zero complete.
2026-04-11 16:32:43,015 [WARNING] stderr: bash: cannot set terminal process group (-1): Inappropriate ioctl for device
bash: no job control in this shell
2026-04-11 16:32:52,072 [INFO] Executing: docker exec piper_env bash -ic 'source ~/.bashrc && p goto init'
2026-04-11 16:32:53,683 [INFO] stdout: Go to init complete.
2026-04-11 16:32:53,683 [WARNING] stderr: bash: cannot set terminal process group (-1): Inappropriate ioctl for device
bash: no job control in this shell
2026-04-11 16:33:00,812 [INFO] Executing: docker exec piper_env bash -ic 'source ~/.bashrc && p goto zero'
2026-04-11 16:33:02,526 [INFO] stdout: Go to zero complete.
2026-04-11 16:33:02,526 [WARNING] stderr: bash: cannot set terminal process group (-1): Inappropriate ioctl for device
bash: no job control in this shell
2026-04-11 16:33:06,392 [INFO] Executing: docker exec piper_env bash -ic 'source ~/.bashrc && p goto init'
2026-04-11 16:33:08,203 [INFO] stdout: Go to init complete.
2026-04-11 16:33:08,203 [WARNING] stderr: bash: cannot set terminal process group (-1): Inappropriate ioctl for device
bash: no job control in this shell
2026-04-11 16:33:23,373 [INFO] Executing: docker exec piper_env bash -ic 'source ~/.bashrc && p goto zero'
2026-04-11 16:33:25,083 [INFO] stdout: Go to zero complete.
2026-04-11 16:33:25,083 [WARNING] stderr: bash: cannot set terminal process group (-1): Inappropriate ioctl for device
bash: no job control in this shell
2026-04-11 16:34:29,718 [INFO] Docker container running — status: booted
2026-04-11 16:34:33,705 [INFO] Executing: docker exec piper_env bash -ic 'source ~/.bashrc && p goto reset'
2026-04-11 16:34:35,312 [INFO] stdout: Go to reset complete.
2026-04-11 16:34:35,312 [WARNING] stderr: bash: cannot set terminal process group (-1): Inappropriate ioctl for device
bash: no job control in this shell
2026-04-11 16:34:35,414 [INFO] Executing: docker exec piper_env bash -ic 'source ~/.bashrc && p disable'
2026-04-11 16:34:36,822 [INFO] stdout: 失能成功!!!!
Piper disable sequence complete.
2026-04-11 16:34:36,822 [WARNING] stderr: bash: cannot set terminal process group (-1): Inappropriate ioctl for device
bash: no job control in this shell
2026-04-11 16:38:50,311 [INFO] Docker container running — status: booted
2026-04-11 16:38:56,077 [INFO] Container stopped and removed
2026-04-11 16:57:50,387 [INFO] Docker container not running — status: offline
2026-04-11 16:57:53,982 [INFO] Starting Docker container in detached mode
2026-04-11 16:57:54,586 [INFO] docker run output: 0a9fdfb3a59e7e307d6f83e7cad2e289e6fb2cc60a5776bc4ea1d159730a9c05
2026-04-11 16:57:57,297 [INFO] Container started successfully
2026-04-11 16:58:12,042 [INFO] Executing: docker exec piper_env bash -ic 'source ~/.bashrc && p enable'
2026-04-11 16:58:12,947 [INFO] stdout: 使能成功!!!!
Piper enable sequence complete.
2026-04-11 16:58:12,947 [WARNING] stderr: bash: cannot set terminal process group (-1): Inappropriate ioctl for device
bash: no job control in this shell
bash: /piper_sdk/piper_sdk/can_activate.sh can0 1000000: No such file or directory
2026-04-11 16:58:13,451 [INFO] Executing: docker exec piper_env bash -ic 'source ~/.bashrc && p goto init'
2026-04-11 16:58:15,057 [INFO] stdout: Go to init complete.
2026-04-11 16:58:15,057 [WARNING] stderr: bash: cannot set terminal process group (-1): Inappropriate ioctl for device
bash: no job control in this shell
2026-04-11 16:58:57,754 [INFO] Executing: docker exec piper_env bash -ic 'source ~/.bashrc && p goto zero'
2026-04-11 16:58:59,360 [INFO] stdout: Go to zero complete.
2026-04-11 16:58:59,461 [WARNING] stderr: bash: cannot set terminal process group (-1): Inappropriate ioctl for device
bash: no job control in this shell
2026-04-11 16:59:02,604 [INFO] Executing: docker exec piper_env bash -ic 'source ~/.bashrc && p goto init'
2026-04-11 16:59:04,712 [INFO] stdout: Go to init complete.
2026-04-11 16:59:04,712 [WARNING] stderr: bash: cannot set terminal process group (-1): Inappropriate ioctl for device
bash: no job control in this shell
2026-04-11 18:41:44,282 [INFO] Executing: docker exec piper_env bash -ic 'source ~/.bashrc && p goto zero'
2026-04-11 18:41:46,088 [INFO] stdout: Go to zero complete.
2026-04-11 18:41:46,289 [WARNING] stderr: bash: cannot set terminal process group (-1): Inappropriate ioctl for device
bash: no job control in this shell
2026-04-11 18:41:48,387 [INFO] Executing: docker exec piper_env bash -ic 'source ~/.bashrc && p goto reset'
2026-04-11 18:41:49,993 [INFO] stdout: Go to reset complete.
2026-04-11 18:41:50,093 [WARNING] stderr: bash: cannot set terminal process group (-1): Inappropriate ioctl for device
bash: no job control in this shell
2026-04-11 18:41:50,295 [INFO] Executing: docker exec piper_env bash -ic 'source ~/.bashrc && p disable'
2026-04-11 18:41:51,199 [INFO] stdout: 失能成功!!!!
Piper disable sequence complete.
2026-04-11 18:41:51,199 [WARNING] stderr: bash: cannot set terminal process group (-1): Inappropriate ioctl for device
bash: no job control in this shell
2026-04-11 18:42:04,744 [INFO] Container stopped and removed
2026-04-11 18:43:27,363 [INFO] Docker container not running — status: offline
2026-04-11 18:46:28,098 [INFO] Starting Docker container in detached mode
2026-04-11 18:46:29,204 [INFO] docker run output: 22e7c13643f98ef8249c41be3fde7055e124b04586a4be63a626cd06887801ad
2026-04-11 18:46:31,822 [INFO] Container started successfully
2026-04-11 18:55:57,229 [INFO] Docker container running — status: booted
2026-04-11 18:56:02,253 [INFO] Container already running — skipping boot
2026-04-11 18:58:35,121 [INFO] Executing: docker exec piper_env bash -ic 'source ~/.bashrc && p enable'
2026-04-11 18:58:35,928 [INFO] stdout: 使能成功!!!!
Piper enable sequence complete.
2026-04-11 18:58:35,928 [WARNING] stderr: bash: cannot set terminal process group (-1): Inappropriate ioctl for device
bash: no job control in this shell
bash: /piper_sdk/piper_sdk/can_activate.sh can0 1000000: No such file or directory
2026-04-11 18:58:36,434 [INFO] Executing: docker exec piper_env bash -ic 'source ~/.bashrc && p goto init'
2026-04-11 18:58:38,246 [INFO] stdout: Go to init complete.
2026-04-11 18:58:38,246 [WARNING] stderr: bash: cannot set terminal process group (-1): Inappropriate ioctl for device
bash: no job control in this shell
2026-04-11 19:10:46,662 [INFO] Executing: docker exec piper_env bash -ic 'source ~/.bashrc && p goto zero'
2026-04-11 19:10:48,580 [INFO] stdout: Go to zero complete.
2026-04-11 19:10:48,580 [WARNING] stderr: bash: cannot set terminal process group (-1): Inappropriate ioctl for device
bash: no job control in this shell
2026-04-11 19:10:53,799 [INFO] Executing: docker exec piper_env bash -ic 'source ~/.bashrc && p goto reset'
2026-04-11 19:10:55,610 [INFO] stdout: Go to reset complete.
2026-04-11 19:10:55,610 [WARNING] stderr: bash: cannot set terminal process group (-1): Inappropriate ioctl for device
bash: no job control in this shell
2026-04-11 19:10:56,214 [INFO] Executing: docker exec piper_env bash -ic 'source ~/.bashrc && p disable'
2026-04-11 19:10:57,222 [INFO] stdout: 失能成功!!!!
Piper disable sequence complete.
2026-04-11 19:10:57,223 [WARNING] stderr: bash: cannot set terminal process group (-1): Inappropriate ioctl for device
bash: no job control in this shell
2026-04-11 19:11:05,106 [INFO] Container stopped and removed
2026-04-12 16:30:32,073 [INFO] Docker container not running — status: offline
2026-04-12 16:31:00,743 [INFO] Starting Docker container in detached mode
2026-04-12 16:31:01,551 [INFO] docker run output: aebc0e778753385522fbcd3740dcf8bc942e9ea702fcd4074bb8c7a981e2b4f1
2026-04-12 16:31:03,966 [INFO] Container started successfully
2026-04-12 16:31:37,894 [INFO] Executing: docker exec piper_env bash -ic 'source ~/.bashrc && p enable'
2026-04-12 16:31:38,702 [INFO] stdout: 使能成功!!!!
Piper enable sequence complete.
2026-04-12 16:31:38,802 [WARNING] stderr: bash: cannot set terminal process group (-1): Inappropriate ioctl for device
bash: no job control in this shell
bash: /piper_sdk/piper_sdk/can_activate.sh can0 1000000: No such file or directory
2026-04-12 16:31:42,322 [INFO] Executing: docker exec piper_env bash -ic 'source ~/.bashrc && p goto init'
2026-04-12 16:31:44,136 [INFO] stdout: Go to init complete.
2026-04-12 16:31:44,136 [WARNING] stderr: bash: cannot set terminal process group (-1): Inappropriate ioctl for device
bash: no job control in this shell
2026-04-12 16:35:04,549 [INFO] Executing: docker exec piper_env bash -ic 'source ~/.bashrc && p goto reset'
2026-04-12 16:35:06,263 [INFO] stdout: Go to reset complete.
2026-04-12 16:35:06,263 [WARNING] stderr: bash: cannot set terminal process group (-1): Inappropriate ioctl for device
bash: no job control in this shell
2026-04-12 16:35:08,880 [INFO] Executing: docker exec piper_env bash -ic 'source ~/.bashrc && p disable'
2026-04-12 16:35:09,887 [INFO] stdout: 失能成功!!!!
Piper disable sequence complete.
2026-04-12 16:35:09,887 [WARNING] stderr: bash: cannot set terminal process group (-1): Inappropriate ioctl for device
bash: no job control in this shell
2026-04-12 16:35:36,002 [INFO] Executing: docker exec piper_env bash -ic 'source ~/.bashrc && p enable'
2026-04-12 16:35:37,010 [INFO] stdout: 使能成功!!!!
Piper enable sequence complete.
2026-04-12 16:35:37,010 [WARNING] stderr: bash: cannot set terminal process group (-1): Inappropriate ioctl for device
bash: no job control in this shell
bash: /piper_sdk/piper_sdk/can_activate.sh can0 1000000: No such file or directory
2026-04-12 16:35:38,526 [INFO] Executing: docker exec piper_env bash -ic 'source ~/.bashrc && p goto init'
2026-04-12 16:35:40,238 [INFO] stdout: Go to init complete.
2026-04-12 16:35:40,439 [WARNING] stderr: bash: cannot set terminal process group (-1): Inappropriate ioctl for device
bash: no job control in this shell
2026-04-12 16:36:33,627 [INFO] Executing: docker exec piper_env bash -ic 'source ~/.bashrc && p goto reset'
2026-04-12 16:36:35,238 [INFO] stdout: Go to reset complete.
2026-04-12 16:36:35,238 [WARNING] stderr: bash: cannot set terminal process group (-1): Inappropriate ioctl for device
bash: no job control in this shell
2026-04-12 16:36:37,350 [INFO] Executing: docker exec piper_env bash -ic 'source ~/.bashrc && p disable'
2026-04-12 16:36:39,064 [INFO] stdout: 失能成功!!!!
Piper disable sequence complete.
2026-04-12 16:36:39,064 [WARNING] stderr: bash: cannot set terminal process group (-1): Inappropriate ioctl for device
bash: no job control in this shell
2026-04-12 17:09:14,692 [INFO] Docker container running — status: booted
2026-04-12 17:10:26,460 [INFO] Executing: docker exec piper_env bash -ic 'source ~/.bashrc && p enable'
2026-04-12 17:10:27,565 [INFO] stdout: 使能成功!!!!
Piper enable sequence complete.
2026-04-12 17:10:27,566 [WARNING] stderr: bash: cannot set terminal process group (-1): Inappropriate ioctl for device
bash: no job control in this shell
bash: /piper_sdk/piper_sdk/can_activate.sh can0 1000000: No such file or directory
2026-04-12 17:10:27,868 [INFO] Executing: docker exec piper_env bash -ic 'source ~/.bashrc && p goto init'
2026-04-12 17:10:29,775 [INFO] stdout: Go to init complete.
2026-04-12 17:10:29,876 [WARNING] stderr: bash: cannot set terminal process group (-1): Inappropriate ioctl for device
bash: no job control in this shell
2026-04-12 17:15:16,172 [INFO] Executing: docker exec piper_env bash -ic 'source ~/.bashrc && p goto reset'
2026-04-12 17:15:17,880 [INFO] stdout: Go to reset complete.
2026-04-12 17:15:17,980 [WARNING] stderr: bash: cannot set terminal process group (-1): Inappropriate ioctl for device
bash: no job control in this shell
2026-04-12 17:15:18,484 [INFO] Executing: docker exec piper_env bash -ic 'source ~/.bashrc && p disable'
2026-04-12 17:15:19,199 [INFO] stdout: 失能成功!!!!
Piper disable sequence complete.
2026-04-12 17:15:19,199 [WARNING] stderr: bash: cannot set terminal process group (-1): Inappropriate ioctl for device
bash: no job control in this shell
2026-04-12 17:15:25,547 [INFO] Container stopped and removed
2026-04-12 17:15:38,495 [INFO] Starting Docker container in detached mode
2026-04-12 17:15:38,998 [INFO] docker run output: 877784776f1ab36fa4db39da7a067c83c7057e85497fca6890b655167f714d6e
2026-04-12 17:15:41,512 [INFO] Container started successfully
2026-04-12 17:15:55,990 [INFO] Executing: docker exec piper_env bash -ic 'source ~/.bashrc && p enable'
2026-04-12 17:15:56,996 [INFO] stdout: 使能成功!!!!
Piper enable sequence complete.
2026-04-12 17:15:56,996 [WARNING] stderr: bash: cannot set terminal process group (-1): Inappropriate ioctl for device
bash: no job control in this shell
bash: /piper_sdk/piper_sdk/can_activate.sh can0 1000000: No such file or directory
2026-04-12 17:15:57,198 [INFO] Executing: docker exec piper_env bash -ic 'source ~/.bashrc && p goto init'
2026-04-12 17:15:58,906 [INFO] stdout: Go to init complete.
2026-04-12 17:15:59,007 [WARNING] stderr: bash: cannot set terminal process group (-1): Inappropriate ioctl for device
bash: no job control in this shell
2026-04-12 17:16:05,580 [INFO] Executing: docker exec piper_env bash -ic 'source ~/.bashrc && p goto init'
2026-04-12 17:16:07,290 [INFO] stdout: Go to init complete.
2026-04-12 17:16:07,290 [WARNING] stderr: bash: cannot set terminal process group (-1): Inappropriate ioctl for device
bash: no job control in this shell
2026-04-12 17:30:25,905 [INFO] Docker container running — status: booted
2026-04-12 17:30:39,212 [INFO] Starting tunnel with command: bash -lc 'mkdir -p /tmp; if ssh -S /tmp/armory_tunnel_grom_8080.sock -O check rbansal66@grom >/dev/null 2>&1; then echo '"'"'Tunnel already running'"'"'; exit 0; fi; rm -f /tmp/armory_tunnel_grom_8080.sock; ssh -f -N -M -S /tmp/armory_tunnel_grom_8080.sock -o ExitOnForwardFailure=yes -o ServerAliveInterval=30 -o ServerAliveCountMax=3 -L 8080:grom:8080 -J rbansal66@sky1.cc.gatech.edu rbansal66@grom; echo '"'"'Tunnel started'"'"''
2026-04-12 17:30:59,505 [ERROR] Tunnel start failed: 
2026-04-12 17:33:10,551 [INFO] Docker container running — status: booted
2026-04-12 17:33:37,784 [INFO] Killing tunnel with command: bash -lc 'ssh -S /tmp/armory_tunnel_grom_8999.sock -O exit rbansal66@grom >/dev/null 2>&1 || true; rm -f /tmp/armory_tunnel_grom_8999.sock; if command -v pkill >/dev/null 2>&1; then pkill -f '"'"'[s]sh .* -L 8999:grom:8999 .*rbansal66@grom'"'"' >/dev/null 2>&1 || true; fi; echo '"'"'Tunnel stopped'"'"''
2026-04-12 17:34:56,226 [INFO] Starting tunnel with command: bash -lc 'mkdir -p /tmp; if ssh -S /tmp/armory_tunnel_grom_8999.sock -O check rbansal66@grom >/dev/null 2>&1; then echo '"'"'Tunnel already running'"'"'; exit 0; fi; rm -f /tmp/armory_tunnel_grom_8999.sock; ssh -f -N -M -S /tmp/armory_tunnel_grom_8999.sock -o ExitOnForwardFailure=yes -o ServerAliveInterval=30 -o ServerAliveCountMax=3 -L 8999:grom:8999 -J rbansal66@sky1.cc.gatech.edu rbansal66@grom; echo '"'"'Tunnel started'"'"''
2026-04-12 17:35:16,714 [ERROR] Tunnel start failed: 
2026-04-12 17:36:02,109 [INFO] Executing: docker exec piper_env bash -ic 'source ~/.bashrc && p goto init'
2026-04-12 17:36:03,917 [INFO] stdout: Go to init complete.
2026-04-12 17:36:03,917 [WARNING] stderr: bash: cannot set terminal process group (-1): Inappropriate ioctl for device
bash: no job control in this shell
2026-04-12 17:50:12,918 [INFO] Executing: docker exec piper_env bash -ic 'source ~/.bashrc && p goto init'
2026-04-12 17:50:14,624 [INFO] stdout: Go to init complete.
2026-04-12 17:50:14,624 [WARNING] stderr: bash: cannot set terminal process group (-1): Inappropriate ioctl for device
bash: no job control in this shell
2026-04-12 18:03:18,117 [INFO] Docker container running — status: booted
2026-04-12 18:15:26,173 [INFO] Docker container running — status: booted
2026-04-12 18:17:23,884 [INFO] Docker container running — status: booted
2026-04-12 18:17:42,162 [INFO] Executing: docker exec piper_env bash -ic 'source ~/.bashrc && p goto zero'
2026-04-12 18:17:43,772 [INFO] stdout: Go to zero complete.
2026-04-12 18:17:43,872 [WARNING] stderr: bash: cannot set terminal process group (-1): Inappropriate ioctl for device
bash: no job control in this shell
2026-04-12 18:17:50,613 [INFO] Executing: docker exec piper_env bash -ic 'source ~/.bashrc && p goto init'
2026-04-12 18:17:52,424 [INFO] stdout: Go to init complete.
2026-04-12 18:17:52,526 [WARNING] stderr: bash: cannot set terminal process group (-1): Inappropriate ioctl for device
bash: no job control in this shell
2026-04-12 18:18:19,233 [INFO] Starting data listener with command: docker exec piper_env bash -lc 'source ~/.bashrc; mkdir -p /CS4803ARM_Lab/user_data/armory/logs; cd /CS4803ARM_Lab/user_data/data_collection || exit 1; if pgrep -f '"'"'ros2 launch data_collection_new.launch.py'"'"' >/dev/null 2>&1; then echo '"'"'data listener already running; log: /CS4803ARM_Lab/user_data/armory/logs/workstation_11-listener.log'"'"'; exit 0; fi; printf '"'"'\n[%s] Starting data listener: ros2 launch data_collection_new.launch.py\n'"'"' "$(date '"'"'+%F %T'"'"')" >> /CS4803ARM_Lab/user_data/armory/logs/workstation_11-listener.log; nohup bash -lc '"'"'ros2 launch data_collection_new.launch.py'"'"' >> /CS4803ARM_Lab/user_data/armory/logs/workstation_11-listener.log 2>&1 < /dev/null & pid=$!; echo $pid > /tmp/armory_listener.pid; echo '"'"'data listener started (pid '"'"'"$pid"'"'"'); log: /CS4803ARM_Lab/user_data/armory/logs/workstation_11-listener.log'"'"''
2026-04-12 18:19:17,845 [INFO] Stopping data listener with command: docker exec piper_env bash -lc 'source ~/.bashrc; mkdir -p /CS4803ARM_Lab/user_data/armory/logs; printf '"'"'\n[%s] Stopping data listener\n'"'"' "$(date '"'"'+%F %T'"'"')" >> /CS4803ARM_Lab/user_data/armory/logs/workstation_11-listener.log; if [ -s /tmp/armory_listener.pid ]; then pid=$(cat /tmp/armory_listener.pid); kill "$pid" >/dev/null 2>&1 || true; sleep 0.3; kill -9 "$pid" >/dev/null 2>&1 || true; rm -f /tmp/armory_listener.pid; fi; pkill -f '"'"'ros2\ launch\ data_collection_new\.launch\.py'"'"' >/dev/null 2>&1 || true; echo '"'"'data listener stopped; log: /CS4803ARM_Lab/user_data/armory/logs/workstation_11-listener.log'"'"''
2026-04-12 18:19:26,757 [INFO] Starting data listener with command: docker exec piper_env bash -lc 'source ~/.bashrc; mkdir -p /CS4803ARM_Lab/user_data/armory/logs; cd /CS4803ARM_Lab/user_data/data_collection || exit 1; if pgrep -f '"'"'ros2 launch data_collection_new.launch.py'"'"' >/dev/null 2>&1; then echo '"'"'data listener already running; log: /CS4803ARM_Lab/user_data/armory/logs/workstation_11-listener.log'"'"'; exit 0; fi; printf '"'"'\n[%s] Starting data listener: ros2 launch data_collection_new.launch.py\n'"'"' "$(date '"'"'+%F %T'"'"')" >> /CS4803ARM_Lab/user_data/armory/logs/workstation_11-listener.log; nohup bash -lc '"'"'ros2 launch data_collection_new.launch.py'"'"' >> /CS4803ARM_Lab/user_data/armory/logs/workstation_11-listener.log 2>&1 < /dev/null & pid=$!; echo $pid > /tmp/armory_listener.pid; echo '"'"'data listener started (pid '"'"'"$pid"'"'"'); log: /CS4803ARM_Lab/user_data/armory/logs/workstation_11-listener.log'"'"''
2026-04-12 18:19:37,089 [INFO] Stopping data listener with command: docker exec piper_env bash -lc 'source ~/.bashrc; mkdir -p /CS4803ARM_Lab/user_data/armory/logs; printf '"'"'\n[%s] Stopping data listener\n'"'"' "$(date '"'"'+%F %T'"'"')" >> /CS4803ARM_Lab/user_data/armory/logs/workstation_11-listener.log; if [ -s /tmp/armory_listener.pid ]; then pid=$(cat /tmp/armory_listener.pid); kill "$pid" >/dev/null 2>&1 || true; sleep 0.3; kill -9 "$pid" >/dev/null 2>&1 || true; rm -f /tmp/armory_listener.pid; fi; pkill -f '"'"'ros2\ launch\ data_collection_new\.launch\.py'"'"' >/dev/null 2>&1 || true; echo '"'"'data listener stopped; log: /CS4803ARM_Lab/user_data/armory/logs/workstation_11-listener.log'"'"''
2026-04-12 18:23:51,037 [INFO] Docker container running — status: booted
2026-04-12 18:24:00,155 [INFO] Starting data listener with command: docker exec piper_env bash -lc 'mkdir -p /CS4803ARM_Lab/user_data/armory/logs; touch /CS4803ARM_Lab/user_data/armory/logs/workstation_11-listener.log || exit 1; if [ -s /tmp/armory_listener.pid ]; then pid=$(cat /tmp/armory_listener.pid); if kill -0 "$pid" >/dev/null 2>&1; then echo '"'"'data listener already running (pid '"'"'"$pid"'"'"'); log: /CS4803ARM_Lab/user_data/armory/logs/workstation_11-listener.log'"'"'; exit 0; fi; rm -f /tmp/armory_listener.pid; fi; printf '"'"'\n[%s] Starting data listener: ros2 launch data_collection_new.launch.py\n'"'"' "$(date '"'"'+%F %T'"'"')" >> /CS4803ARM_Lab/user_data/armory/logs/workstation_11-listener.log; if command -v setsid >/dev/null 2>&1; then nohup setsid bash -ic '"'"'source ~/.bashrc; cd /CS4803ARM_Lab/user_data/data_collection || exit 1; exec ros2 launch data_collection_new.launch.py'"'"' >> /CS4803ARM_Lab/user_data/armory/logs/workstation_11-listener.log 2>&1 < /dev/null & else nohup bash -ic '"'"'source ~/.bashrc; cd /CS4803ARM_Lab/user_data/data_collection || exit 1; exec ros2 launch data_collection_new.launch.py'"'"' >> /CS4803ARM_Lab/user_data/armory/logs/workstation_11-listener.log 2>&1 < /dev/null & fi; pid=$!; echo $pid > /tmp/armory_listener.pid; sleep 0.5; if kill -0 "$pid" >/dev/null 2>&1; then echo '"'"'data listener started (pid '"'"'"$pid"'"'"'); log: /CS4803ARM_Lab/user_data/armory/logs/workstation_11-listener.log'"'"'; else rm -f /tmp/armory_listener.pid; echo '"'"'data listener exited immediately; check log: /CS4803ARM_Lab/user_data/armory/logs/workstation_11-listener.log'"'"' >&2; tail -n 20 /CS4803ARM_Lab/user_data/armory/logs/workstation_11-listener.log >&2 || true; exit 1; fi'
2026-04-12 18:28:31,293 [INFO] Docker container running — status: booted
2026-04-12 18:28:55,987 [INFO] Docker container running — status: booted
2026-04-12 18:29:10,876 [INFO] Starting data listener with command: bash -lc 'mkdir -p /nethome/rbansal66/CS4803ARM_Lab/user_data/armory/logs; touch /nethome/rbansal66/CS4803ARM_Lab/user_data/armory/logs/workstation_11-listener.log || exit 1; if ! docker ps --filter name=piper_env -q | grep -q .; then echo '"'"'piper_env is not running'"'"' >&2; exit 1; fi; if docker exec piper_env bash -lc '"'"'if [ -s /tmp/armory_listener.pid ]; then pid=$(cat /tmp/armory_listener.pid); kill -0 "$pid" >/dev/null 2>&1; else exit 1; fi'"'"'; then pid=$(docker exec piper_env cat /tmp/armory_listener.pid); echo '"'"'data listener already running (pid '"'"'"$pid"'"'"'); log: /nethome/rbansal66/CS4803ARM_Lab/user_data/armory/logs/workstation_11-listener.log'"'"'; exit 0; fi; docker exec piper_env rm -f /tmp/armory_listener.pid >/dev/null 2>&1 || true; printf '"'"'\n[%s] Starting data listener: ros2 launch data_collection_new.launch.py\n'"'"' "$(date '"'"'+%F %T'"'"')" >> /nethome/rbansal66/CS4803ARM_Lab/user_data/armory/logs/workstation_11-listener.log; nohup docker exec piper_env bash -lc '"'"'if command -v setsid >/dev/null 2>&1; then exec setsid bash -ic '"'"'"'"'"'"'"'"'source ~/.bashrc; cd /CS4803ARM_Lab/user_data/data_collection || exit 1; echo $$ > /tmp/armory_listener.pid; exec ros2 launch data_collection_new.launch.py'"'"'"'"'"'"'"'"'; else exec bash -ic '"'"'"'"'"'"'"'"'source ~/.bashrc; cd /CS4803ARM_Lab/user_data/data_collection || exit 1; echo $$ > /tmp/armory_listener.pid; exec ros2 launch data_collection_new.launch.py'"'"'"'"'"'"'"'"'; fi'"'"' >> /nethome/rbansal66/CS4803ARM_Lab/user_data/armory/logs/workstation_11-listener.log 2>&1 < /dev/null & host_pid=$!; echo $host_pid > /tmp/armory_listener_docker_exec.pid; sleep 0.5; if kill -0 "$host_pid" >/dev/null 2>&1; then pid=$(docker exec piper_env cat /tmp/armory_listener.pid 2>/dev/null || echo "$host_pid"); echo '"'"'data listener started (pid '"'"'"$pid"'"'"'); log: /nethome/rbansal66/CS4803ARM_Lab/user_data/armory/logs/workstation_11-listener.log'"'"'; else rm -f /tmp/armory_listener_docker_exec.pid; echo '"'"'data listener exited immediately; check log: /nethome/rbansal66/CS4803ARM_Lab/user_data/armory/logs/workstation_11-listener.log'"'"' >&2; tail -n 20 /nethome/rbansal66/CS4803ARM_Lab/user_data/armory/logs/workstation_11-listener.log >&2 || true; exit 1; fi'
2026-04-12 18:29:32,466 [INFO] Stopping data listener with command: bash -lc 'mkdir -p /nethome/rbansal66/CS4803ARM_Lab/user_data/armory/logs; touch /nethome/rbansal66/CS4803ARM_Lab/user_data/armory/logs/workstation_11-listener.log || exit 1; printf '"'"'\n[%s] Stopping data listener\n'"'"' "$(date '"'"'+%F %T'"'"')" >> /nethome/rbansal66/CS4803ARM_Lab/user_data/armory/logs/workstation_11-listener.log; if docker ps --filter name=piper_env -q | grep -q .; then docker exec piper_env bash -lc '"'"'if [ -s /tmp/armory_listener.pid ]; then pid=$(cat /tmp/armory_listener.pid); kill -- -"$pid" >/dev/null 2>&1 || kill "$pid" >/dev/null 2>&1 || true; sleep 0.5; kill -9 -- -"$pid" >/dev/null 2>&1 || kill -9 "$pid" >/dev/null 2>&1 || true; rm -f /tmp/armory_listener.pid; fi; pkill -f '"'"'"'"'"'"'"'"'[r]os2\ launch\ data_collection_new\.launch\.py'"'"'"'"'"'"'"'"' >/dev/null 2>&1 || true'"'"' >> /nethome/rbansal66/CS4803ARM_Lab/user_data/armory/logs/workstation_11-listener.log 2>&1 || true; else echo '"'"'piper_env is not running'"'"' >> /nethome/rbansal66/CS4803ARM_Lab/user_data/armory/logs/workstation_11-listener.log; fi; if [ -s /tmp/armory_listener_docker_exec.pid ]; then host_pid=$(cat /tmp/armory_listener_docker_exec.pid); kill "$host_pid" >/dev/null 2>&1 || true; rm -f /tmp/armory_listener_docker_exec.pid; fi; echo '"'"'data listener stopped; log: /nethome/rbansal66/CS4803ARM_Lab/user_data/armory/logs/workstation_11-listener.log'"'"''
2026-04-12 18:30:11,972 [INFO] Starting data listener with command: bash -lc 'mkdir -p /nethome/rbansal66/CS4803ARM_Lab/user_data/armory/logs; touch /nethome/rbansal66/CS4803ARM_Lab/user_data/armory/logs/workstation_11-listener.log || exit 1; if ! docker ps --filter name=piper_env -q | grep -q .; then echo '"'"'piper_env is not running'"'"' >&2; exit 1; fi; if docker exec piper_env bash -lc '"'"'if [ -s /tmp/armory_listener.pid ]; then pid=$(cat /tmp/armory_listener.pid); kill -0 "$pid" >/dev/null 2>&1; else exit 1; fi'"'"'; then pid=$(docker exec piper_env cat /tmp/armory_listener.pid); echo '"'"'data listener already running (pid '"'"'"$pid"'"'"'); log: /nethome/rbansal66/CS4803ARM_Lab/user_data/armory/logs/workstation_11-listener.log'"'"'; exit 0; fi; docker exec piper_env rm -f /tmp/armory_listener.pid >/dev/null 2>&1 || true; printf '"'"'\n[%s] Starting data listener: ros2 launch data_collection_new.launch.py\n'"'"' "$(date '"'"'+%F %T'"'"')" >> /nethome/rbansal66/CS4803ARM_Lab/user_data/armory/logs/workstation_11-listener.log; nohup docker exec piper_env bash -lc '"'"'if command -v setsid >/dev/null 2>&1; then exec setsid bash -ic '"'"'"'"'"'"'"'"'source ~/.bashrc; cd /CS4803ARM_Lab/user_data/data_collection || exit 1; echo $$ > /tmp/armory_listener.pid; exec ros2 launch data_collection_new.launch.py'"'"'"'"'"'"'"'"'; else exec bash -ic '"'"'"'"'"'"'"'"'source ~/.bashrc; cd /CS4803ARM_Lab/user_data/data_collection || exit 1; echo $$ > /tmp/armory_listener.pid; exec ros2 launch data_collection_new.launch.py'"'"'"'"'"'"'"'"'; fi'"'"' >> /nethome/rbansal66/CS4803ARM_Lab/user_data/armory/logs/workstation_11-listener.log 2>&1 < /dev/null & host_pid=$!; echo $host_pid > /tmp/armory_listener_docker_exec.pid; sleep 0.5; if kill -0 "$host_pid" >/dev/null 2>&1; then pid=$(docker exec piper_env cat /tmp/armory_listener.pid 2>/dev/null || echo "$host_pid"); echo '"'"'data listener started (pid '"'"'"$pid"'"'"'); log: /nethome/rbansal66/CS4803ARM_Lab/user_data/armory/logs/workstation_11-listener.log'"'"'; else rm -f /tmp/armory_listener_docker_exec.pid; echo '"'"'data listener exited immediately; check log: /nethome/rbansal66/CS4803ARM_Lab/user_data/armory/logs/workstation_11-listener.log'"'"' >&2; tail -n 20 /nethome/rbansal66/CS4803ARM_Lab/user_data/armory/logs/workstation_11-listener.log >&2 || true; exit 1; fi'
2026-04-12 18:30:20,893 [INFO] Starting Piper client with command: bash -lc 'mkdir -p /nethome/rbansal66/CS4803ARM_Lab/user_data/armory/logs; touch /nethome/rbansal66/CS4803ARM_Lab/user_data/armory/logs/workstation_11-client.log || exit 1; if ! docker ps --filter name=piper_env -q | grep -q .; then echo '"'"'piper_env is not running'"'"' >&2; exit 1; fi; if docker exec piper_env bash -lc '"'"'if [ -s /tmp/armory_client.pid ]; then pid=$(cat /tmp/armory_client.pid); kill -0 "$pid" >/dev/null 2>&1; else exit 1; fi'"'"'; then pid=$(docker exec piper_env cat /tmp/armory_client.pid); echo '"'"'Piper client already running (pid '"'"'"$pid"'"'"'); log: /nethome/rbansal66/CS4803ARM_Lab/user_data/armory/logs/workstation_11-client.log'"'"'; exit 0; fi; docker exec piper_env rm -f /tmp/armory_client.pid >/dev/null 2>&1 || true; printf '"'"'\n[%s] Starting Piper client: ros2 run piper piper_client\n'"'"' "$(date '"'"'+%F %T'"'"')" >> /nethome/rbansal66/CS4803ARM_Lab/user_data/armory/logs/workstation_11-client.log; nohup docker exec piper_env bash -lc '"'"'if command -v setsid >/dev/null 2>&1; then exec setsid bash -ic '"'"'"'"'"'"'"'"'source ~/.bashrc; cd /CS4803ARM_Lab/user_data/piper_ros || exit 1; echo $$ > /tmp/armory_client.pid; exec ros2 run piper piper_client'"'"'"'"'"'"'"'"'; else exec bash -ic '"'"'"'"'"'"'"'"'source ~/.bashrc; cd /CS4803ARM_Lab/user_data/piper_ros || exit 1; echo $$ > /tmp/armory_client.pid; exec ros2 run piper piper_client'"'"'"'"'"'"'"'"'; fi'"'"' >> /nethome/rbansal66/CS4803ARM_Lab/user_data/armory/logs/workstation_11-client.log 2>&1 < /dev/null & host_pid=$!; echo $host_pid > /tmp/armory_client_docker_exec.pid; sleep 0.5; if kill -0 "$host_pid" >/dev/null 2>&1; then pid=$(docker exec piper_env cat /tmp/armory_client.pid 2>/dev/null || echo "$host_pid"); echo '"'"'Piper client started (pid '"'"'"$pid"'"'"'); log: /nethome/rbansal66/CS4803ARM_Lab/user_data/armory/logs/workstation_11-client.log'"'"'; else rm -f /tmp/armory_client_docker_exec.pid; echo '"'"'Piper client exited immediately; check log: /nethome/rbansal66/CS4803ARM_Lab/user_data/armory/logs/workstation_11-client.log'"'"' >&2; tail -n 20 /nethome/rbansal66/CS4803ARM_Lab/user_data/armory/logs/workstation_11-client.log >&2 || true; exit 1; fi'
2026-04-12 18:30:42,567 [INFO] Stopping Piper client with command: bash -lc 'mkdir -p /nethome/rbansal66/CS4803ARM_Lab/user_data/armory/logs; touch /nethome/rbansal66/CS4803ARM_Lab/user_data/armory/logs/workstation_11-client.log || exit 1; printf '"'"'\n[%s] Stopping Piper client\n'"'"' "$(date '"'"'+%F %T'"'"')" >> /nethome/rbansal66/CS4803ARM_Lab/user_data/armory/logs/workstation_11-client.log; if docker ps --filter name=piper_env -q | grep -q .; then docker exec piper_env bash -lc '"'"'if [ -s /tmp/armory_client.pid ]; then pid=$(cat /tmp/armory_client.pid); kill -- -"$pid" >/dev/null 2>&1 || kill "$pid" >/dev/null 2>&1 || true; sleep 0.5; kill -9 -- -"$pid" >/dev/null 2>&1 || kill -9 "$pid" >/dev/null 2>&1 || true; rm -f /tmp/armory_client.pid; fi; pkill -f '"'"'"'"'"'"'"'"'[r]os2\ run\ piper\ piper_client'"'"'"'"'"'"'"'"' >/dev/null 2>&1 || true'"'"' >> /nethome/rbansal66/CS4803ARM_Lab/user_data/armory/logs/workstation_11-client.log 2>&1 || true; else echo '"'"'piper_env is not running'"'"' >> /nethome/rbansal66/CS4803ARM_Lab/user_data/armory/logs/workstation_11-client.log; fi; if [ -s /tmp/armory_client_docker_exec.pid ]; then host_pid=$(cat /tmp/armory_client_docker_exec.pid); kill "$host_pid" >/dev/null 2>&1 || true; rm -f /tmp/armory_client_docker_exec.pid; fi; echo '"'"'Piper client stopped; log: /nethome/rbansal66/CS4803ARM_Lab/user_data/armory/logs/workstation_11-client.log'"'"''
2026-04-12 18:31:26,918 [INFO] Starting Piper client with command: bash -lc 'mkdir -p /nethome/rbansal66/CS4803ARM_Lab/user_data/armory/logs; touch /nethome/rbansal66/CS4803ARM_Lab/user_data/armory/logs/workstation_11-client.log || exit 1; if ! docker ps --filter name=piper_env -q | grep -q .; then echo '"'"'piper_env is not running'"'"' >&2; exit 1; fi; if docker exec piper_env bash -lc '"'"'if [ -s /tmp/armory_client.pid ]; then pid=$(cat /tmp/armory_client.pid); kill -0 "$pid" >/dev/null 2>&1; else exit 1; fi'"'"'; then pid=$(docker exec piper_env cat /tmp/armory_client.pid); echo '"'"'Piper client already running (pid '"'"'"$pid"'"'"'); log: /nethome/rbansal66/CS4803ARM_Lab/user_data/armory/logs/workstation_11-client.log'"'"'; exit 0; fi; docker exec piper_env rm -f /tmp/armory_client.pid >/dev/null 2>&1 || true; printf '"'"'\n[%s] Starting Piper client: ros2 run piper piper_client\n'"'"' "$(date '"'"'+%F %T'"'"')" >> /nethome/rbansal66/CS4803ARM_Lab/user_data/armory/logs/workstation_11-client.log; nohup docker exec piper_env bash -lc '"'"'if command -v setsid >/dev/null 2>&1; then exec setsid bash -ic '"'"'"'"'"'"'"'"'source ~/.bashrc; cd /CS4803ARM_Lab/user_data/piper_ros || exit 1; echo $$ > /tmp/armory_client.pid; exec ros2 run piper piper_client'"'"'"'"'"'"'"'"'; else exec bash -ic '"'"'"'"'"'"'"'"'source ~/.bashrc; cd /CS4803ARM_Lab/user_data/piper_ros || exit 1; echo $$ > /tmp/armory_client.pid; exec ros2 run piper piper_client'"'"'"'"'"'"'"'"'; fi'"'"' >> /nethome/rbansal66/CS4803ARM_Lab/user_data/armory/logs/workstation_11-client.log 2>&1 < /dev/null & host_pid=$!; echo $host_pid > /tmp/armory_client_docker_exec.pid; sleep 0.5; if kill -0 "$host_pid" >/dev/null 2>&1; then pid=$(docker exec piper_env cat /tmp/armory_client.pid 2>/dev/null || echo "$host_pid"); echo '"'"'Piper client started (pid '"'"'"$pid"'"'"'); log: /nethome/rbansal66/CS4803ARM_Lab/user_data/armory/logs/workstation_11-client.log'"'"'; else rm -f /tmp/armory_client_docker_exec.pid; echo '"'"'Piper client exited immediately; check log: /nethome/rbansal66/CS4803ARM_Lab/user_data/armory/logs/workstation_11-client.log'"'"' >&2; tail -n 20 /nethome/rbansal66/CS4803ARM_Lab/user_data/armory/logs/workstation_11-client.log >&2 || true; exit 1; fi'
2026-04-12 18:32:07,564 [INFO] Stopping Piper client with command: bash -lc 'mkdir -p /nethome/rbansal66/CS4803ARM_Lab/user_data/armory/logs; touch /nethome/rbansal66/CS4803ARM_Lab/user_data/armory/logs/workstation_11-client.log || exit 1; printf '"'"'\n[%s] Stopping Piper client\n'"'"' "$(date '"'"'+%F %T'"'"')" >> /nethome/rbansal66/CS4803ARM_Lab/user_data/armory/logs/workstation_11-client.log; if docker ps --filter name=piper_env -q | grep -q .; then docker exec piper_env bash -lc '"'"'if [ -s /tmp/armory_client.pid ]; then pid=$(cat /tmp/armory_client.pid); kill -- -"$pid" >/dev/null 2>&1 || kill "$pid" >/dev/null 2>&1 || true; sleep 0.5; kill -9 -- -"$pid" >/dev/null 2>&1 || kill -9 "$pid" >/dev/null 2>&1 || true; rm -f /tmp/armory_client.pid; fi; pkill -f '"'"'"'"'"'"'"'"'[r]os2\ run\ piper\ piper_client'"'"'"'"'"'"'"'"' >/dev/null 2>&1 || true'"'"' >> /nethome/rbansal66/CS4803ARM_Lab/user_data/armory/logs/workstation_11-client.log 2>&1 || true; else echo '"'"'piper_env is not running'"'"' >> /nethome/rbansal66/CS4803ARM_Lab/user_data/armory/logs/workstation_11-client.log; fi; if [ -s /tmp/armory_client_docker_exec.pid ]; then host_pid=$(cat /tmp/armory_client_docker_exec.pid); kill "$host_pid" >/dev/null 2>&1 || true; rm -f /tmp/armory_client_docker_exec.pid; fi; echo '"'"'Piper client stopped; log: /nethome/rbansal66/CS4803ARM_Lab/user_data/armory/logs/workstation_11-client.log'"'"''
2026-04-12 18:32:14,371 [INFO] Stopping data listener with command: bash -lc 'mkdir -p /nethome/rbansal66/CS4803ARM_Lab/user_data/armory/logs; touch /nethome/rbansal66/CS4803ARM_Lab/user_data/armory/logs/workstation_11-listener.log || exit 1; printf '"'"'\n[%s] Stopping data listener\n'"'"' "$(date '"'"'+%F %T'"'"')" >> /nethome/rbansal66/CS4803ARM_Lab/user_data/armory/logs/workstation_11-listener.log; if docker ps --filter name=piper_env -q | grep -q .; then docker exec piper_env bash -lc '"'"'if [ -s /tmp/armory_listener.pid ]; then pid=$(cat /tmp/armory_listener.pid); kill -- -"$pid" >/dev/null 2>&1 || kill "$pid" >/dev/null 2>&1 || true; sleep 0.5; kill -9 -- -"$pid" >/dev/null 2>&1 || kill -9 "$pid" >/dev/null 2>&1 || true; rm -f /tmp/armory_listener.pid; fi; pkill -f '"'"'"'"'"'"'"'"'[r]os2\ launch\ data_collection_new\.launch\.py'"'"'"'"'"'"'"'"' >/dev/null 2>&1 || true'"'"' >> /nethome/rbansal66/CS4803ARM_Lab/user_data/armory/logs/workstation_11-listener.log 2>&1 || true; else echo '"'"'piper_env is not running'"'"' >> /nethome/rbansal66/CS4803ARM_Lab/user_data/armory/logs/workstation_11-listener.log; fi; if [ -s /tmp/armory_listener_docker_exec.pid ]; then host_pid=$(cat /tmp/armory_listener_docker_exec.pid); kill "$host_pid" >/dev/null 2>&1 || true; rm -f /tmp/armory_listener_docker_exec.pid; fi; echo '"'"'data listener stopped; log: /nethome/rbansal66/CS4803ARM_Lab/user_data/armory/logs/workstation_11-listener.log'"'"''
2026-04-12 18:32:24,982 [INFO] Starting data listener with command: bash -lc 'mkdir -p /nethome/rbansal66/CS4803ARM_Lab/user_data/armory/logs; touch /nethome/rbansal66/CS4803ARM_Lab/user_data/armory/logs/workstation_11-listener.log || exit 1; if ! docker ps --filter name=piper_env -q | grep -q .; then echo '"'"'piper_env is not running'"'"' >&2; exit 1; fi; if docker exec piper_env bash -lc '"'"'if [ -s /tmp/armory_listener.pid ]; then pid=$(cat /tmp/armory_listener.pid); kill -0 "$pid" >/dev/null 2>&1; else exit 1; fi'"'"'; then pid=$(docker exec piper_env cat /tmp/armory_listener.pid); echo '"'"'data listener already running (pid '"'"'"$pid"'"'"'); log: /nethome/rbansal66/CS4803ARM_Lab/user_data/armory/logs/workstation_11-listener.log'"'"'; exit 0; fi; docker exec piper_env rm -f /tmp/armory_listener.pid >/dev/null 2>&1 || true; printf '"'"'\n[%s] Starting data listener: ros2 launch data_collection_new.launch.py\n'"'"' "$(date '"'"'+%F %T'"'"')" >> /nethome/rbansal66/CS4803ARM_Lab/user_data/armory/logs/workstation_11-listener.log; nohup docker exec piper_env bash -lc '"'"'if command -v setsid >/dev/null 2>&1; then exec setsid bash -ic '"'"'"'"'"'"'"'"'source ~/.bashrc; cd /CS4803ARM_Lab/user_data/data_collection || exit 1; echo $$ > /tmp/armory_listener.pid; exec ros2 launch data_collection_new.launch.py'"'"'"'"'"'"'"'"'; else exec bash -ic '"'"'"'"'"'"'"'"'source ~/.bashrc; cd /CS4803ARM_Lab/user_data/data_collection || exit 1; echo $$ > /tmp/armory_listener.pid; exec ros2 launch data_collection_new.launch.py'"'"'"'"'"'"'"'"'; fi'"'"' >> /nethome/rbansal66/CS4803ARM_Lab/user_data/armory/logs/workstation_11-listener.log 2>&1 < /dev/null & host_pid=$!; echo $host_pid > /tmp/armory_listener_docker_exec.pid; sleep 0.5; if kill -0 "$host_pid" >/dev/null 2>&1; then pid=$(docker exec piper_env cat /tmp/armory_listener.pid 2>/dev/null || echo "$host_pid"); echo '"'"'data listener started (pid '"'"'"$pid"'"'"'); log: /nethome/rbansal66/CS4803ARM_Lab/user_data/armory/logs/workstation_11-listener.log'"'"'; else rm -f /tmp/armory_listener_docker_exec.pid; echo '"'"'data listener exited immediately; check log: /nethome/rbansal66/CS4803ARM_Lab/user_data/armory/logs/workstation_11-listener.log'"'"' >&2; tail -n 20 /nethome/rbansal66/CS4803ARM_Lab/user_data/armory/logs/workstation_11-listener.log >&2 || true; exit 1; fi'
2026-04-12 18:32:32,673 [INFO] Starting Piper client with command: bash -lc 'mkdir -p /nethome/rbansal66/CS4803ARM_Lab/user_data/armory/logs; touch /nethome/rbansal66/CS4803ARM_Lab/user_data/armory/logs/workstation_11-client.log || exit 1; if ! docker ps --filter name=piper_env -q | grep -q .; then echo '"'"'piper_env is not running'"'"' >&2; exit 1; fi; if docker exec piper_env bash -lc '"'"'if [ -s /tmp/armory_client.pid ]; then pid=$(cat /tmp/armory_client.pid); kill -0 "$pid" >/dev/null 2>&1; else exit 1; fi'"'"'; then pid=$(docker exec piper_env cat /tmp/armory_client.pid); echo '"'"'Piper client already running (pid '"'"'"$pid"'"'"'); log: /nethome/rbansal66/CS4803ARM_Lab/user_data/armory/logs/workstation_11-client.log'"'"'; exit 0; fi; docker exec piper_env rm -f /tmp/armory_client.pid >/dev/null 2>&1 || true; printf '"'"'\n[%s] Starting Piper client: ros2 run piper piper_client\n'"'"' "$(date '"'"'+%F %T'"'"')" >> /nethome/rbansal66/CS4803ARM_Lab/user_data/armory/logs/workstation_11-client.log; nohup docker exec piper_env bash -lc '"'"'if command -v setsid >/dev/null 2>&1; then exec setsid bash -ic '"'"'"'"'"'"'"'"'source ~/.bashrc; cd /CS4803ARM_Lab/user_data/piper_ros || exit 1; echo $$ > /tmp/armory_client.pid; exec ros2 run piper piper_client'"'"'"'"'"'"'"'"'; else exec bash -ic '"'"'"'"'"'"'"'"'source ~/.bashrc; cd /CS4803ARM_Lab/user_data/piper_ros || exit 1; echo $$ > /tmp/armory_client.pid; exec ros2 run piper piper_client'"'"'"'"'"'"'"'"'; fi'"'"' >> /nethome/rbansal66/CS4803ARM_Lab/user_data/armory/logs/workstation_11-client.log 2>&1 < /dev/null & host_pid=$!; echo $host_pid > /tmp/armory_client_docker_exec.pid; sleep 0.5; if kill -0 "$host_pid" >/dev/null 2>&1; then pid=$(docker exec piper_env cat /tmp/armory_client.pid 2>/dev/null || echo "$host_pid"); echo '"'"'Piper client started (pid '"'"'"$pid"'"'"'); log: /nethome/rbansal66/CS4803ARM_Lab/user_data/armory/logs/workstation_11-client.log'"'"'; else rm -f /tmp/armory_client_docker_exec.pid; echo '"'"'Piper client exited immediately; check log: /nethome/rbansal66/CS4803ARM_Lab/user_data/armory/logs/workstation_11-client.log'"'"' >&2; tail -n 20 /nethome/rbansal66/CS4803ARM_Lab/user_data/armory/logs/workstation_11-client.log >&2 || true; exit 1; fi'
2026-04-12 18:33:32,161 [INFO] Stopping Piper client with command: bash -lc 'mkdir -p /nethome/rbansal66/CS4803ARM_Lab/user_data/armory/logs; touch /nethome/rbansal66/CS4803ARM_Lab/user_data/armory/logs/workstation_11-client.log || exit 1; printf '"'"'\n[%s] Stopping Piper client\n'"'"' "$(date '"'"'+%F %T'"'"')" >> /nethome/rbansal66/CS4803ARM_Lab/user_data/armory/logs/workstation_11-client.log; if docker ps --filter name=piper_env -q | grep -q .; then docker exec piper_env bash -lc '"'"'if [ -s /tmp/armory_client.pid ]; then pid=$(cat /tmp/armory_client.pid); kill -- -"$pid" >/dev/null 2>&1 || kill "$pid" >/dev/null 2>&1 || true; sleep 0.5; kill -9 -- -"$pid" >/dev/null 2>&1 || kill -9 "$pid" >/dev/null 2>&1 || true; rm -f /tmp/armory_client.pid; fi; pkill -f '"'"'"'"'"'"'"'"'[r]os2\ run\ piper\ piper_client'"'"'"'"'"'"'"'"' >/dev/null 2>&1 || true'"'"' >> /nethome/rbansal66/CS4803ARM_Lab/user_data/armory/logs/workstation_11-client.log 2>&1 || true; else echo '"'"'piper_env is not running'"'"' >> /nethome/rbansal66/CS4803ARM_Lab/user_data/armory/logs/workstation_11-client.log; fi; if [ -s /tmp/armory_client_docker_exec.pid ]; then host_pid=$(cat /tmp/armory_client_docker_exec.pid); kill "$host_pid" >/dev/null 2>&1 || true; rm -f /tmp/armory_client_docker_exec.pid; fi; echo '"'"'Piper client stopped; log: /nethome/rbansal66/CS4803ARM_Lab/user_data/armory/logs/workstation_11-client.log'"'"''
2026-04-12 18:34:10,030 [INFO] Starting Piper client with command: bash -lc 'mkdir -p /nethome/rbansal66/CS4803ARM_Lab/user_data/armory/logs; touch /nethome/rbansal66/CS4803ARM_Lab/user_data/armory/logs/workstation_11-client.log || exit 1; if ! docker ps --filter name=piper_env -q | grep -q .; then echo '"'"'piper_env is not running'"'"' >&2; exit 1; fi; if docker exec piper_env bash -lc '"'"'if [ -s /tmp/armory_client.pid ]; then pid=$(cat /tmp/armory_client.pid); kill -0 "$pid" >/dev/null 2>&1; else exit 1; fi'"'"'; then pid=$(docker exec piper_env cat /tmp/armory_client.pid); echo '"'"'Piper client already running (pid '"'"'"$pid"'"'"'); log: /nethome/rbansal66/CS4803ARM_Lab/user_data/armory/logs/workstation_11-client.log'"'"'; exit 0; fi; docker exec piper_env rm -f /tmp/armory_client.pid >/dev/null 2>&1 || true; printf '"'"'\n[%s] Starting Piper client: ros2 run piper piper_client\n'"'"' "$(date '"'"'+%F %T'"'"')" >> /nethome/rbansal66/CS4803ARM_Lab/user_data/armory/logs/workstation_11-client.log; nohup docker exec piper_env bash -lc '"'"'if command -v setsid >/dev/null 2>&1; then exec setsid bash -ic '"'"'"'"'"'"'"'"'source ~/.bashrc; cd /CS4803ARM_Lab/user_data/piper_ros || exit 1; echo $$ > /tmp/armory_client.pid; exec ros2 run piper piper_client'"'"'"'"'"'"'"'"'; else exec bash -ic '"'"'"'"'"'"'"'"'source ~/.bashrc; cd /CS4803ARM_Lab/user_data/piper_ros || exit 1; echo $$ > /tmp/armory_client.pid; exec ros2 run piper piper_client'"'"'"'"'"'"'"'"'; fi'"'"' >> /nethome/rbansal66/CS4803ARM_Lab/user_data/armory/logs/workstation_11-client.log 2>&1 < /dev/null & host_pid=$!; echo $host_pid > /tmp/armory_client_docker_exec.pid; sleep 0.5; if kill -0 "$host_pid" >/dev/null 2>&1; then pid=$(docker exec piper_env cat /tmp/armory_client.pid 2>/dev/null || echo "$host_pid"); echo '"'"'Piper client started (pid '"'"'"$pid"'"'"'); log: /nethome/rbansal66/CS4803ARM_Lab/user_data/armory/logs/workstation_11-client.log'"'"'; else rm -f /tmp/armory_client_docker_exec.pid; echo '"'"'Piper client exited immediately; check log: /nethome/rbansal66/CS4803ARM_Lab/user_data/armory/logs/workstation_11-client.log'"'"' >&2; tail -n 20 /nethome/rbansal66/CS4803ARM_Lab/user_data/armory/logs/workstation_11-client.log >&2 || true; exit 1; fi'
2026-04-12 18:34:59,206 [INFO] Stopping Piper client with command: bash -lc 'mkdir -p /nethome/rbansal66/CS4803ARM_Lab/user_data/armory/logs; touch /nethome/rbansal66/CS4803ARM_Lab/user_data/armory/logs/workstation_11-client.log || exit 1; printf '"'"'\n[%s] Stopping Piper client\n'"'"' "$(date '"'"'+%F %T'"'"')" >> /nethome/rbansal66/CS4803ARM_Lab/user_data/armory/logs/workstation_11-client.log; if docker ps --filter name=piper_env -q | grep -q .; then docker exec piper_env bash -lc '"'"'if [ -s /tmp/armory_client.pid ]; then pid=$(cat /tmp/armory_client.pid); kill -- -"$pid" >/dev/null 2>&1 || kill "$pid" >/dev/null 2>&1 || true; sleep 0.5; kill -9 -- -"$pid" >/dev/null 2>&1 || kill -9 "$pid" >/dev/null 2>&1 || true; rm -f /tmp/armory_client.pid; fi; pkill -f '"'"'"'"'"'"'"'"'[r]os2\ run\ piper\ piper_client'"'"'"'"'"'"'"'"' >/dev/null 2>&1 || true'"'"' >> /nethome/rbansal66/CS4803ARM_Lab/user_data/armory/logs/workstation_11-client.log 2>&1 || true; else echo '"'"'piper_env is not running'"'"' >> /nethome/rbansal66/CS4803ARM_Lab/user_data/armory/logs/workstation_11-client.log; fi; if [ -s /tmp/armory_client_docker_exec.pid ]; then host_pid=$(cat /tmp/armory_client_docker_exec.pid); kill "$host_pid" >/dev/null 2>&1 || true; rm -f /tmp/armory_client_docker_exec.pid; fi; echo '"'"'Piper client stopped; log: /nethome/rbansal66/CS4803ARM_Lab/user_data/armory/logs/workstation_11-client.log'"'"''
2026-04-12 18:36:52,915 [INFO] Executing: docker exec piper_env bash -ic 'source ~/.bashrc && p goto reset'
2026-04-12 18:36:54,523 [INFO] stdout: Go to reset complete.
2026-04-12 18:36:54,524 [WARNING] stderr: bash: cannot set terminal process group (-1): Inappropriate ioctl for device
bash: no job control in this shell
2026-04-12 18:36:55,429 [INFO] Executing: docker exec piper_env bash -ic 'source ~/.bashrc && p disable'
2026-04-12 18:36:56,237 [INFO] stdout: 失能成功!!!!
Piper disable sequence complete.
2026-04-12 18:36:56,438 [WARNING] stderr: bash: cannot set terminal process group (-1): Inappropriate ioctl for device
bash: no job control in this shell
2026-04-12 18:37:05,256 [INFO] Killing tunnel with command: bash -lc 'ssh -S /tmp/armory_tunnel_grom_8999.sock -O exit rbansal66@grom >/dev/null 2>&1 || true; rm -f /tmp/armory_tunnel_grom_8999.sock; if command -v pkill >/dev/null 2>&1; then pkill -f '"'"'[s]sh .* -L 8999:grom:8999 .*rbansal66@grom'"'"' >/dev/null 2>&1 || true; fi; echo '"'"'Tunnel stopped'"'"''
2026-04-12 18:37:11,368 [INFO] Executing: docker exec piper_env bash -ic 'source ~/.bashrc && p goto reset'
2026-04-12 18:37:13,076 [INFO] stdout: Go to reset complete.
2026-04-12 18:37:13,076 [WARNING] stderr: bash: cannot set terminal process group (-1): Inappropriate ioctl for device
bash: no job control in this shell
2026-04-12 18:37:13,781 [INFO] Executing: docker exec piper_env bash -ic 'source ~/.bashrc && p disable'
2026-04-12 18:37:14,689 [INFO] stdout: 失能成功!!!!
Piper disable sequence complete.
2026-04-12 18:37:14,890 [WARNING] stderr: bash: cannot set terminal process group (-1): Inappropriate ioctl for device
bash: no job control in this shell
2026-04-12 18:37:15,494 [INFO] Killing tunnel with command: bash -lc 'ssh -S /tmp/armory_tunnel_grom_8999.sock -O exit rbansal66@grom >/dev/null 2>&1 || true; rm -f /tmp/armory_tunnel_grom_8999.sock; if command -v pkill >/dev/null 2>&1; then pkill -f '"'"'[s]sh .* -L 8999:grom:8999 .*rbansal66@grom'"'"' >/dev/null 2>&1 || true; fi; echo '"'"'Tunnel stopped'"'"''
2026-04-12 18:37:16,909 [INFO] Container stopped and removed
2026-04-13 15:24:32,871 [INFO] Docker container not running — status: offline
2026-04-13 15:24:44,105 [INFO] Starting Docker container in detached mode
2026-04-13 15:24:45,116 [INFO] docker run output: 93b7e5ec148f27ba129c7a5cc7ce7689883ccf0d6eba9edb832c5ad797588543
2026-04-13 15:24:47,937 [INFO] Container started successfully
2026-04-13 15:24:54,290 [INFO] Executing: docker exec piper_env bash -ic 'source ~/.bashrc && p enable'
2026-04-13 15:24:55,098 [INFO] stdout: 使能成功!!!!
Piper enable sequence complete.
2026-04-13 15:24:55,098 [WARNING] stderr: bash: cannot set terminal process group (-1): Inappropriate ioctl for device
bash: no job control in this shell
bash: /piper_ros/install/setup.bash: No such file or directory
bash: /piper_ros/install/setup.bash: No such file or directory
bash: /piper_sdk/piper_sdk/can_activate.sh can0 1000000: No such file or directory
2026-04-13 15:24:57,012 [INFO] Executing: docker exec piper_env bash -ic 'source ~/.bashrc && p goto init'
2026-04-13 15:24:58,428 [INFO] stdout: Go to init complete.
2026-04-13 15:24:58,428 [WARNING] stderr: bash: cannot set terminal process group (-1): Inappropriate ioctl for device
bash: no job control in this shell
bash: /piper_ros/install/setup.bash: No such file or directory
bash: /piper_ros/install/setup.bash: No such file or directory
2026-04-13 15:27:30,086 [INFO] Starting data listener with command: bash -lc 'mkdir -p /nethome/rbansal66/CS4803ARM_Lab/user_data/armory/logs; touch /nethome/rbansal66/CS4803ARM_Lab/user_data/armory/logs/workstation_11-listener.log || exit 1; if ! docker ps --filter name=piper_env -q | grep -q .; then echo '"'"'piper_env is not running'"'"' >&2; exit 1; fi; if docker exec piper_env bash -lc '"'"'if [ -s /tmp/armory_listener.pid ]; then pid=$(cat /tmp/armory_listener.pid); kill -0 "$pid" >/dev/null 2>&1; else exit 1; fi'"'"'; then pid=$(docker exec piper_env cat /tmp/armory_listener.pid); echo '"'"'data listener already running (pid '"'"'"$pid"'"'"'); log: /nethome/rbansal66/CS4803ARM_Lab/user_data/armory/logs/workstation_11-listener.log'"'"'; exit 0; fi; docker exec piper_env rm -f /tmp/armory_listener.pid >/dev/null 2>&1 || true; printf '"'"'\n[%s] Starting data listener: ros2 launch data_collection_new.launch.py\n'"'"' "$(date '"'"'+%F %T'"'"')" >> /nethome/rbansal66/CS4803ARM_Lab/user_data/armory/logs/workstation_11-listener.log; nohup docker exec piper_env bash -lc '"'"'if command -v setsid >/dev/null 2>&1; then exec setsid bash -ic '"'"'"'"'"'"'"'"'source ~/.bashrc; cd /CS4803ARM_Lab/user_data/data_collection || exit 1; echo $$ > /tmp/armory_listener.pid; exec ros2 launch data_collection_new.launch.py'"'"'"'"'"'"'"'"'; else exec bash -ic '"'"'"'"'"'"'"'"'source ~/.bashrc; cd /CS4803ARM_Lab/user_data/data_collection || exit 1; echo $$ > /tmp/armory_listener.pid; exec ros2 launch data_collection_new.launch.py'"'"'"'"'"'"'"'"'; fi'"'"' >> /nethome/rbansal66/CS4803ARM_Lab/user_data/armory/logs/workstation_11-listener.log 2>&1 < /dev/null & host_pid=$!; echo $host_pid > /tmp/armory_listener_docker_exec.pid; sleep 0.5; if kill -0 "$host_pid" >/dev/null 2>&1; then pid=$(docker exec piper_env cat /tmp/armory_listener.pid 2>/dev/null || echo "$host_pid"); echo '"'"'data listener started (pid '"'"'"$pid"'"'"'); log: /nethome/rbansal66/CS4803ARM_Lab/user_data/armory/logs/workstation_11-listener.log'"'"'; else rm -f /tmp/armory_listener_docker_exec.pid; echo '"'"'data listener exited immediately; check log: /nethome/rbansal66/CS4803ARM_Lab/user_data/armory/logs/workstation_11-listener.log'"'"' >&2; tail -n 20 /nethome/rbansal66/CS4803ARM_Lab/user_data/armory/logs/workstation_11-listener.log >&2 || true; exit 1; fi'
2026-04-13 15:28:49,156 [INFO] Starting tunnel with command: bash -lc 'mkdir -p /tmp; if ssh -S /tmp/armory_tunnel_grom_8999.sock -O check rbansal66@grom >/dev/null 2>&1; then echo '"'"'Tunnel already running'"'"'; exit 0; fi; rm -f /tmp/armory_tunnel_grom_8999.sock; ssh -f -N -M -S /tmp/armory_tunnel_grom_8999.sock -o ExitOnForwardFailure=yes -o ServerAliveInterval=30 -o ServerAliveCountMax=3 -L 8999:grom:8999 -J rbansal66@sky1.cc.gatech.edu rbansal66@grom; echo '"'"'Tunnel started'"'"''
2026-04-13 15:29:09,651 [ERROR] Tunnel start failed: 
2026-04-13 15:29:18,400 [INFO] Killing tunnel with command: bash -lc 'ssh -S /tmp/armory_tunnel_grom_8999.sock -O exit rbansal66@grom >/dev/null 2>&1 || true; rm -f /tmp/armory_tunnel_grom_8999.sock; if command -v pkill >/dev/null 2>&1; then pkill -f '"'"'[s]sh .* -L 8999:grom:8999 .*rbansal66@grom'"'"' >/dev/null 2>&1 || true; fi; echo '"'"'Tunnel stopped'"'"''
2026-04-13 15:29:34,996 [INFO] Docker container running — status: booted
2026-04-13 15:30:11,400 [INFO] Executing: docker exec piper_env bash -ic 'source ~/.bashrc && p goto zero'
2026-04-13 15:30:12,915 [INFO] stdout: Go to zero complete.
2026-04-13 15:30:12,915 [WARNING] stderr: bash: cannot set terminal process group (-1): Inappropriate ioctl for device
bash: no job control in this shell
bash: /piper_ros/install/setup.bash: No such file or directory
bash: /piper_ros/install/setup.bash: No such file or directory
2026-04-13 15:30:16,766 [INFO] Executing: docker exec piper_env bash -ic 'source ~/.bashrc && p goto init'
2026-04-13 15:30:18,177 [INFO] stdout: Go to init complete.
2026-04-13 15:30:18,177 [WARNING] stderr: bash: cannot set terminal process group (-1): Inappropriate ioctl for device
bash: no job control in this shell
bash: /piper_ros/install/setup.bash: No such file or directory
bash: /piper_ros/install/setup.bash: No such file or directory
2026-04-13 15:30:29,889 [INFO] Starting tunnel with command: bash -lc 'mkdir -p /tmp; if ssh -S /tmp/armory_tunnel_dynamics_8999.sock -O check rbansal66@dynamics >/dev/null 2>&1; then echo '"'"'Tunnel already running'"'"'; exit 0; fi; rm -f /tmp/armory_tunnel_dynamics_8999.sock; ssh -f -N -M -S /tmp/armory_tunnel_dynamics_8999.sock -o ExitOnForwardFailure=yes -o ServerAliveInterval=30 -o ServerAliveCountMax=3 -L 8999:dynamics:8999 -J rbansal66@sky1.cc.gatech.edu rbansal66@dynamics; echo '"'"'Tunnel started'"'"''
2026-04-13 15:30:43,663 [INFO] Starting data listener with command: bash -lc 'mkdir -p /nethome/rbansal66/CS4803ARM_Lab/user_data/armory/logs; touch /nethome/rbansal66/CS4803ARM_Lab/user_data/armory/logs/workstation_11-listener.log || exit 1; if ! docker ps --filter name=piper_env -q | grep -q .; then echo '"'"'piper_env is not running'"'"' >&2; exit 1; fi; if docker exec piper_env bash -lc '"'"'if [ -s /tmp/armory_listener.pid ]; then pid=$(cat /tmp/armory_listener.pid); kill -0 "$pid" >/dev/null 2>&1; else exit 1; fi'"'"'; then pid=$(docker exec piper_env cat /tmp/armory_listener.pid); echo '"'"'data listener already running (pid '"'"'"$pid"'"'"'); log: /nethome/rbansal66/CS4803ARM_Lab/user_data/armory/logs/workstation_11-listener.log'"'"'; exit 0; fi; docker exec piper_env rm -f /tmp/armory_listener.pid >/dev/null 2>&1 || true; printf '"'"'\n[%s] Starting data listener: ros2 launch data_collection_new.launch.py\n'"'"' "$(date '"'"'+%F %T'"'"')" >> /nethome/rbansal66/CS4803ARM_Lab/user_data/armory/logs/workstation_11-listener.log; nohup docker exec piper_env bash -lc '"'"'if command -v setsid >/dev/null 2>&1; then exec setsid bash -ic '"'"'"'"'"'"'"'"'source ~/.bashrc; cd /CS4803ARM_Lab/user_data/data_collection || exit 1; echo $$ > /tmp/armory_listener.pid; exec ros2 launch data_collection_new.launch.py'"'"'"'"'"'"'"'"'; else exec bash -ic '"'"'"'"'"'"'"'"'source ~/.bashrc; cd /CS4803ARM_Lab/user_data/data_collection || exit 1; echo $$ > /tmp/armory_listener.pid; exec ros2 launch data_collection_new.launch.py'"'"'"'"'"'"'"'"'; fi'"'"' >> /nethome/rbansal66/CS4803ARM_Lab/user_data/armory/logs/workstation_11-listener.log 2>&1 < /dev/null & host_pid=$!; echo $host_pid > /tmp/armory_listener_docker_exec.pid; sleep 0.5; if kill -0 "$host_pid" >/dev/null 2>&1; then pid=$(docker exec piper_env cat /tmp/armory_listener.pid 2>/dev/null || echo "$host_pid"); echo '"'"'data listener started (pid '"'"'"$pid"'"'"'); log: /nethome/rbansal66/CS4803ARM_Lab/user_data/armory/logs/workstation_11-listener.log'"'"'; else rm -f /tmp/armory_listener_docker_exec.pid; echo '"'"'data listener exited immediately; check log: /nethome/rbansal66/CS4803ARM_Lab/user_data/armory/logs/workstation_11-listener.log'"'"' >&2; tail -n 20 /nethome/rbansal66/CS4803ARM_Lab/user_data/armory/logs/workstation_11-listener.log >&2 || true; exit 1; fi'
2026-04-13 15:32:07,640 [INFO] Killing tunnel with command: bash -lc 'ssh -S /tmp/armory_tunnel_dynamics_8999.sock -O exit rbansal66@dynamics >/dev/null 2>&1 || true; rm -f /tmp/armory_tunnel_dynamics_8999.sock; if command -v pkill >/dev/null 2>&1; then pkill -f '"'"'[s]sh .* -L 8999:dynamics:8999 .*rbansal66@dynamics'"'"' >/dev/null 2>&1 || true; fi; echo '"'"'Tunnel stopped'"'"''
2026-04-13 15:32:21,341 [INFO] Executing: docker exec piper_env bash -ic 'source ~/.bashrc && p goto reset'
2026-04-13 15:32:22,852 [INFO] stdout: Go to reset complete.
2026-04-13 15:32:22,852 [WARNING] stderr: bash: cannot set terminal process group (-1): Inappropriate ioctl for device
bash: no job control in this shell
bash: /piper_ros/install/setup.bash: No such file or directory
bash: /piper_ros/install/setup.bash: No such file or directory
2026-04-13 15:32:24,766 [INFO] Executing: docker exec piper_env bash -ic 'source ~/.bashrc && p disable'
2026-04-13 15:32:25,270 [INFO] stdout: 失能成功!!!!
Piper disable sequence complete.
2026-04-13 15:32:25,271 [WARNING] stderr: bash: cannot set terminal process group (-1): Inappropriate ioctl for device
bash: no job control in this shell
bash: /piper_ros/install/setup.bash: No such file or directory
bash: /piper_ros/install/setup.bash: No such file or directory
2026-04-13 15:32:43,702 [INFO] Executing: docker exec piper_env bash -ic 'source ~/.bashrc && p goto reset'
2026-04-13 15:32:45,522 [INFO] stdout: Go to reset complete.
2026-04-13 15:32:45,522 [WARNING] stderr: bash: cannot set terminal process group (-1): Inappropriate ioctl for device
bash: no job control in this shell
bash: /piper_ros/install/setup.bash: No such file or directory
bash: /piper_ros/install/setup.bash: No such file or directory
2026-04-13 15:32:47,133 [INFO] Executing: docker exec piper_env bash -ic 'source ~/.bashrc && p disable'
2026-04-13 15:32:47,539 [INFO] stdout: 失能成功!!!!
Piper disable sequence complete.
2026-04-13 15:32:47,539 [WARNING] stderr: bash: cannot set terminal process group (-1): Inappropriate ioctl for device
bash: no job control in this shell
bash: /piper_ros/install/setup.bash: No such file or directory
bash: /piper_ros/install/setup.bash: No such file or directory
2026-04-13 15:32:49,253 [INFO] Killing tunnel with command: bash -lc 'ssh -S /tmp/armory_tunnel_dynamics_8999.sock -O exit rbansal66@dynamics >/dev/null 2>&1 || true; rm -f /tmp/armory_tunnel_dynamics_8999.sock; if command -v pkill >/dev/null 2>&1; then pkill -f '"'"'[s]sh .* -L 8999:dynamics:8999 .*rbansal66@dynamics'"'"' >/dev/null 2>&1 || true; fi; echo '"'"'Tunnel stopped'"'"''
2026-04-13 15:32:51,373 [INFO] Container stopped and removed
2026-04-13 15:33:29,289 [INFO] Starting Docker container in detached mode
2026-04-13 15:33:30,196 [INFO] docker run output: 75589d8f0941fed9885dcc48bbe46abe7bb38ea79244c4c1bd3e97bb0a9ff75d
2026-04-13 15:33:33,222 [INFO] Container started successfully
2026-04-13 15:51:58,159 [INFO] Docker container running — status: booted
2026-04-13 16:11:02,413 [INFO] Executing: docker exec piper_env bash -ic 'source ~/.bashrc && p enable'
2026-04-13 16:11:03,321 [INFO] stdout: 使能成功!!!!
Piper enable sequence complete.
2026-04-13 16:11:03,321 [WARNING] stderr: bash: cannot set terminal process group (-1): Inappropriate ioctl for device
bash: no job control in this shell
bash: /piper_sdk/piper_sdk/can_activate.sh can0 1000000: No such file or directory
2026-04-13 16:11:04,631 [INFO] Executing: docker exec piper_env bash -ic 'source ~/.bashrc && p goto init'
2026-04-13 16:11:06,545 [INFO] stdout: Go to init complete.
2026-04-13 16:11:06,649 [WARNING] stderr: bash: cannot set terminal process group (-1): Inappropriate ioctl for device
bash: no job control in this shell
2026-04-13 16:11:15,997 [INFO] Starting tunnel with command: bash -lc 'mkdir -p /tmp; if ssh -S /tmp/armory_tunnel_dynamics_8080.sock -O check rbansal66@dynamics >/dev/null 2>&1; then echo '"'"'Tunnel already running'"'"'; exit 0; fi; rm -f /tmp/armory_tunnel_dynamics_8080.sock; ssh -f -N -M -S /tmp/armory_tunnel_dynamics_8080.sock -o ExitOnForwardFailure=yes -o ServerAliveInterval=30 -o ServerAliveCountMax=3 -L 8080:dynamics:8080 -J rbansal66@sky1.cc.gatech.edu rbansal66@dynamics; echo '"'"'Tunnel started'"'"''
2026-04-13 16:12:04,724 [INFO] Starting data listener with command: bash -lc 'mkdir -p /nethome/rbansal66/CS4803ARM_Lab/user_data/armory/logs; touch /nethome/rbansal66/CS4803ARM_Lab/user_data/armory/logs/workstation_11-listener.log || exit 1; if ! docker ps --filter name=piper_env -q | grep -q .; then echo '"'"'piper_env is not running'"'"' >&2; exit 1; fi; if docker exec piper_env bash -lc '"'"'if [ -s /tmp/armory_listener.pid ]; then pid=$(cat /tmp/armory_listener.pid); kill -0 "$pid" >/dev/null 2>&1; else exit 1; fi'"'"'; then pid=$(docker exec piper_env cat /tmp/armory_listener.pid); echo '"'"'data listener already running (pid '"'"'"$pid"'"'"'); log: /nethome/rbansal66/CS4803ARM_Lab/user_data/armory/logs/workstation_11-listener.log'"'"'; exit 0; fi; docker exec piper_env rm -f /tmp/armory_listener.pid >/dev/null 2>&1 || true; printf '"'"'\n[%s] Starting data listener: ros2 launch data_collection_new.launch.py\n'"'"' "$(date '"'"'+%F %T'"'"')" >> /nethome/rbansal66/CS4803ARM_Lab/user_data/armory/logs/workstation_11-listener.log; nohup docker exec piper_env bash -lc '"'"'if command -v setsid >/dev/null 2>&1; then exec setsid bash -ic '"'"'"'"'"'"'"'"'source ~/.bashrc; cd /CS4803ARM_Lab/user_data/data_collection || exit 1; echo $$ > /tmp/armory_listener.pid; exec ros2 launch data_collection_new.launch.py'"'"'"'"'"'"'"'"'; else exec bash -ic '"'"'"'"'"'"'"'"'source ~/.bashrc; cd /CS4803ARM_Lab/user_data/data_collection || exit 1; echo $$ > /tmp/armory_listener.pid; exec ros2 launch data_collection_new.launch.py'"'"'"'"'"'"'"'"'; fi'"'"' >> /nethome/rbansal66/CS4803ARM_Lab/user_data/armory/logs/workstation_11-listener.log 2>&1 < /dev/null & host_pid=$!; echo $host_pid > /tmp/armory_listener_docker_exec.pid; sleep 0.5; if kill -0 "$host_pid" >/dev/null 2>&1; then pid=$(docker exec piper_env cat /tmp/armory_listener.pid 2>/dev/null || echo "$host_pid"); echo '"'"'data listener started (pid '"'"'"$pid"'"'"'); log: /nethome/rbansal66/CS4803ARM_Lab/user_data/armory/logs/workstation_11-listener.log'"'"'; else rm -f /tmp/armory_listener_docker_exec.pid; echo '"'"'data listener exited immediately; check log: /nethome/rbansal66/CS4803ARM_Lab/user_data/armory/logs/workstation_11-listener.log'"'"' >&2; tail -n 20 /nethome/rbansal66/CS4803ARM_Lab/user_data/armory/logs/workstation_11-listener.log >&2 || true; exit 1; fi'
2026-04-13 16:12:14,578 [INFO] Starting Piper client with command: bash -lc 'mkdir -p /nethome/rbansal66/CS4803ARM_Lab/user_data/armory/logs; touch /nethome/rbansal66/CS4803ARM_Lab/user_data/armory/logs/workstation_11-client.log || exit 1; if ! docker ps --filter name=piper_env -q | grep -q .; then echo '"'"'piper_env is not running'"'"' >&2; exit 1; fi; if docker exec piper_env bash -lc '"'"'if [ -s /tmp/armory_client.pid ]; then pid=$(cat /tmp/armory_client.pid); kill -0 "$pid" >/dev/null 2>&1; else exit 1; fi'"'"'; then pid=$(docker exec piper_env cat /tmp/armory_client.pid); echo '"'"'Piper client already running (pid '"'"'"$pid"'"'"'); log: /nethome/rbansal66/CS4803ARM_Lab/user_data/armory/logs/workstation_11-client.log'"'"'; exit 0; fi; docker exec piper_env rm -f /tmp/armory_client.pid >/dev/null 2>&1 || true; printf '"'"'\n[%s] Starting Piper client: ros2 run piper piper_client\n'"'"' "$(date '"'"'+%F %T'"'"')" >> /nethome/rbansal66/CS4803ARM_Lab/user_data/armory/logs/workstation_11-client.log; nohup docker exec piper_env bash -lc '"'"'if command -v setsid >/dev/null 2>&1; then exec setsid bash -ic '"'"'"'"'"'"'"'"'source ~/.bashrc; cd /CS4803ARM_Lab/user_data/piper_ros || exit 1; echo $$ > /tmp/armory_client.pid; exec ros2 run piper piper_client'"'"'"'"'"'"'"'"'; else exec bash -ic '"'"'"'"'"'"'"'"'source ~/.bashrc; cd /CS4803ARM_Lab/user_data/piper_ros || exit 1; echo $$ > /tmp/armory_client.pid; exec ros2 run piper piper_client'"'"'"'"'"'"'"'"'; fi'"'"' >> /nethome/rbansal66/CS4803ARM_Lab/user_data/armory/logs/workstation_11-client.log 2>&1 < /dev/null & host_pid=$!; echo $host_pid > /tmp/armory_client_docker_exec.pid; sleep 0.5; if kill -0 "$host_pid" >/dev/null 2>&1; then pid=$(docker exec piper_env cat /tmp/armory_client.pid 2>/dev/null || echo "$host_pid"); echo '"'"'Piper client started (pid '"'"'"$pid"'"'"'); log: /nethome/rbansal66/CS4803ARM_Lab/user_data/armory/logs/workstation_11-client.log'"'"'; else rm -f /tmp/armory_client_docker_exec.pid; echo '"'"'Piper client exited immediately; check log: /nethome/rbansal66/CS4803ARM_Lab/user_data/armory/logs/workstation_11-client.log'"'"' >&2; tail -n 20 /nethome/rbansal66/CS4803ARM_Lab/user_data/armory/logs/workstation_11-client.log >&2 || true; exit 1; fi'
2026-04-13 16:13:48,420 [INFO] Stopping Piper client with command: bash -lc 'mkdir -p /nethome/rbansal66/CS4803ARM_Lab/user_data/armory/logs; touch /nethome/rbansal66/CS4803ARM_Lab/user_data/armory/logs/workstation_11-client.log || exit 1; printf '"'"'\n[%s] Stopping Piper client\n'"'"' "$(date '"'"'+%F %T'"'"')" >> /nethome/rbansal66/CS4803ARM_Lab/user_data/armory/logs/workstation_11-client.log; if docker ps --filter name=piper_env -q | grep -q .; then docker exec piper_env bash -lc '"'"'if [ -s /tmp/armory_client.pid ]; then pid=$(cat /tmp/armory_client.pid); kill -- -"$pid" >/dev/null 2>&1 || kill "$pid" >/dev/null 2>&1 || true; sleep 0.5; kill -9 -- -"$pid" >/dev/null 2>&1 || kill -9 "$pid" >/dev/null 2>&1 || true; rm -f /tmp/armory_client.pid; fi; pkill -f '"'"'"'"'"'"'"'"'[r]os2\ run\ piper\ piper_client'"'"'"'"'"'"'"'"' >/dev/null 2>&1 || true'"'"' >> /nethome/rbansal66/CS4803ARM_Lab/user_data/armory/logs/workstation_11-client.log 2>&1 || true; else echo '"'"'piper_env is not running'"'"' >> /nethome/rbansal66/CS4803ARM_Lab/user_data/armory/logs/workstation_11-client.log; fi; if [ -s /tmp/armory_client_docker_exec.pid ]; then host_pid=$(cat /tmp/armory_client_docker_exec.pid); kill "$host_pid" >/dev/null 2>&1 || true; rm -f /tmp/armory_client_docker_exec.pid; fi; echo '"'"'Piper client stopped; log: /nethome/rbansal66/CS4803ARM_Lab/user_data/armory/logs/workstation_11-client.log'"'"''
2026-04-13 16:13:53,421 [INFO] Starting Piper client with command: bash -lc 'mkdir -p /nethome/rbansal66/CS4803ARM_Lab/user_data/armory/logs; touch /nethome/rbansal66/CS4803ARM_Lab/user_data/armory/logs/workstation_11-client.log || exit 1; if ! docker ps --filter name=piper_env -q | grep -q .; then echo '"'"'piper_env is not running'"'"' >&2; exit 1; fi; if docker exec piper_env bash -lc '"'"'if [ -s /tmp/armory_client.pid ]; then pid=$(cat /tmp/armory_client.pid); kill -0 "$pid" >/dev/null 2>&1; else exit 1; fi'"'"'; then pid=$(docker exec piper_env cat /tmp/armory_client.pid); echo '"'"'Piper client already running (pid '"'"'"$pid"'"'"'); log: /nethome/rbansal66/CS4803ARM_Lab/user_data/armory/logs/workstation_11-client.log'"'"'; exit 0; fi; docker exec piper_env rm -f /tmp/armory_client.pid >/dev/null 2>&1 || true; printf '"'"'\n[%s] Starting Piper client: ros2 run piper piper_client\n'"'"' "$(date '"'"'+%F %T'"'"')" >> /nethome/rbansal66/CS4803ARM_Lab/user_data/armory/logs/workstation_11-client.log; nohup docker exec piper_env bash -lc '"'"'if command -v setsid >/dev/null 2>&1; then exec setsid bash -ic '"'"'"'"'"'"'"'"'source ~/.bashrc; cd /CS4803ARM_Lab/user_data/piper_ros || exit 1; echo $$ > /tmp/armory_client.pid; exec ros2 run piper piper_client'"'"'"'"'"'"'"'"'; else exec bash -ic '"'"'"'"'"'"'"'"'source ~/.bashrc; cd /CS4803ARM_Lab/user_data/piper_ros || exit 1; echo $$ > /tmp/armory_client.pid; exec ros2 run piper piper_client'"'"'"'"'"'"'"'"'; fi'"'"' >> /nethome/rbansal66/CS4803ARM_Lab/user_data/armory/logs/workstation_11-client.log 2>&1 < /dev/null & host_pid=$!; echo $host_pid > /tmp/armory_client_docker_exec.pid; sleep 0.5; if kill -0 "$host_pid" >/dev/null 2>&1; then pid=$(docker exec piper_env cat /tmp/armory_client.pid 2>/dev/null || echo "$host_pid"); echo '"'"'Piper client started (pid '"'"'"$pid"'"'"'); log: /nethome/rbansal66/CS4803ARM_Lab/user_data/armory/logs/workstation_11-client.log'"'"'; else rm -f /tmp/armory_client_docker_exec.pid; echo '"'"'Piper client exited immediately; check log: /nethome/rbansal66/CS4803ARM_Lab/user_data/armory/logs/workstation_11-client.log'"'"' >&2; tail -n 20 /nethome/rbansal66/CS4803ARM_Lab/user_data/armory/logs/workstation_11-client.log >&2 || true; exit 1; fi'
2026-04-13 16:16:28,589 [INFO] Stopping Piper client with command: bash -lc 'mkdir -p /nethome/rbansal66/CS4803ARM_Lab/user_data/armory/logs; touch /nethome/rbansal66/CS4803ARM_Lab/user_data/armory/logs/workstation_11-client.log || exit 1; printf '"'"'\n[%s] Stopping Piper client\n'"'"' "$(date '"'"'+%F %T'"'"')" >> /nethome/rbansal66/CS4803ARM_Lab/user_data/armory/logs/workstation_11-client.log; if docker ps --filter name=piper_env -q | grep -q .; then docker exec piper_env bash -lc '"'"'if [ -s /tmp/armory_client.pid ]; then pid=$(cat /tmp/armory_client.pid); kill -- -"$pid" >/dev/null 2>&1 || kill "$pid" >/dev/null 2>&1 || true; sleep 0.5; kill -9 -- -"$pid" >/dev/null 2>&1 || kill -9 "$pid" >/dev/null 2>&1 || true; rm -f /tmp/armory_client.pid; fi; pkill -f '"'"'"'"'"'"'"'"'[r]os2\ run\ piper\ piper_client'"'"'"'"'"'"'"'"' >/dev/null 2>&1 || true'"'"' >> /nethome/rbansal66/CS4803ARM_Lab/user_data/armory/logs/workstation_11-client.log 2>&1 || true; else echo '"'"'piper_env is not running'"'"' >> /nethome/rbansal66/CS4803ARM_Lab/user_data/armory/logs/workstation_11-client.log; fi; if [ -s /tmp/armory_client_docker_exec.pid ]; then host_pid=$(cat /tmp/armory_client_docker_exec.pid); kill "$host_pid" >/dev/null 2>&1 || true; rm -f /tmp/armory_client_docker_exec.pid; fi; echo '"'"'Piper client stopped; log: /nethome/rbansal66/CS4803ARM_Lab/user_data/armory/logs/workstation_11-client.log'"'"''
2026-04-13 16:16:43,485 [INFO] Stopping Piper client with command: bash -lc 'mkdir -p /nethome/rbansal66/CS4803ARM_Lab/user_data/armory/logs; touch /nethome/rbansal66/CS4803ARM_Lab/user_data/armory/logs/workstation_11-client.log || exit 1; printf '"'"'\n[%s] Stopping Piper client\n'"'"' "$(date '"'"'+%F %T'"'"')" >> /nethome/rbansal66/CS4803ARM_Lab/user_data/armory/logs/workstation_11-client.log; if docker ps --filter name=piper_env -q | grep -q .; then docker exec piper_env bash -lc '"'"'if [ -s /tmp/armory_client.pid ]; then pid=$(cat /tmp/armory_client.pid); kill -- -"$pid" >/dev/null 2>&1 || kill "$pid" >/dev/null 2>&1 || true; sleep 0.5; kill -9 -- -"$pid" >/dev/null 2>&1 || kill -9 "$pid" >/dev/null 2>&1 || true; rm -f /tmp/armory_client.pid; fi; pkill -f '"'"'"'"'"'"'"'"'[r]os2\ run\ piper\ piper_client'"'"'"'"'"'"'"'"' >/dev/null 2>&1 || true'"'"' >> /nethome/rbansal66/CS4803ARM_Lab/user_data/armory/logs/workstation_11-client.log 2>&1 || true; else echo '"'"'piper_env is not running'"'"' >> /nethome/rbansal66/CS4803ARM_Lab/user_data/armory/logs/workstation_11-client.log; fi; if [ -s /tmp/armory_client_docker_exec.pid ]; then host_pid=$(cat /tmp/armory_client_docker_exec.pid); kill "$host_pid" >/dev/null 2>&1 || true; rm -f /tmp/armory_client_docker_exec.pid; fi; echo '"'"'Piper client stopped; log: /nethome/rbansal66/CS4803ARM_Lab/user_data/armory/logs/workstation_11-client.log'"'"''
2026-04-13 16:17:55,395 [INFO] Stopping data listener with command: bash -lc 'mkdir -p /nethome/rbansal66/CS4803ARM_Lab/user_data/armory/logs; touch /nethome/rbansal66/CS4803ARM_Lab/user_data/armory/logs/workstation_11-listener.log || exit 1; printf '"'"'\n[%s] Stopping data listener\n'"'"' "$(date '"'"'+%F %T'"'"')" >> /nethome/rbansal66/CS4803ARM_Lab/user_data/armory/logs/workstation_11-listener.log; if docker ps --filter name=piper_env -q | grep -q .; then docker exec piper_env bash -lc '"'"'if [ -s /tmp/armory_listener.pid ]; then pid=$(cat /tmp/armory_listener.pid); kill -- -"$pid" >/dev/null 2>&1 || kill "$pid" >/dev/null 2>&1 || true; sleep 0.5; kill -9 -- -"$pid" >/dev/null 2>&1 || kill -9 "$pid" >/dev/null 2>&1 || true; rm -f /tmp/armory_listener.pid; fi; pkill -f '"'"'"'"'"'"'"'"'[r]os2\ launch\ data_collection_new\.launch\.py'"'"'"'"'"'"'"'"' >/dev/null 2>&1 || true'"'"' >> /nethome/rbansal66/CS4803ARM_Lab/user_data/armory/logs/workstation_11-listener.log 2>&1 || true; else echo '"'"'piper_env is not running'"'"' >> /nethome/rbansal66/CS4803ARM_Lab/user_data/armory/logs/workstation_11-listener.log; fi; if [ -s /tmp/armory_listener_docker_exec.pid ]; then host_pid=$(cat /tmp/armory_listener_docker_exec.pid); kill "$host_pid" >/dev/null 2>&1 || true; rm -f /tmp/armory_listener_docker_exec.pid; fi; echo '"'"'data listener stopped; log: /nethome/rbansal66/CS4803ARM_Lab/user_data/armory/logs/workstation_11-listener.log'"'"''
2026-04-13 16:18:02,047 [INFO] Killing tunnel with command: bash -lc 'ssh -S /tmp/armory_tunnel_dynamics_8080.sock -O exit rbansal66@dynamics >/dev/null 2>&1 || true; rm -f /tmp/armory_tunnel_dynamics_8080.sock; if command -v pkill >/dev/null 2>&1; then pkill -f '"'"'[s]sh .* -L 8080:dynamics:8080 .*rbansal66@dynamics'"'"' >/dev/null 2>&1 || true; fi; echo '"'"'Tunnel stopped'"'"''
2026-04-13 16:18:14,571 [INFO] Executing: docker exec piper_env bash -ic 'source ~/.bashrc && p goto reset'
2026-04-13 16:18:16,485 [INFO] stdout: Go to reset complete.
2026-04-13 16:18:16,485 [WARNING] stderr: bash: cannot set terminal process group (-1): Inappropriate ioctl for device
bash: no job control in this shell
2026-04-13 16:18:17,695 [INFO] Executing: docker exec piper_env bash -ic 'source ~/.bashrc && p disable'
2026-04-13 16:18:19,007 [INFO] stdout: 失能成功!!!!
Piper disable sequence complete.
2026-04-13 16:18:19,007 [WARNING] stderr: bash: cannot set terminal process group (-1): Inappropriate ioctl for device
bash: no job control in this shell
2026-04-13 16:33:59,322 [INFO] Docker container running — status: booted
2026-04-13 17:44:55,427 [INFO] Executing: docker exec piper_env bash -ic 'source ~/.bashrc && p enable'
2026-04-13 17:44:56,432 [INFO] stdout: 使能成功!!!!
Piper enable sequence complete.
2026-04-13 17:44:56,432 [WARNING] stderr: bash: cannot set terminal process group (-1): Inappropriate ioctl for device
bash: no job control in this shell
bash: /piper_sdk/piper_sdk/can_activate.sh can0 1000000: No such file or directory
2026-04-13 17:44:56,836 [INFO] Executing: docker exec piper_env bash -ic 'source ~/.bashrc && p goto init'
2026-04-13 17:44:58,446 [INFO] stdout: Go to init complete.
2026-04-13 17:44:58,446 [WARNING] stderr: bash: cannot set terminal process group (-1): Inappropriate ioctl for device
bash: no job control in this shell
2026-04-13 17:57:46,354 [INFO] Executing: docker exec piper_env bash -ic 'source ~/.bashrc && p goto reset'
2026-04-13 17:57:48,267 [INFO] stdout: Go to reset complete.
2026-04-13 17:57:48,267 [WARNING] stderr: bash: cannot set terminal process group (-1): Inappropriate ioctl for device
bash: no job control in this shell
2026-04-13 17:57:48,569 [INFO] Executing: docker exec piper_env bash -ic 'source ~/.bashrc && p disable'
2026-04-13 17:57:50,176 [INFO] stdout: 失能成功!!!!
Piper disable sequence complete.
2026-04-13 17:57:50,176 [WARNING] stderr: bash: cannot set terminal process group (-1): Inappropriate ioctl for device
bash: no job control in this shell
2026-04-13 18:12:53,652 [INFO] Executing: docker exec piper_env bash -ic 'source ~/.bashrc && p enable'
2026-04-13 18:12:54,757 [INFO] stdout: 使能成功!!!!
Piper enable sequence complete.
2026-04-13 18:12:54,757 [WARNING] stderr: bash: cannot set terminal process group (-1): Inappropriate ioctl for device
bash: no job control in this shell
bash: /piper_sdk/piper_sdk/can_activate.sh can0 1000000: No such file or directory
2026-04-13 18:12:55,164 [INFO] Executing: docker exec piper_env bash -ic 'source ~/.bashrc && p goto init'
2026-04-13 18:12:56,872 [INFO] stdout: Go to init complete.
2026-04-13 18:12:56,872 [WARNING] stderr: bash: cannot set terminal process group (-1): Inappropriate ioctl for device
bash: no job control in this shell
2026-04-13 18:13:02,441 [INFO] Starting tunnel with command: bash -lc 'mkdir -p /tmp; if ssh -S /tmp/armory_tunnel_dynamics_8080.sock -O check rbansal66@dynamics >/dev/null 2>&1; then echo '"'"'Tunnel already running'"'"'; exit 0; fi; rm -f /tmp/armory_tunnel_dynamics_8080.sock; ssh -f -N -M -S /tmp/armory_tunnel_dynamics_8080.sock -o ExitOnForwardFailure=yes -o ServerAliveInterval=30 -o ServerAliveCountMax=3 -L 8080:dynamics:8080 -J rbansal66@sky1.cc.gatech.edu rbansal66@dynamics; echo '"'"'Tunnel started'"'"''
2026-04-13 18:13:11,152 [INFO] Starting data listener with command: bash -lc 'mkdir -p /nethome/rbansal66/CS4803ARM_Lab/user_data/armory/logs; touch /nethome/rbansal66/CS4803ARM_Lab/user_data/armory/logs/workstation_11-listener.log || exit 1; if ! docker ps --filter name=piper_env -q | grep -q .; then echo '"'"'piper_env is not running'"'"' >&2; exit 1; fi; if docker exec piper_env bash -lc '"'"'if [ -s /tmp/armory_listener.pid ]; then pid=$(cat /tmp/armory_listener.pid); kill -0 "$pid" >/dev/null 2>&1; else exit 1; fi'"'"'; then pid=$(docker exec piper_env cat /tmp/armory_listener.pid); echo '"'"'data listener already running (pid '"'"'"$pid"'"'"'); log: /nethome/rbansal66/CS4803ARM_Lab/user_data/armory/logs/workstation_11-listener.log'"'"'; exit 0; fi; docker exec piper_env rm -f /tmp/armory_listener.pid >/dev/null 2>&1 || true; printf '"'"'\n[%s] Starting data listener: ros2 launch data_collection_new.launch.py\n'"'"' "$(date '"'"'+%F %T'"'"')" >> /nethome/rbansal66/CS4803ARM_Lab/user_data/armory/logs/workstation_11-listener.log; nohup docker exec piper_env bash -lc '"'"'if command -v setsid >/dev/null 2>&1; then exec setsid bash -ic '"'"'"'"'"'"'"'"'source ~/.bashrc; cd /CS4803ARM_Lab/user_data/data_collection || exit 1; echo $$ > /tmp/armory_listener.pid; exec ros2 launch data_collection_new.launch.py'"'"'"'"'"'"'"'"'; else exec bash -ic '"'"'"'"'"'"'"'"'source ~/.bashrc; cd /CS4803ARM_Lab/user_data/data_collection || exit 1; echo $$ > /tmp/armory_listener.pid; exec ros2 launch data_collection_new.launch.py'"'"'"'"'"'"'"'"'; fi'"'"' >> /nethome/rbansal66/CS4803ARM_Lab/user_data/armory/logs/workstation_11-listener.log 2>&1 < /dev/null & host_pid=$!; echo $host_pid > /tmp/armory_listener_docker_exec.pid; sleep 0.5; if kill -0 "$host_pid" >/dev/null 2>&1; then pid=$(docker exec piper_env cat /tmp/armory_listener.pid 2>/dev/null || echo "$host_pid"); echo '"'"'data listener started (pid '"'"'"$pid"'"'"'); log: /nethome/rbansal66/CS4803ARM_Lab/user_data/armory/logs/workstation_11-listener.log'"'"'; else rm -f /tmp/armory_listener_docker_exec.pid; echo '"'"'data listener exited immediately; check log: /nethome/rbansal66/CS4803ARM_Lab/user_data/armory/logs/workstation_11-listener.log'"'"' >&2; tail -n 20 /nethome/rbansal66/CS4803ARM_Lab/user_data/armory/logs/workstation_11-listener.log >&2 || true; exit 1; fi'
2026-04-13 18:13:33,672 [INFO] Killing tunnel with command: bash -lc 'ssh -S /tmp/armory_tunnel_dynamics_8080.sock -O exit rbansal66@dynamics >/dev/null 2>&1 || true; rm -f /tmp/armory_tunnel_dynamics_8080.sock; if command -v pkill >/dev/null 2>&1; then pkill -f '"'"'[s]sh .* -L 8080:dynamics:8080 .*rbansal66@dynamics'"'"' >/dev/null 2>&1 || true; fi; echo '"'"'Tunnel stopped'"'"''
2026-04-13 18:13:43,409 [INFO] Docker container running — status: booted
2026-04-13 18:13:54,830 [INFO] Starting data listener with command: bash -lc 'mkdir -p /nethome/rbansal66/CS4803ARM_Lab/user_data/armory/logs; touch /nethome/rbansal66/CS4803ARM_Lab/user_data/armory/logs/workstation_11-listener.log || exit 1; if ! docker ps --filter name=piper_env -q | grep -q .; then echo '"'"'piper_env is not running'"'"' >&2; exit 1; fi; if docker exec piper_env bash -lc '"'"'if [ -s /tmp/armory_listener.pid ]; then pid=$(cat /tmp/armory_listener.pid); kill -0 "$pid" >/dev/null 2>&1; else exit 1; fi'"'"'; then pid=$(docker exec piper_env cat /tmp/armory_listener.pid); echo '"'"'data listener already running (pid '"'"'"$pid"'"'"'); log: /nethome/rbansal66/CS4803ARM_Lab/user_data/armory/logs/workstation_11-listener.log'"'"'; exit 0; fi; docker exec piper_env rm -f /tmp/armory_listener.pid >/dev/null 2>&1 || true; printf '"'"'\n[%s] Starting data listener: ros2 launch run_follower.launch.py\n'"'"' "$(date '"'"'+%F %T'"'"')" >> /nethome/rbansal66/CS4803ARM_Lab/user_data/armory/logs/workstation_11-listener.log; nohup docker exec piper_env bash -lc '"'"'if command -v setsid >/dev/null 2>&1; then exec setsid bash -ic '"'"'"'"'"'"'"'"'source ~/.bashrc; cd /CS4803ARM_Lab/user_data/data_collection || exit 1; echo $$ > /tmp/armory_listener.pid; exec ros2 launch run_follower.launch.py'"'"'"'"'"'"'"'"'; else exec bash -ic '"'"'"'"'"'"'"'"'source ~/.bashrc; cd /CS4803ARM_Lab/user_data/data_collection || exit 1; echo $$ > /tmp/armory_listener.pid; exec ros2 launch run_follower.launch.py'"'"'"'"'"'"'"'"'; fi'"'"' >> /nethome/rbansal66/CS4803ARM_Lab/user_data/armory/logs/workstation_11-listener.log 2>&1 < /dev/null & host_pid=$!; echo $host_pid > /tmp/armory_listener_docker_exec.pid; sleep 0.5; if kill -0 "$host_pid" >/dev/null 2>&1; then pid=$(docker exec piper_env cat /tmp/armory_listener.pid 2>/dev/null || echo "$host_pid"); echo '"'"'data listener started (pid '"'"'"$pid"'"'"'); log: /nethome/rbansal66/CS4803ARM_Lab/user_data/armory/logs/workstation_11-listener.log'"'"'; else rm -f /tmp/armory_listener_docker_exec.pid; echo '"'"'data listener exited immediately; check log: /nethome/rbansal66/CS4803ARM_Lab/user_data/armory/logs/workstation_11-listener.log'"'"' >&2; tail -n 20 /nethome/rbansal66/CS4803ARM_Lab/user_data/armory/logs/workstation_11-listener.log >&2 || true; exit 1; fi'
2026-04-13 18:14:04,398 [INFO] Stopping data listener with command: bash -lc 'mkdir -p /nethome/rbansal66/CS4803ARM_Lab/user_data/armory/logs; touch /nethome/rbansal66/CS4803ARM_Lab/user_data/armory/logs/workstation_11-listener.log || exit 1; printf '"'"'\n[%s] Stopping data listener\n'"'"' "$(date '"'"'+%F %T'"'"')" >> /nethome/rbansal66/CS4803ARM_Lab/user_data/armory/logs/workstation_11-listener.log; if docker ps --filter name=piper_env -q | grep -q .; then docker exec piper_env bash -lc '"'"'if [ -s /tmp/armory_listener.pid ]; then pid=$(cat /tmp/armory_listener.pid); kill -- -"$pid" >/dev/null 2>&1 || kill "$pid" >/dev/null 2>&1 || true; sleep 0.5; kill -9 -- -"$pid" >/dev/null 2>&1 || kill -9 "$pid" >/dev/null 2>&1 || true; rm -f /tmp/armory_listener.pid; fi; pkill -f '"'"'"'"'"'"'"'"'[r]os2\ launch\ run_follower\.launch\.py'"'"'"'"'"'"'"'"' >/dev/null 2>&1 || true'"'"' >> /nethome/rbansal66/CS4803ARM_Lab/user_data/armory/logs/workstation_11-listener.log 2>&1 || true; else echo '"'"'piper_env is not running'"'"' >> /nethome/rbansal66/CS4803ARM_Lab/user_data/armory/logs/workstation_11-listener.log; fi; if [ -s /tmp/armory_listener_docker_exec.pid ]; then host_pid=$(cat /tmp/armory_listener_docker_exec.pid); kill "$host_pid" >/dev/null 2>&1 || true; rm -f /tmp/armory_listener_docker_exec.pid; fi; echo '"'"'data listener stopped; log: /nethome/rbansal66/CS4803ARM_Lab/user_data/armory/logs/workstation_11-listener.log'"'"''
2026-04-13 18:14:13,042 [INFO] Starting data listener with command: bash -lc 'mkdir -p /nethome/rbansal66/CS4803ARM_Lab/user_data/armory/logs; touch /nethome/rbansal66/CS4803ARM_Lab/user_data/armory/logs/workstation_11-listener.log || exit 1; if ! docker ps --filter name=piper_env -q | grep -q .; then echo '"'"'piper_env is not running'"'"' >&2; exit 1; fi; if docker exec piper_env bash -lc '"'"'if [ -s /tmp/armory_listener.pid ]; then pid=$(cat /tmp/armory_listener.pid); kill -0 "$pid" >/dev/null 2>&1; else exit 1; fi'"'"'; then pid=$(docker exec piper_env cat /tmp/armory_listener.pid); echo '"'"'data listener already running (pid '"'"'"$pid"'"'"'); log: /nethome/rbansal66/CS4803ARM_Lab/user_data/armory/logs/workstation_11-listener.log'"'"'; exit 0; fi; docker exec piper_env rm -f /tmp/armory_listener.pid >/dev/null 2>&1 || true; printf '"'"'\n[%s] Starting data listener: ros2 launch run_follower.launch.py\n'"'"' "$(date '"'"'+%F %T'"'"')" >> /nethome/rbansal66/CS4803ARM_Lab/user_data/armory/logs/workstation_11-listener.log; nohup docker exec piper_env bash -lc '"'"'if command -v setsid >/dev/null 2>&1; then exec setsid bash -ic '"'"'"'"'"'"'"'"'source ~/.bashrc; cd /CS4803ARM_Lab/user_data/data_collection || exit 1; echo $$ > /tmp/armory_listener.pid; exec ros2 launch run_follower.launch.py'"'"'"'"'"'"'"'"'; else exec bash -ic '"'"'"'"'"'"'"'"'source ~/.bashrc; cd /CS4803ARM_Lab/user_data/data_collection || exit 1; echo $$ > /tmp/armory_listener.pid; exec ros2 launch run_follower.launch.py'"'"'"'"'"'"'"'"'; fi'"'"' >> /nethome/rbansal66/CS4803ARM_Lab/user_data/armory/logs/workstation_11-listener.log 2>&1 < /dev/null & host_pid=$!; echo $host_pid > /tmp/armory_listener_docker_exec.pid; sleep 0.5; if kill -0 "$host_pid" >/dev/null 2>&1; then pid=$(docker exec piper_env cat /tmp/armory_listener.pid 2>/dev/null || echo "$host_pid"); echo '"'"'data listener started (pid '"'"'"$pid"'"'"'); log: /nethome/rbansal66/CS4803ARM_Lab/user_data/armory/logs/workstation_11-listener.log'"'"'; else rm -f /tmp/armory_listener_docker_exec.pid; echo '"'"'data listener exited immediately; check log: /nethome/rbansal66/CS4803ARM_Lab/user_data/armory/logs/workstation_11-listener.log'"'"' >&2; tail -n 20 /nethome/rbansal66/CS4803ARM_Lab/user_data/armory/logs/workstation_11-listener.log >&2 || true; exit 1; fi'
2026-04-13 18:14:27,720 [INFO] Starting tunnel with command: bash -lc 'mkdir -p /tmp; if ssh -S /tmp/armory_tunnel_dynamics_8080.sock -O check rbansal66@dynamics >/dev/null 2>&1; then echo '"'"'Tunnel already running'"'"'; exit 0; fi; rm -f /tmp/armory_tunnel_dynamics_8080.sock; ssh -f -N -M -S /tmp/armory_tunnel_dynamics_8080.sock -o ExitOnForwardFailure=yes -o ServerAliveInterval=30 -o ServerAliveCountMax=3 -L 8080:dynamics:8080 -J rbansal66@sky1.cc.gatech.edu rbansal66@dynamics; echo '"'"'Tunnel started'"'"''
2026-04-13 18:14:33,054 [INFO] Starting Piper client with command: bash -lc 'mkdir -p /nethome/rbansal66/CS4803ARM_Lab/user_data/armory/logs; touch /nethome/rbansal66/CS4803ARM_Lab/user_data/armory/logs/workstation_11-client.log || exit 1; if ! docker ps --filter name=piper_env -q | grep -q .; then echo '"'"'piper_env is not running'"'"' >&2; exit 1; fi; if docker exec piper_env bash -lc '"'"'if [ -s /tmp/armory_client.pid ]; then pid=$(cat /tmp/armory_client.pid); kill -0 "$pid" >/dev/null 2>&1; else exit 1; fi'"'"'; then pid=$(docker exec piper_env cat /tmp/armory_client.pid); echo '"'"'Piper client already running (pid '"'"'"$pid"'"'"'); log: /nethome/rbansal66/CS4803ARM_Lab/user_data/armory/logs/workstation_11-client.log'"'"'; exit 0; fi; docker exec piper_env rm -f /tmp/armory_client.pid >/dev/null 2>&1 || true; printf '"'"'\n[%s] Starting Piper client: ros2 run piper piper_client\n'"'"' "$(date '"'"'+%F %T'"'"')" >> /nethome/rbansal66/CS4803ARM_Lab/user_data/armory/logs/workstation_11-client.log; nohup docker exec piper_env bash -lc '"'"'if command -v setsid >/dev/null 2>&1; then exec setsid bash -ic '"'"'"'"'"'"'"'"'source ~/.bashrc; cd /CS4803ARM_Lab/user_data/piper_ros || exit 1; echo $$ > /tmp/armory_client.pid; exec ros2 run piper piper_client'"'"'"'"'"'"'"'"'; else exec bash -ic '"'"'"'"'"'"'"'"'source ~/.bashrc; cd /CS4803ARM_Lab/user_data/piper_ros || exit 1; echo $$ > /tmp/armory_client.pid; exec ros2 run piper piper_client'"'"'"'"'"'"'"'"'; fi'"'"' >> /nethome/rbansal66/CS4803ARM_Lab/user_data/armory/logs/workstation_11-client.log 2>&1 < /dev/null & host_pid=$!; echo $host_pid > /tmp/armory_client_docker_exec.pid; sleep 0.5; if kill -0 "$host_pid" >/dev/null 2>&1; then pid=$(docker exec piper_env cat /tmp/armory_client.pid 2>/dev/null || echo "$host_pid"); echo '"'"'Piper client started (pid '"'"'"$pid"'"'"'); log: /nethome/rbansal66/CS4803ARM_Lab/user_data/armory/logs/workstation_11-client.log'"'"'; else rm -f /tmp/armory_client_docker_exec.pid; echo '"'"'Piper client exited immediately; check log: /nethome/rbansal66/CS4803ARM_Lab/user_data/armory/logs/workstation_11-client.log'"'"' >&2; tail -n 20 /nethome/rbansal66/CS4803ARM_Lab/user_data/armory/logs/workstation_11-client.log >&2 || true; exit 1; fi'
2026-04-13 18:14:44,596 [INFO] Docker container running — status: booted
2026-04-13 18:15:00,423 [INFO] Stopping Piper client with command: bash -lc 'mkdir -p /nethome/rbansal66/CS4803ARM_Lab/user_data/armory/logs; touch /nethome/rbansal66/CS4803ARM_Lab/user_data/armory/logs/workstation_11-client.log || exit 1; printf '"'"'\n[%s] Stopping Piper client\n'"'"' "$(date '"'"'+%F %T'"'"')" >> /nethome/rbansal66/CS4803ARM_Lab/user_data/armory/logs/workstation_11-client.log; if docker ps --filter name=piper_env -q | grep -q .; then docker exec piper_env bash -lc '"'"'if [ -s /tmp/armory_client.pid ]; then pid=$(cat /tmp/armory_client.pid); kill -- -"$pid" >/dev/null 2>&1 || kill "$pid" >/dev/null 2>&1 || true; sleep 0.5; kill -9 -- -"$pid" >/dev/null 2>&1 || kill -9 "$pid" >/dev/null 2>&1 || true; rm -f /tmp/armory_client.pid; fi; pkill -f '"'"'"'"'"'"'"'"'[r]os2\ run\ piper\ piper_client'"'"'"'"'"'"'"'"' >/dev/null 2>&1 || true'"'"' >> /nethome/rbansal66/CS4803ARM_Lab/user_data/armory/logs/workstation_11-client.log 2>&1 || true; else echo '"'"'piper_env is not running'"'"' >> /nethome/rbansal66/CS4803ARM_Lab/user_data/armory/logs/workstation_11-client.log; fi; if [ -s /tmp/armory_client_docker_exec.pid ]; then host_pid=$(cat /tmp/armory_client_docker_exec.pid); kill "$host_pid" >/dev/null 2>&1 || true; rm -f /tmp/armory_client_docker_exec.pid; fi; echo '"'"'Piper client stopped; log: /nethome/rbansal66/CS4803ARM_Lab/user_data/armory/logs/workstation_11-client.log'"'"''
2026-04-13 18:15:20,734 [INFO] Executing: docker exec piper_env bash -ic 'source ~/.bashrc && p goto reset'
2026-04-13 18:15:22,442 [INFO] stdout: Go to reset complete.
2026-04-13 18:15:22,442 [WARNING] stderr: bash: cannot set terminal process group (-1): Inappropriate ioctl for device
bash: no job control in this shell
2026-04-13 18:15:22,745 [INFO] Executing: docker exec piper_env bash -ic 'source ~/.bashrc && p disable'
2026-04-13 18:15:23,953 [INFO] stdout: 失能成功!!!!
Piper disable sequence complete.
2026-04-13 18:15:23,953 [WARNING] stderr: bash: cannot set terminal process group (-1): Inappropriate ioctl for device
bash: no job control in this shell
2026-04-13 18:16:01,001 [INFO] Executing: docker exec piper_env bash -ic 'source ~/.bashrc && p goto reset'
2026-04-13 18:16:02,710 [INFO] stdout: Go to reset complete.
2026-04-13 18:16:02,710 [WARNING] stderr: bash: cannot set terminal process group (-1): Inappropriate ioctl for device
bash: no job control in this shell
2026-04-13 18:16:03,012 [INFO] Executing: docker exec piper_env bash -ic 'source ~/.bashrc && p disable'
2026-04-13 18:16:04,521 [INFO] stdout: 失能成功!!!!
Piper disable sequence complete.
2026-04-13 18:16:04,522 [WARNING] stderr: bash: cannot set terminal process group (-1): Inappropriate ioctl for device
bash: no job control in this shell
2026-04-13 18:16:04,623 [INFO] Killing tunnel with command: bash -lc 'ssh -S /tmp/armory_tunnel_dynamics_8080.sock -O exit rbansal66@dynamics >/dev/null 2>&1 || true; rm -f /tmp/armory_tunnel_dynamics_8080.sock; if command -v pkill >/dev/null 2>&1; then pkill -f '"'"'[s]sh .* -L 8080:dynamics:8080 .*rbansal66@dynamics'"'"' >/dev/null 2>&1 || true; fi; echo '"'"'Tunnel stopped'"'"''
2026-04-13 18:16:05,931 [INFO] Container stopped and removed
2026-04-13 18:16:31,658 [INFO] Starting Docker container in detached mode
2026-04-13 18:16:32,160 [INFO] docker run output: 45c05b4b1d303e0658d56fb676f162b15528e9db955a42daef823865e4064759
2026-04-13 18:16:34,572 [INFO] Container started successfully
2026-04-13 18:16:41,850 [INFO] Executing: docker exec piper_env bash -ic 'source ~/.bashrc && p enable'
2026-04-13 18:16:42,659 [INFO] stdout: 使能成功!!!!
Piper enable sequence complete.
2026-04-13 18:16:42,659 [WARNING] stderr: bash: cannot set terminal process group (-1): Inappropriate ioctl for device
bash: no job control in this shell
bash: /piper_sdk/piper_sdk/can_activate.sh can0 1000000: No such file or directory
2026-04-13 18:16:42,961 [INFO] Executing: docker exec piper_env bash -ic 'source ~/.bashrc && p goto init'
2026-04-13 18:16:44,670 [INFO] stdout: Go to init complete.
2026-04-13 18:16:44,670 [WARNING] stderr: bash: cannot set terminal process group (-1): Inappropriate ioctl for device
bash: no job control in this shell
2026-04-13 18:16:47,906 [INFO] Starting tunnel with command: bash -lc 'mkdir -p /tmp; if ssh -S /tmp/armory_tunnel_dynamics_8080.sock -O check rbansal66@dynamics >/dev/null 2>&1; then echo '"'"'Tunnel already running'"'"'; exit 0; fi; rm -f /tmp/armory_tunnel_dynamics_8080.sock; ssh -f -N -M -S /tmp/armory_tunnel_dynamics_8080.sock -o ExitOnForwardFailure=yes -o ServerAliveInterval=30 -o ServerAliveCountMax=3 -L 8080:dynamics:8080 -J rbansal66@sky1.cc.gatech.edu rbansal66@dynamics; echo '"'"'Tunnel started'"'"''
2026-04-13 18:16:53,769 [INFO] Starting data listener with command: bash -lc 'mkdir -p /nethome/rbansal66/CS4803ARM_Lab/user_data/armory/logs; touch /nethome/rbansal66/CS4803ARM_Lab/user_data/armory/logs/workstation_11-listener.log || exit 1; if ! docker ps --filter name=piper_env -q | grep -q .; then echo '"'"'piper_env is not running'"'"' >&2; exit 1; fi; if docker exec piper_env bash -lc '"'"'if [ -s /tmp/armory_listener.pid ]; then pid=$(cat /tmp/armory_listener.pid); kill -0 "$pid" >/dev/null 2>&1; else exit 1; fi'"'"'; then pid=$(docker exec piper_env cat /tmp/armory_listener.pid); echo '"'"'data listener already running (pid '"'"'"$pid"'"'"'); log: /nethome/rbansal66/CS4803ARM_Lab/user_data/armory/logs/workstation_11-listener.log'"'"'; exit 0; fi; docker exec piper_env rm -f /tmp/armory_listener.pid >/dev/null 2>&1 || true; printf '"'"'\n[%s] Starting data listener: ros2 launch run_follower.launch.py\n'"'"' "$(date '"'"'+%F %T'"'"')" >> /nethome/rbansal66/CS4803ARM_Lab/user_data/armory/logs/workstation_11-listener.log; nohup docker exec piper_env bash -lc '"'"'if command -v setsid >/dev/null 2>&1; then exec setsid bash -ic '"'"'"'"'"'"'"'"'source ~/.bashrc; cd /CS4803ARM_Lab/user_data/data_collection || exit 1; echo $$ > /tmp/armory_listener.pid; exec ros2 launch run_follower.launch.py'"'"'"'"'"'"'"'"'; else exec bash -ic '"'"'"'"'"'"'"'"'source ~/.bashrc; cd /CS4803ARM_Lab/user_data/data_collection || exit 1; echo $$ > /tmp/armory_listener.pid; exec ros2 launch run_follower.launch.py'"'"'"'"'"'"'"'"'; fi'"'"' >> /nethome/rbansal66/CS4803ARM_Lab/user_data/armory/logs/workstation_11-listener.log 2>&1 < /dev/null & host_pid=$!; echo $host_pid > /tmp/armory_listener_docker_exec.pid; sleep 0.5; if kill -0 "$host_pid" >/dev/null 2>&1; then pid=$(docker exec piper_env cat /tmp/armory_listener.pid 2>/dev/null || echo "$host_pid"); echo '"'"'data listener started (pid '"'"'"$pid"'"'"'); log: /nethome/rbansal66/CS4803ARM_Lab/user_data/armory/logs/workstation_11-listener.log'"'"'; else rm -f /tmp/armory_listener_docker_exec.pid; echo '"'"'data listener exited immediately; check log: /nethome/rbansal66/CS4803ARM_Lab/user_data/armory/logs/workstation_11-listener.log'"'"' >&2; tail -n 20 /nethome/rbansal66/CS4803ARM_Lab/user_data/armory/logs/workstation_11-listener.log >&2 || true; exit 1; fi'
2026-04-13 18:17:11,035 [INFO] Starting Piper client with command: bash -lc 'mkdir -p /nethome/rbansal66/CS4803ARM_Lab/user_data/armory/logs; touch /nethome/rbansal66/CS4803ARM_Lab/user_data/armory/logs/workstation_11-client.log || exit 1; if ! docker ps --filter name=piper_env -q | grep -q .; then echo '"'"'piper_env is not running'"'"' >&2; exit 1; fi; if docker exec piper_env bash -lc '"'"'if [ -s /tmp/armory_client.pid ]; then pid=$(cat /tmp/armory_client.pid); kill -0 "$pid" >/dev/null 2>&1; else exit 1; fi'"'"'; then pid=$(docker exec piper_env cat /tmp/armory_client.pid); echo '"'"'Piper client already running (pid '"'"'"$pid"'"'"'); log: /nethome/rbansal66/CS4803ARM_Lab/user_data/armory/logs/workstation_11-client.log'"'"'; exit 0; fi; docker exec piper_env rm -f /tmp/armory_client.pid >/dev/null 2>&1 || true; printf '"'"'\n[%s] Starting Piper client: ros2 run piper piper_client\n'"'"' "$(date '"'"'+%F %T'"'"')" >> /nethome/rbansal66/CS4803ARM_Lab/user_data/armory/logs/workstation_11-client.log; nohup docker exec piper_env bash -lc '"'"'if command -v setsid >/dev/null 2>&1; then exec setsid bash -ic '"'"'"'"'"'"'"'"'source ~/.bashrc; cd /CS4803ARM_Lab/user_data/piper_ros || exit 1; echo $$ > /tmp/armory_client.pid; exec ros2 run piper piper_client'"'"'"'"'"'"'"'"'; else exec bash -ic '"'"'"'"'"'"'"'"'source ~/.bashrc; cd /CS4803ARM_Lab/user_data/piper_ros || exit 1; echo $$ > /tmp/armory_client.pid; exec ros2 run piper piper_client'"'"'"'"'"'"'"'"'; fi'"'"' >> /nethome/rbansal66/CS4803ARM_Lab/user_data/armory/logs/workstation_11-client.log 2>&1 < /dev/null & host_pid=$!; echo $host_pid > /tmp/armory_client_docker_exec.pid; sleep 0.5; if kill -0 "$host_pid" >/dev/null 2>&1; then pid=$(docker exec piper_env cat /tmp/armory_client.pid 2>/dev/null || echo "$host_pid"); echo '"'"'Piper client started (pid '"'"'"$pid"'"'"'); log: /nethome/rbansal66/CS4803ARM_Lab/user_data/armory/logs/workstation_11-client.log'"'"'; else rm -f /tmp/armory_client_docker_exec.pid; echo '"'"'Piper client exited immediately; check log: /nethome/rbansal66/CS4803ARM_Lab/user_data/armory/logs/workstation_11-client.log'"'"' >&2; tail -n 20 /nethome/rbansal66/CS4803ARM_Lab/user_data/armory/logs/workstation_11-client.log >&2 || true; exit 1; fi'
2026-04-13 18:17:21,897 [INFO] Docker container running — status: booted
2026-04-13 18:17:42,697 [INFO] Stopping Piper client with command: bash -lc 'mkdir -p /nethome/rbansal66/CS4803ARM_Lab/user_data/armory/logs; touch /nethome/rbansal66/CS4803ARM_Lab/user_data/armory/logs/workstation_11-client.log || exit 1; printf '"'"'\n[%s] Stopping Piper client\n'"'"' "$(date '"'"'+%F %T'"'"')" >> /nethome/rbansal66/CS4803ARM_Lab/user_data/armory/logs/workstation_11-client.log; if docker ps --filter name=piper_env -q | grep -q .; then docker exec piper_env bash -lc '"'"'if [ -s /tmp/armory_client.pid ]; then pid=$(cat /tmp/armory_client.pid); kill -- -"$pid" >/dev/null 2>&1 || kill "$pid" >/dev/null 2>&1 || true; sleep 0.5; kill -9 -- -"$pid" >/dev/null 2>&1 || kill -9 "$pid" >/dev/null 2>&1 || true; rm -f /tmp/armory_client.pid; fi; pkill -f '"'"'"'"'"'"'"'"'[r]os2\ run\ piper\ piper_client'"'"'"'"'"'"'"'"' >/dev/null 2>&1 || true'"'"' >> /nethome/rbansal66/CS4803ARM_Lab/user_data/armory/logs/workstation_11-client.log 2>&1 || true; else echo '"'"'piper_env is not running'"'"' >> /nethome/rbansal66/CS4803ARM_Lab/user_data/armory/logs/workstation_11-client.log; fi; if [ -s /tmp/armory_client_docker_exec.pid ]; then host_pid=$(cat /tmp/armory_client_docker_exec.pid); kill "$host_pid" >/dev/null 2>&1 || true; rm -f /tmp/armory_client_docker_exec.pid; fi; echo '"'"'Piper client stopped; log: /nethome/rbansal66/CS4803ARM_Lab/user_data/armory/logs/workstation_11-client.log'"'"''
2026-04-13 18:35:20,214 [INFO] Executing: docker exec piper_env bash -ic 'source ~/.bashrc && p enable'
2026-04-13 18:35:21,319 [INFO] stdout: 使能成功!!!!
Piper enable sequence complete.
2026-04-13 18:35:21,320 [WARNING] stderr: bash: cannot set terminal process group (-1): Inappropriate ioctl for device
bash: no job control in this shell
bash: /piper_sdk/piper_sdk/can_activate.sh can0 1000000: No such file or directory
2026-04-13 18:35:21,724 [INFO] Executing: docker exec piper_env bash -ic 'source ~/.bashrc && p goto init'
2026-04-13 18:35:23,434 [INFO] stdout: Go to init complete.
2026-04-13 18:35:23,535 [WARNING] stderr: bash: cannot set terminal process group (-1): Inappropriate ioctl for device
bash: no job control in this shell
2026-04-13 18:36:25,182 [INFO] Killing tunnel with command: bash -lc 'ssh -S /tmp/armory_tunnel_dynamics_8080.sock -O exit rbansal66@dynamics >/dev/null 2>&1 || true; rm -f /tmp/armory_tunnel_dynamics_8080.sock; if command -v pkill >/dev/null 2>&1; then pkill -f '"'"'[s]sh .* -L 8080:dynamics:8080 .*rbansal66@dynamics'"'"' >/dev/null 2>&1 || true; fi; echo '"'"'Tunnel stopped'"'"''
2026-04-13 18:39:03,313 [INFO] Executing: docker exec piper_env bash -ic 'source ~/.bashrc && p goto reset'
2026-04-13 18:39:04,923 [INFO] stdout: Go to reset complete.
2026-04-13 18:39:05,124 [WARNING] stderr: bash: cannot set terminal process group (-1): Inappropriate ioctl for device
bash: no job control in this shell
2026-04-13 18:39:05,529 [INFO] Executing: docker exec piper_env bash -ic 'source ~/.bashrc && p disable'
2026-04-13 18:39:07,139 [INFO] stdout: 失能成功!!!!
Piper disable sequence complete.
2026-04-13 18:39:07,239 [WARNING] stderr: bash: cannot set terminal process group (-1): Inappropriate ioctl for device
bash: no job control in this shell
2026-04-13 18:39:07,441 [INFO] Killing tunnel with command: bash -lc 'ssh -S /tmp/armory_tunnel_dynamics_8080.sock -O exit rbansal66@dynamics >/dev/null 2>&1 || true; rm -f /tmp/armory_tunnel_dynamics_8080.sock; if command -v pkill >/dev/null 2>&1; then pkill -f '"'"'[s]sh .* -L 8080:dynamics:8080 .*rbansal66@dynamics'"'"' >/dev/null 2>&1 || true; fi; echo '"'"'Tunnel stopped'"'"''
2026-04-13 18:39:09,053 [INFO] Container stopped and removed
2026-04-14 20:10:21,855 [INFO] Docker container running — status: booted
2026-04-14 20:10:39,331 [INFO] Starting data listener with command: bash -lc 'mkdir -p /nethome/rbansal66/CS4803ARM_Lab/user_data/armory/logs; touch /nethome/rbansal66/CS4803ARM_Lab/user_data/armory/logs/workstation_11-listener.log || exit 1; if ! docker ps --filter name=piper_env -q | grep -q .; then echo '"'"'piper_env is not running'"'"' >&2; exit 1; fi; if docker exec piper_env bash -lc '"'"'if [ -s /tmp/armory_listener.pid ]; then pid=$(cat /tmp/armory_listener.pid); kill -0 "$pid" >/dev/null 2>&1; else exit 1; fi'"'"'; then pid=$(docker exec piper_env cat /tmp/armory_listener.pid); echo '"'"'data listener already running (pid '"'"'"$pid"'"'"'); log: /nethome/rbansal66/CS4803ARM_Lab/user_data/armory/logs/workstation_11-listener.log'"'"'; exit 0; fi; docker exec piper_env rm -f /tmp/armory_listener.pid >/dev/null 2>&1 || true; printf '"'"'\n[%s] Starting data listener: ros2 launch run_follower.launch.py\n'"'"' "$(date '"'"'+%F %T'"'"')" >> /nethome/rbansal66/CS4803ARM_Lab/user_data/armory/logs/workstation_11-listener.log; nohup docker exec piper_env bash -lc '"'"'if command -v setsid >/dev/null 2>&1; then exec setsid bash -ic '"'"'"'"'"'"'"'"'source ~/.bashrc; cd /CS4803ARM_Lab/user_data/data_collection || exit 1; echo $$ > /tmp/armory_listener.pid; exec ros2 launch run_follower.launch.py'"'"'"'"'"'"'"'"'; else exec bash -ic '"'"'"'"'"'"'"'"'source ~/.bashrc; cd /CS4803ARM_Lab/user_data/data_collection || exit 1; echo $$ > /tmp/armory_listener.pid; exec ros2 launch run_follower.launch.py'"'"'"'"'"'"'"'"'; fi'"'"' >> /nethome/rbansal66/CS4803ARM_Lab/user_data/armory/logs/workstation_11-listener.log 2>&1 < /dev/null & host_pid=$!; echo $host_pid > /tmp/armory_listener_docker_exec.pid; sleep 0.5; if kill -0 "$host_pid" >/dev/null 2>&1; then pid=$(docker exec piper_env cat /tmp/armory_listener.pid 2>/dev/null || echo "$host_pid"); echo '"'"'data listener started (pid '"'"'"$pid"'"'"'); log: /nethome/rbansal66/CS4803ARM_Lab/user_data/armory/logs/workstation_11-listener.log'"'"'; else rm -f /tmp/armory_listener_docker_exec.pid; echo '"'"'data listener exited immediately; check log: /nethome/rbansal66/CS4803ARM_Lab/user_data/armory/logs/workstation_11-listener.log'"'"' >&2; tail -n 20 /nethome/rbansal66/CS4803ARM_Lab/user_data/armory/logs/workstation_11-listener.log >&2 || true; exit 1; fi'
2026-04-14 20:10:46,885 [INFO] Starting tunnel with command: bash -lc 'mkdir -p /tmp; if ssh -S /tmp/armory_tunnel_dave_8080.sock -O check rbansal66@dave >/dev/null 2>&1; then echo '"'"'Tunnel already running'"'"'; exit 0; fi; rm -f /tmp/armory_tunnel_dave_8080.sock; ssh -f -N -M -S /tmp/armory_tunnel_dave_8080.sock -o ExitOnForwardFailure=yes -o ServerAliveInterval=30 -o ServerAliveCountMax=3 -L 8080:dave:8080 -J rbansal66@sky1.cc.gatech.edu rbansal66@dave; echo '"'"'Tunnel started'"'"''
2026-04-14 20:11:07,377 [ERROR] Tunnel start failed: 
2026-04-14 20:11:41,710 [INFO] Starting Piper client with command: bash -lc 'mkdir -p /nethome/rbansal66/CS4803ARM_Lab/user_data/armory/logs; touch /nethome/rbansal66/CS4803ARM_Lab/user_data/armory/logs/workstation_11-client.log || exit 1; if ! docker ps --filter name=piper_env -q | grep -q .; then echo '"'"'piper_env is not running'"'"' >&2; exit 1; fi; if docker exec piper_env bash -lc '"'"'if [ -s /tmp/armory_client.pid ]; then pid=$(cat /tmp/armory_client.pid); kill -0 "$pid" >/dev/null 2>&1; else exit 1; fi'"'"'; then pid=$(docker exec piper_env cat /tmp/armory_client.pid); echo '"'"'Piper client already running (pid '"'"'"$pid"'"'"'); log: /nethome/rbansal66/CS4803ARM_Lab/user_data/armory/logs/workstation_11-client.log'"'"'; exit 0; fi; docker exec piper_env rm -f /tmp/armory_client.pid >/dev/null 2>&1 || true; printf '"'"'\n[%s] Starting Piper client: ros2 run piper piper_client\n'"'"' "$(date '"'"'+%F %T'"'"')" >> /nethome/rbansal66/CS4803ARM_Lab/user_data/armory/logs/workstation_11-client.log; nohup docker exec piper_env bash -lc '"'"'if command -v setsid >/dev/null 2>&1; then exec setsid bash -ic '"'"'"'"'"'"'"'"'source ~/.bashrc; cd /CS4803ARM_Lab/user_data/piper_ros || exit 1; echo $$ > /tmp/armory_client.pid; exec ros2 run piper piper_client'"'"'"'"'"'"'"'"'; else exec bash -ic '"'"'"'"'"'"'"'"'source ~/.bashrc; cd /CS4803ARM_Lab/user_data/piper_ros || exit 1; echo $$ > /tmp/armory_client.pid; exec ros2 run piper piper_client'"'"'"'"'"'"'"'"'; fi'"'"' >> /nethome/rbansal66/CS4803ARM_Lab/user_data/armory/logs/workstation_11-client.log 2>&1 < /dev/null & host_pid=$!; echo $host_pid > /tmp/armory_client_docker_exec.pid; sleep 0.5; if kill -0 "$host_pid" >/dev/null 2>&1; then pid=$(docker exec piper_env cat /tmp/armory_client.pid 2>/dev/null || echo "$host_pid"); echo '"'"'Piper client started (pid '"'"'"$pid"'"'"'); log: /nethome/rbansal66/CS4803ARM_Lab/user_data/armory/logs/workstation_11-client.log'"'"'; else rm -f /tmp/armory_client_docker_exec.pid; echo '"'"'Piper client exited immediately; check log: /nethome/rbansal66/CS4803ARM_Lab/user_data/armory/logs/workstation_11-client.log'"'"' >&2; tail -n 20 /nethome/rbansal66/CS4803ARM_Lab/user_data/armory/logs/workstation_11-client.log >&2 || true; exit 1; fi'
2026-04-14 20:12:20,194 [INFO] Stopping Piper client with command: bash -lc 'mkdir -p /nethome/rbansal66/CS4803ARM_Lab/user_data/armory/logs; touch /nethome/rbansal66/CS4803ARM_Lab/user_data/armory/logs/workstation_11-client.log || exit 1; printf '"'"'\n[%s] Stopping Piper client\n'"'"' "$(date '"'"'+%F %T'"'"')" >> /nethome/rbansal66/CS4803ARM_Lab/user_data/armory/logs/workstation_11-client.log; if docker ps --filter name=piper_env -q | grep -q .; then docker exec piper_env bash -lc '"'"'if [ -s /tmp/armory_client.pid ]; then pid=$(cat /tmp/armory_client.pid); kill -- -"$pid" >/dev/null 2>&1 || kill "$pid" >/dev/null 2>&1 || true; sleep 0.5; kill -9 -- -"$pid" >/dev/null 2>&1 || kill -9 "$pid" >/dev/null 2>&1 || true; rm -f /tmp/armory_client.pid; fi; pkill -f '"'"'"'"'"'"'"'"'[r]os2\ run\ piper\ piper_client'"'"'"'"'"'"'"'"' >/dev/null 2>&1 || true'"'"' >> /nethome/rbansal66/CS4803ARM_Lab/user_data/armory/logs/workstation_11-client.log 2>&1 || true; else echo '"'"'piper_env is not running'"'"' >> /nethome/rbansal66/CS4803ARM_Lab/user_data/armory/logs/workstation_11-client.log; fi; if [ -s /tmp/armory_client_docker_exec.pid ]; then host_pid=$(cat /tmp/armory_client_docker_exec.pid); kill "$host_pid" >/dev/null 2>&1 || true; rm -f /tmp/armory_client_docker_exec.pid; fi; echo '"'"'Piper client stopped; log: /nethome/rbansal66/CS4803ARM_Lab/user_data/armory/logs/workstation_11-client.log'"'"''
2026-04-14 20:12:42,387 [INFO] Executing: docker exec piper_env bash -ic 'source ~/.bashrc && p goto init'
2026-04-14 20:12:44,097 [INFO] stdout: Go to init complete.
2026-04-14 20:12:44,097 [WARNING] stderr: bash: cannot set terminal process group (-1): Inappropriate ioctl for device
bash: no job control in this shell
2026-04-14 20:13:57,833 [INFO] Starting Piper client with command: bash -lc 'mkdir -p /nethome/rbansal66/CS4803ARM_Lab/user_data/armory/logs; touch /nethome/rbansal66/CS4803ARM_Lab/user_data/armory/logs/workstation_11-client.log || exit 1; if ! docker ps --filter name=piper_env -q | grep -q .; then echo '"'"'piper_env is not running'"'"' >&2; exit 1; fi; if docker exec piper_env bash -lc '"'"'if [ -s /tmp/armory_client.pid ]; then pid=$(cat /tmp/armory_client.pid); kill -0 "$pid" >/dev/null 2>&1; else exit 1; fi'"'"'; then pid=$(docker exec piper_env cat /tmp/armory_client.pid); echo '"'"'Piper client already running (pid '"'"'"$pid"'"'"'); log: /nethome/rbansal66/CS4803ARM_Lab/user_data/armory/logs/workstation_11-client.log'"'"'; exit 0; fi; docker exec piper_env rm -f /tmp/armory_client.pid >/dev/null 2>&1 || true; printf '"'"'\n[%s] Starting Piper client: ros2 run piper piper_client\n'"'"' "$(date '"'"'+%F %T'"'"')" >> /nethome/rbansal66/CS4803ARM_Lab/user_data/armory/logs/workstation_11-client.log; nohup docker exec piper_env bash -lc '"'"'if command -v setsid >/dev/null 2>&1; then exec setsid bash -ic '"'"'"'"'"'"'"'"'source ~/.bashrc; cd /CS4803ARM_Lab/user_data/piper_ros || exit 1; echo $$ > /tmp/armory_client.pid; exec ros2 run piper piper_client'"'"'"'"'"'"'"'"'; else exec bash -ic '"'"'"'"'"'"'"'"'source ~/.bashrc; cd /CS4803ARM_Lab/user_data/piper_ros || exit 1; echo $$ > /tmp/armory_client.pid; exec ros2 run piper piper_client'"'"'"'"'"'"'"'"'; fi'"'"' >> /nethome/rbansal66/CS4803ARM_Lab/user_data/armory/logs/workstation_11-client.log 2>&1 < /dev/null & host_pid=$!; echo $host_pid > /tmp/armory_client_docker_exec.pid; sleep 0.5; if kill -0 "$host_pid" >/dev/null 2>&1; then pid=$(docker exec piper_env cat /tmp/armory_client.pid 2>/dev/null || echo "$host_pid"); echo '"'"'Piper client started (pid '"'"'"$pid"'"'"'); log: /nethome/rbansal66/CS4803ARM_Lab/user_data/armory/logs/workstation_11-client.log'"'"'; else rm -f /tmp/armory_client_docker_exec.pid; echo '"'"'Piper client exited immediately; check log: /nethome/rbansal66/CS4803ARM_Lab/user_data/armory/logs/workstation_11-client.log'"'"' >&2; tail -n 20 /nethome/rbansal66/CS4803ARM_Lab/user_data/armory/logs/workstation_11-client.log >&2 || true; exit 1; fi'
2026-04-14 20:14:30,639 [INFO] Starting Piper client with command: bash -lc 'mkdir -p /nethome/rbansal66/CS4803ARM_Lab/user_data/armory/logs; touch /nethome/rbansal66/CS4803ARM_Lab/user_data/armory/logs/workstation_11-client.log || exit 1; if ! docker ps --filter name=piper_env -q | grep -q .; then echo '"'"'piper_env is not running'"'"' >&2; exit 1; fi; if docker exec piper_env bash -lc '"'"'if [ -s /tmp/armory_client.pid ]; then pid=$(cat /tmp/armory_client.pid); kill -0 "$pid" >/dev/null 2>&1; else exit 1; fi'"'"'; then pid=$(docker exec piper_env cat /tmp/armory_client.pid); echo '"'"'Piper client already running (pid '"'"'"$pid"'"'"'); log: /nethome/rbansal66/CS4803ARM_Lab/user_data/armory/logs/workstation_11-client.log'"'"'; exit 0; fi; docker exec piper_env rm -f /tmp/armory_client.pid >/dev/null 2>&1 || true; printf '"'"'\n[%s] Starting Piper client: ros2 run piper piper_client\n'"'"' "$(date '"'"'+%F %T'"'"')" >> /nethome/rbansal66/CS4803ARM_Lab/user_data/armory/logs/workstation_11-client.log; nohup docker exec piper_env bash -lc '"'"'if command -v setsid >/dev/null 2>&1; then exec setsid bash -ic '"'"'"'"'"'"'"'"'source ~/.bashrc; cd /CS4803ARM_Lab/user_data/piper_ros || exit 1; echo $$ > /tmp/armory_client.pid; exec ros2 run piper piper_client'"'"'"'"'"'"'"'"'; else exec bash -ic '"'"'"'"'"'"'"'"'source ~/.bashrc; cd /CS4803ARM_Lab/user_data/piper_ros || exit 1; echo $$ > /tmp/armory_client.pid; exec ros2 run piper piper_client'"'"'"'"'"'"'"'"'; fi'"'"' >> /nethome/rbansal66/CS4803ARM_Lab/user_data/armory/logs/workstation_11-client.log 2>&1 < /dev/null & host_pid=$!; echo $host_pid > /tmp/armory_client_docker_exec.pid; sleep 0.5; if kill -0 "$host_pid" >/dev/null 2>&1; then pid=$(docker exec piper_env cat /tmp/armory_client.pid 2>/dev/null || echo "$host_pid"); echo '"'"'Piper client started (pid '"'"'"$pid"'"'"'); log: /nethome/rbansal66/CS4803ARM_Lab/user_data/armory/logs/workstation_11-client.log'"'"'; else rm -f /tmp/armory_client_docker_exec.pid; echo '"'"'Piper client exited immediately; check log: /nethome/rbansal66/CS4803ARM_Lab/user_data/armory/logs/workstation_11-client.log'"'"' >&2; tail -n 20 /nethome/rbansal66/CS4803ARM_Lab/user_data/armory/logs/workstation_11-client.log >&2 || true; exit 1; fi'
2026-04-14 20:14:37,026 [INFO] Stopping Piper client with command: bash -lc 'mkdir -p /nethome/rbansal66/CS4803ARM_Lab/user_data/armory/logs; touch /nethome/rbansal66/CS4803ARM_Lab/user_data/armory/logs/workstation_11-client.log || exit 1; printf '"'"'\n[%s] Stopping Piper client\n'"'"' "$(date '"'"'+%F %T'"'"')" >> /nethome/rbansal66/CS4803ARM_Lab/user_data/armory/logs/workstation_11-client.log; if docker ps --filter name=piper_env -q | grep -q .; then docker exec piper_env bash -lc '"'"'if [ -s /tmp/armory_client.pid ]; then pid=$(cat /tmp/armory_client.pid); kill -- -"$pid" >/dev/null 2>&1 || kill "$pid" >/dev/null 2>&1 || true; sleep 0.5; kill -9 -- -"$pid" >/dev/null 2>&1 || kill -9 "$pid" >/dev/null 2>&1 || true; rm -f /tmp/armory_client.pid; fi; pkill -f '"'"'"'"'"'"'"'"'[r]os2\ run\ piper\ piper_client'"'"'"'"'"'"'"'"' >/dev/null 2>&1 || true'"'"' >> /nethome/rbansal66/CS4803ARM_Lab/user_data/armory/logs/workstation_11-client.log 2>&1 || true; else echo '"'"'piper_env is not running'"'"' >> /nethome/rbansal66/CS4803ARM_Lab/user_data/armory/logs/workstation_11-client.log; fi; if [ -s /tmp/armory_client_docker_exec.pid ]; then host_pid=$(cat /tmp/armory_client_docker_exec.pid); kill "$host_pid" >/dev/null 2>&1 || true; rm -f /tmp/armory_client_docker_exec.pid; fi; echo '"'"'Piper client stopped; log: /nethome/rbansal66/CS4803ARM_Lab/user_data/armory/logs/workstation_11-client.log'"'"''
2026-04-14 20:14:41,631 [INFO] Stopping Piper client with command: bash -lc 'mkdir -p /nethome/rbansal66/CS4803ARM_Lab/user_data/armory/logs; touch /nethome/rbansal66/CS4803ARM_Lab/user_data/armory/logs/workstation_11-client.log || exit 1; printf '"'"'\n[%s] Stopping Piper client\n'"'"' "$(date '"'"'+%F %T'"'"')" >> /nethome/rbansal66/CS4803ARM_Lab/user_data/armory/logs/workstation_11-client.log; if docker ps --filter name=piper_env -q | grep -q .; then docker exec piper_env bash -lc '"'"'if [ -s /tmp/armory_client.pid ]; then pid=$(cat /tmp/armory_client.pid); kill -- -"$pid" >/dev/null 2>&1 || kill "$pid" >/dev/null 2>&1 || true; sleep 0.5; kill -9 -- -"$pid" >/dev/null 2>&1 || kill -9 "$pid" >/dev/null 2>&1 || true; rm -f /tmp/armory_client.pid; fi; pkill -f '"'"'"'"'"'"'"'"'[r]os2\ run\ piper\ piper_client'"'"'"'"'"'"'"'"' >/dev/null 2>&1 || true'"'"' >> /nethome/rbansal66/CS4803ARM_Lab/user_data/armory/logs/workstation_11-client.log 2>&1 || true; else echo '"'"'piper_env is not running'"'"' >> /nethome/rbansal66/CS4803ARM_Lab/user_data/armory/logs/workstation_11-client.log; fi; if [ -s /tmp/armory_client_docker_exec.pid ]; then host_pid=$(cat /tmp/armory_client_docker_exec.pid); kill "$host_pid" >/dev/null 2>&1 || true; rm -f /tmp/armory_client_docker_exec.pid; fi; echo '"'"'Piper client stopped; log: /nethome/rbansal66/CS4803ARM_Lab/user_data/armory/logs/workstation_11-client.log'"'"''
2026-04-14 20:15:41,913 [INFO] Starting Piper client with command: bash -lc 'mkdir -p /nethome/rbansal66/CS4803ARM_Lab/user_data/armory/logs; touch /nethome/rbansal66/CS4803ARM_Lab/user_data/armory/logs/workstation_11-client.log || exit 1; if ! docker ps --filter name=piper_env -q | grep -q .; then echo '"'"'piper_env is not running'"'"' >&2; exit 1; fi; if docker exec piper_env bash -lc '"'"'if [ -s /tmp/armory_client.pid ]; then pid=$(cat /tmp/armory_client.pid); kill -0 "$pid" >/dev/null 2>&1; else exit 1; fi'"'"'; then pid=$(docker exec piper_env cat /tmp/armory_client.pid); echo '"'"'Piper client already running (pid '"'"'"$pid"'"'"'); log: /nethome/rbansal66/CS4803ARM_Lab/user_data/armory/logs/workstation_11-client.log'"'"'; exit 0; fi; docker exec piper_env rm -f /tmp/armory_client.pid >/dev/null 2>&1 || true; printf '"'"'\n[%s] Starting Piper client: ros2 run piper piper_client\n'"'"' "$(date '"'"'+%F %T'"'"')" >> /nethome/rbansal66/CS4803ARM_Lab/user_data/armory/logs/workstation_11-client.log; nohup docker exec piper_env bash -lc '"'"'if command -v setsid >/dev/null 2>&1; then exec setsid bash -ic '"'"'"'"'"'"'"'"'source ~/.bashrc; cd /CS4803ARM_Lab/user_data/piper_ros || exit 1; echo $$ > /tmp/armory_client.pid; exec ros2 run piper piper_client'"'"'"'"'"'"'"'"'; else exec bash -ic '"'"'"'"'"'"'"'"'source ~/.bashrc; cd /CS4803ARM_Lab/user_data/piper_ros || exit 1; echo $$ > /tmp/armory_client.pid; exec ros2 run piper piper_client'"'"'"'"'"'"'"'"'; fi'"'"' >> /nethome/rbansal66/CS4803ARM_Lab/user_data/armory/logs/workstation_11-client.log 2>&1 < /dev/null & host_pid=$!; echo $host_pid > /tmp/armory_client_docker_exec.pid; sleep 0.5; if kill -0 "$host_pid" >/dev/null 2>&1; then pid=$(docker exec piper_env cat /tmp/armory_client.pid 2>/dev/null || echo "$host_pid"); echo '"'"'Piper client started (pid '"'"'"$pid"'"'"'); log: /nethome/rbansal66/CS4803ARM_Lab/user_data/armory/logs/workstation_11-client.log'"'"'; else rm -f /tmp/armory_client_docker_exec.pid; echo '"'"'Piper client exited immediately; check log: /nethome/rbansal66/CS4803ARM_Lab/user_data/armory/logs/workstation_11-client.log'"'"' >&2; tail -n 20 /nethome/rbansal66/CS4803ARM_Lab/user_data/armory/logs/workstation_11-client.log >&2 || true; exit 1; fi'
2026-04-14 20:16:25,460 [INFO] Stopping Piper client with command: bash -lc 'mkdir -p /nethome/rbansal66/CS4803ARM_Lab/user_data/armory/logs; touch /nethome/rbansal66/CS4803ARM_Lab/user_data/armory/logs/workstation_11-client.log || exit 1; printf '"'"'\n[%s] Stopping Piper client\n'"'"' "$(date '"'"'+%F %T'"'"')" >> /nethome/rbansal66/CS4803ARM_Lab/user_data/armory/logs/workstation_11-client.log; if docker ps --filter name=piper_env -q | grep -q .; then docker exec piper_env bash -lc '"'"'if [ -s /tmp/armory_client.pid ]; then pid=$(cat /tmp/armory_client.pid); kill -- -"$pid" >/dev/null 2>&1 || kill "$pid" >/dev/null 2>&1 || true; sleep 0.5; kill -9 -- -"$pid" >/dev/null 2>&1 || kill -9 "$pid" >/dev/null 2>&1 || true; rm -f /tmp/armory_client.pid; fi; pkill -f '"'"'"'"'"'"'"'"'[r]os2\ run\ piper\ piper_client'"'"'"'"'"'"'"'"' >/dev/null 2>&1 || true'"'"' >> /nethome/rbansal66/CS4803ARM_Lab/user_data/armory/logs/workstation_11-client.log 2>&1 || true; else echo '"'"'piper_env is not running'"'"' >> /nethome/rbansal66/CS4803ARM_Lab/user_data/armory/logs/workstation_11-client.log; fi; if [ -s /tmp/armory_client_docker_exec.pid ]; then host_pid=$(cat /tmp/armory_client_docker_exec.pid); kill "$host_pid" >/dev/null 2>&1 || true; rm -f /tmp/armory_client_docker_exec.pid; fi; echo '"'"'Piper client stopped; log: /nethome/rbansal66/CS4803ARM_Lab/user_data/armory/logs/workstation_11-client.log'"'"''
2026-04-14 20:20:06,354 [INFO] Stopping data listener with command: bash -lc 'mkdir -p /nethome/rbansal66/CS4803ARM_Lab/user_data/armory/logs; touch /nethome/rbansal66/CS4803ARM_Lab/user_data/armory/logs/workstation_11-listener.log || exit 1; printf '"'"'\n[%s] Stopping data listener\n'"'"' "$(date '"'"'+%F %T'"'"')" >> /nethome/rbansal66/CS4803ARM_Lab/user_data/armory/logs/workstation_11-listener.log; if docker ps --filter name=piper_env -q | grep -q .; then docker exec piper_env bash -lc '"'"'if [ -s /tmp/armory_listener.pid ]; then pid=$(cat /tmp/armory_listener.pid); kill -- -"$pid" >/dev/null 2>&1 || kill "$pid" >/dev/null 2>&1 || true; sleep 0.5; kill -9 -- -"$pid" >/dev/null 2>&1 || kill -9 "$pid" >/dev/null 2>&1 || true; rm -f /tmp/armory_listener.pid; fi; pkill -f '"'"'"'"'"'"'"'"'[r]os2\ launch\ run_follower\.launch\.py'"'"'"'"'"'"'"'"' >/dev/null 2>&1 || true'"'"' >> /nethome/rbansal66/CS4803ARM_Lab/user_data/armory/logs/workstation_11-listener.log 2>&1 || true; else echo '"'"'piper_env is not running'"'"' >> /nethome/rbansal66/CS4803ARM_Lab/user_data/armory/logs/workstation_11-listener.log; fi; if [ -s /tmp/armory_listener_docker_exec.pid ]; then host_pid=$(cat /tmp/armory_listener_docker_exec.pid); kill "$host_pid" >/dev/null 2>&1 || true; rm -f /tmp/armory_listener_docker_exec.pid; fi; echo '"'"'data listener stopped; log: /nethome/rbansal66/CS4803ARM_Lab/user_data/armory/logs/workstation_11-listener.log'"'"''
2026-04-14 20:30:04,840 [INFO] Executing: docker exec piper_env bash -ic 'source ~/.bashrc && p goto init'
2026-04-14 20:30:06,851 [INFO] stdout: Go to init complete.
2026-04-14 20:30:06,851 [WARNING] stderr: bash: cannot set terminal process group (-1): Inappropriate ioctl for device
bash: no job control in this shell
2026-04-14 20:31:38,605 [INFO] Docker container running — status: booted
2026-04-14 20:31:50,526 [INFO] Starting data listener with command: bash -lc 'mkdir -p /nethome/rbansal66/CS4803ARM_Lab/user_data/armory/logs; touch /nethome/rbansal66/CS4803ARM_Lab/user_data/armory/logs/workstation_11-listener.log || exit 1; if ! docker ps --filter name=piper_env -q | grep -q .; then echo '"'"'piper_env is not running'"'"' >&2; exit 1; fi; if docker exec piper_env bash -lc '"'"'if [ -s /tmp/armory_listener.pid ]; then pid=$(cat /tmp/armory_listener.pid); kill -0 "$pid" >/dev/null 2>&1; else exit 1; fi'"'"'; then pid=$(docker exec piper_env cat /tmp/armory_listener.pid); echo '"'"'data listener already running (pid '"'"'"$pid"'"'"'); log: /nethome/rbansal66/CS4803ARM_Lab/user_data/armory/logs/workstation_11-listener.log'"'"'; exit 0; fi; docker exec piper_env rm -f /tmp/armory_listener.pid >/dev/null 2>&1 || true; printf '"'"'\n[%s] Starting data listener: ros2 launch run_follower.launch.py\n'"'"' "$(date '"'"'+%F %T'"'"')" >> /nethome/rbansal66/CS4803ARM_Lab/user_data/armory/logs/workstation_11-listener.log; nohup docker exec piper_env bash -lc '"'"'if command -v setsid >/dev/null 2>&1; then exec setsid bash -ic '"'"'"'"'"'"'"'"'source ~/.bashrc; cd /CS4803ARM_Lab/user_data/data_collection || exit 1; echo $$ > /tmp/armory_listener.pid; exec ros2 launch run_follower.launch.py'"'"'"'"'"'"'"'"'; else exec bash -ic '"'"'"'"'"'"'"'"'source ~/.bashrc; cd /CS4803ARM_Lab/user_data/data_collection || exit 1; echo $$ > /tmp/armory_listener.pid; exec ros2 launch run_follower.launch.py'"'"'"'"'"'"'"'"'; fi'"'"' >> /nethome/rbansal66/CS4803ARM_Lab/user_data/armory/logs/workstation_11-listener.log 2>&1 < /dev/null & host_pid=$!; echo $host_pid > /tmp/armory_listener_docker_exec.pid; sleep 0.5; if kill -0 "$host_pid" >/dev/null 2>&1; then pid=$(docker exec piper_env cat /tmp/armory_listener.pid 2>/dev/null || echo "$host_pid"); echo '"'"'data listener started (pid '"'"'"$pid"'"'"'); log: /nethome/rbansal66/CS4803ARM_Lab/user_data/armory/logs/workstation_11-listener.log'"'"'; else rm -f /tmp/armory_listener_docker_exec.pid; echo '"'"'data listener exited immediately; check log: /nethome/rbansal66/CS4803ARM_Lab/user_data/armory/logs/workstation_11-listener.log'"'"' >&2; tail -n 20 /nethome/rbansal66/CS4803ARM_Lab/user_data/armory/logs/workstation_11-listener.log >&2 || true; exit 1; fi'
2026-04-14 20:31:57,299 [INFO] Starting Piper client with command: bash -lc 'mkdir -p /nethome/rbansal66/CS4803ARM_Lab/user_data/armory/logs; touch /nethome/rbansal66/CS4803ARM_Lab/user_data/armory/logs/workstation_11-client.log || exit 1; if ! docker ps --filter name=piper_env -q | grep -q .; then echo '"'"'piper_env is not running'"'"' >&2; exit 1; fi; if docker exec piper_env bash -lc '"'"'if [ -s /tmp/armory_client.pid ]; then pid=$(cat /tmp/armory_client.pid); kill -0 "$pid" >/dev/null 2>&1; else exit 1; fi'"'"'; then pid=$(docker exec piper_env cat /tmp/armory_client.pid); echo '"'"'Piper client already running (pid '"'"'"$pid"'"'"'); log: /nethome/rbansal66/CS4803ARM_Lab/user_data/armory/logs/workstation_11-client.log'"'"'; exit 0; fi; docker exec piper_env rm -f /tmp/armory_client.pid >/dev/null 2>&1 || true; printf '"'"'\n[%s] Starting Piper client: ros2 run piper piper_client\n'"'"' "$(date '"'"'+%F %T'"'"')" >> /nethome/rbansal66/CS4803ARM_Lab/user_data/armory/logs/workstation_11-client.log; nohup docker exec piper_env bash -lc '"'"'if command -v setsid >/dev/null 2>&1; then exec setsid bash -ic '"'"'"'"'"'"'"'"'source ~/.bashrc; cd /CS4803ARM_Lab/user_data/piper_ros || exit 1; echo $$ > /tmp/armory_client.pid; exec ros2 run piper piper_client'"'"'"'"'"'"'"'"'; else exec bash -ic '"'"'"'"'"'"'"'"'source ~/.bashrc; cd /CS4803ARM_Lab/user_data/piper_ros || exit 1; echo $$ > /tmp/armory_client.pid; exec ros2 run piper piper_client'"'"'"'"'"'"'"'"'; fi'"'"' >> /nethome/rbansal66/CS4803ARM_Lab/user_data/armory/logs/workstation_11-client.log 2>&1 < /dev/null & host_pid=$!; echo $host_pid > /tmp/armory_client_docker_exec.pid; sleep 0.5; if kill -0 "$host_pid" >/dev/null 2>&1; then pid=$(docker exec piper_env cat /tmp/armory_client.pid 2>/dev/null || echo "$host_pid"); echo '"'"'Piper client started (pid '"'"'"$pid"'"'"'); log: /nethome/rbansal66/CS4803ARM_Lab/user_data/armory/logs/workstation_11-client.log'"'"'; else rm -f /tmp/armory_client_docker_exec.pid; echo '"'"'Piper client exited immediately; check log: /nethome/rbansal66/CS4803ARM_Lab/user_data/armory/logs/workstation_11-client.log'"'"' >&2; tail -n 20 /nethome/rbansal66/CS4803ARM_Lab/user_data/armory/logs/workstation_11-client.log >&2 || true; exit 1; fi'
2026-04-14 20:32:16,279 [INFO] Stopping Piper client with command: bash -lc 'mkdir -p /nethome/rbansal66/CS4803ARM_Lab/user_data/armory/logs; touch /nethome/rbansal66/CS4803ARM_Lab/user_data/armory/logs/workstation_11-client.log || exit 1; printf '"'"'\n[%s] Stopping Piper client\n'"'"' "$(date '"'"'+%F %T'"'"')" >> /nethome/rbansal66/CS4803ARM_Lab/user_data/armory/logs/workstation_11-client.log; if docker ps --filter name=piper_env -q | grep -q .; then docker exec piper_env bash -lc '"'"'if [ -s /tmp/armory_client.pid ]; then pid=$(cat /tmp/armory_client.pid); kill -- -"$pid" >/dev/null 2>&1 || kill "$pid" >/dev/null 2>&1 || true; sleep 0.5; kill -9 -- -"$pid" >/dev/null 2>&1 || kill -9 "$pid" >/dev/null 2>&1 || true; rm -f /tmp/armory_client.pid; fi; pkill -f '"'"'"'"'"'"'"'"'[r]os2\ run\ piper\ piper_client'"'"'"'"'"'"'"'"' >/dev/null 2>&1 || true'"'"' >> /nethome/rbansal66/CS4803ARM_Lab/user_data/armory/logs/workstation_11-client.log 2>&1 || true; else echo '"'"'piper_env is not running'"'"' >> /nethome/rbansal66/CS4803ARM_Lab/user_data/armory/logs/workstation_11-client.log; fi; if [ -s /tmp/armory_client_docker_exec.pid ]; then host_pid=$(cat /tmp/armory_client_docker_exec.pid); kill "$host_pid" >/dev/null 2>&1 || true; rm -f /tmp/armory_client_docker_exec.pid; fi; echo '"'"'Piper client stopped; log: /nethome/rbansal66/CS4803ARM_Lab/user_data/armory/logs/workstation_11-client.log'"'"''
2026-04-14 20:32:36,725 [INFO] Starting Piper client with command: bash -lc 'mkdir -p /nethome/rbansal66/CS4803ARM_Lab/user_data/armory/logs; touch /nethome/rbansal66/CS4803ARM_Lab/user_data/armory/logs/workstation_11-client.log || exit 1; if ! docker ps --filter name=piper_env -q | grep -q .; then echo '"'"'piper_env is not running'"'"' >&2; exit 1; fi; if docker exec piper_env bash -lc '"'"'if [ -s /tmp/armory_client.pid ]; then pid=$(cat /tmp/armory_client.pid); kill -0 "$pid" >/dev/null 2>&1; else exit 1; fi'"'"'; then pid=$(docker exec piper_env cat /tmp/armory_client.pid); echo '"'"'Piper client already running (pid '"'"'"$pid"'"'"'); log: /nethome/rbansal66/CS4803ARM_Lab/user_data/armory/logs/workstation_11-client.log'"'"'; exit 0; fi; docker exec piper_env rm -f /tmp/armory_client.pid >/dev/null 2>&1 || true; printf '"'"'\n[%s] Starting Piper client: ros2 run piper piper_client\n'"'"' "$(date '"'"'+%F %T'"'"')" >> /nethome/rbansal66/CS4803ARM_Lab/user_data/armory/logs/workstation_11-client.log; nohup docker exec piper_env bash -lc '"'"'if command -v setsid >/dev/null 2>&1; then exec setsid bash -ic '"'"'"'"'"'"'"'"'source ~/.bashrc; cd /CS4803ARM_Lab/user_data/piper_ros || exit 1; echo $$ > /tmp/armory_client.pid; exec ros2 run piper piper_client'"'"'"'"'"'"'"'"'; else exec bash -ic '"'"'"'"'"'"'"'"'source ~/.bashrc; cd /CS4803ARM_Lab/user_data/piper_ros || exit 1; echo $$ > /tmp/armory_client.pid; exec ros2 run piper piper_client'"'"'"'"'"'"'"'"'; fi'"'"' >> /nethome/rbansal66/CS4803ARM_Lab/user_data/armory/logs/workstation_11-client.log 2>&1 < /dev/null & host_pid=$!; echo $host_pid > /tmp/armory_client_docker_exec.pid; sleep 0.5; if kill -0 "$host_pid" >/dev/null 2>&1; then pid=$(docker exec piper_env cat /tmp/armory_client.pid 2>/dev/null || echo "$host_pid"); echo '"'"'Piper client started (pid '"'"'"$pid"'"'"'); log: /nethome/rbansal66/CS4803ARM_Lab/user_data/armory/logs/workstation_11-client.log'"'"'; else rm -f /tmp/armory_client_docker_exec.pid; echo '"'"'Piper client exited immediately; check log: /nethome/rbansal66/CS4803ARM_Lab/user_data/armory/logs/workstation_11-client.log'"'"' >&2; tail -n 20 /nethome/rbansal66/CS4803ARM_Lab/user_data/armory/logs/workstation_11-client.log >&2 || true; exit 1; fi'
2026-04-14 20:33:00,336 [INFO] Stopping Piper client with command: bash -lc 'mkdir -p /nethome/rbansal66/CS4803ARM_Lab/user_data/armory/logs; touch /nethome/rbansal66/CS4803ARM_Lab/user_data/armory/logs/workstation_11-client.log || exit 1; printf '"'"'\n[%s] Stopping Piper client\n'"'"' "$(date '"'"'+%F %T'"'"')" >> /nethome/rbansal66/CS4803ARM_Lab/user_data/armory/logs/workstation_11-client.log; if docker ps --filter name=piper_env -q | grep -q .; then docker exec piper_env bash -lc '"'"'if [ -s /tmp/armory_client.pid ]; then pid=$(cat /tmp/armory_client.pid); kill -- -"$pid" >/dev/null 2>&1 || kill "$pid" >/dev/null 2>&1 || true; sleep 0.5; kill -9 -- -"$pid" >/dev/null 2>&1 || kill -9 "$pid" >/dev/null 2>&1 || true; rm -f /tmp/armory_client.pid; fi; pkill -f '"'"'"'"'"'"'"'"'[r]os2\ run\ piper\ piper_client'"'"'"'"'"'"'"'"' >/dev/null 2>&1 || true'"'"' >> /nethome/rbansal66/CS4803ARM_Lab/user_data/armory/logs/workstation_11-client.log 2>&1 || true; else echo '"'"'piper_env is not running'"'"' >> /nethome/rbansal66/CS4803ARM_Lab/user_data/armory/logs/workstation_11-client.log; fi; if [ -s /tmp/armory_client_docker_exec.pid ]; then host_pid=$(cat /tmp/armory_client_docker_exec.pid); kill "$host_pid" >/dev/null 2>&1 || true; rm -f /tmp/armory_client_docker_exec.pid; fi; echo '"'"'Piper client stopped; log: /nethome/rbansal66/CS4803ARM_Lab/user_data/armory/logs/workstation_11-client.log'"'"''
2026-04-14 21:32:00,996 [INFO] Stopping data listener with command: bash -lc 'mkdir -p /nethome/rbansal66/CS4803ARM_Lab/user_data/armory/logs; touch /nethome/rbansal66/CS4803ARM_Lab/user_data/armory/logs/workstation_11-listener.log || exit 1; printf '"'"'\n[%s] Stopping data listener\n'"'"' "$(date '"'"'+%F %T'"'"')" >> /nethome/rbansal66/CS4803ARM_Lab/user_data/armory/logs/workstation_11-listener.log; if docker ps --filter name=piper_env -q | grep -q .; then docker exec piper_env bash -lc '"'"'if [ -s /tmp/armory_listener.pid ]; then pid=$(cat /tmp/armory_listener.pid); kill -- -"$pid" >/dev/null 2>&1 || kill "$pid" >/dev/null 2>&1 || true; sleep 0.5; kill -9 -- -"$pid" >/dev/null 2>&1 || kill -9 "$pid" >/dev/null 2>&1 || true; rm -f /tmp/armory_listener.pid; fi; pkill -f '"'"'"'"'"'"'"'"'[r]os2\ launch\ run_follower\.launch\.py'"'"'"'"'"'"'"'"' >/dev/null 2>&1 || true'"'"' >> /nethome/rbansal66/CS4803ARM_Lab/user_data/armory/logs/workstation_11-listener.log 2>&1 || true; else echo '"'"'piper_env is not running'"'"' >> /nethome/rbansal66/CS4803ARM_Lab/user_data/armory/logs/workstation_11-listener.log; fi; if [ -s /tmp/armory_listener_docker_exec.pid ]; then host_pid=$(cat /tmp/armory_listener_docker_exec.pid); kill "$host_pid" >/dev/null 2>&1 || true; rm -f /tmp/armory_listener_docker_exec.pid; fi; echo '"'"'data listener stopped; log: /nethome/rbansal66/CS4803ARM_Lab/user_data/armory/logs/workstation_11-listener.log'"'"''
2026-04-14 21:32:05,604 [INFO] Killing tunnel with command: bash -lc 'ssh -S /tmp/armory_tunnel_dave_8080.sock -O exit rbansal66@dave >/dev/null 2>&1 || true; rm -f /tmp/armory_tunnel_dave_8080.sock; if command -v pkill >/dev/null 2>&1; then pkill -f '"'"'[s]sh .* -L 8080:dave:8080 .*rbansal66@dave'"'"' >/dev/null 2>&1 || true; fi; echo '"'"'Tunnel stopped'"'"''
2026-04-14 21:32:09,751 [INFO] Executing: docker exec piper_env bash -ic 'source ~/.bashrc && p goto reset'
2026-04-14 21:32:11,460 [INFO] stdout: Go to reset complete.
2026-04-14 21:32:11,461 [WARNING] stderr: bash: cannot set terminal process group (-1): Inappropriate ioctl for device
bash: no job control in this shell
2026-04-14 21:32:11,662 [INFO] Executing: docker exec piper_env bash -ic 'source ~/.bashrc && p disable'
2026-04-14 21:32:12,469 [INFO] stdout: 失能成功!!!!
Piper disable sequence complete.
2026-04-14 21:32:12,469 [WARNING] stderr: bash: cannot set terminal process group (-1): Inappropriate ioctl for device
bash: no job control in this shell
2026-04-14 21:32:58,641 [INFO] Starting tunnel with command: bash -lc 'mkdir -p /tmp; if ssh -S /tmp/armory_tunnel_dave_8080.sock -O check rbansal66@dave >/dev/null 2>&1; then echo '"'"'Tunnel already running'"'"'; exit 0; fi; rm -f /tmp/armory_tunnel_dave_8080.sock; ssh -f -N -M -S /tmp/armory_tunnel_dave_8080.sock -o ExitOnForwardFailure=yes -o ServerAliveInterval=30 -o ServerAliveCountMax=3 -L 8080:dave:8080 -J rbansal66@sky1.cc.gatech.edu rbansal66@dave; echo '"'"'Tunnel started'"'"''
2026-04-14 21:33:19,034 [ERROR] Tunnel start failed: 
2026-04-14 23:23:48,401 [INFO] Killing tunnel with command: bash -lc 'ssh -S /tmp/armory_tunnel_dave_8080.sock -O exit rbansal66@dave >/dev/null 2>&1 || true; rm -f /tmp/armory_tunnel_dave_8080.sock; if command -v pkill >/dev/null 2>&1; then pkill -f '"'"'[s]sh .* -L 8080:dave:8080 .*rbansal66@dave'"'"' >/dev/null 2>&1 || true; fi; echo '"'"'Tunnel stopped'"'"''
2026-04-14 23:25:30,482 [INFO] Docker container running — status: booted
2026-04-14 23:25:48,304 [INFO] Executing: docker exec piper_env bash -ic 'source ~/.bashrc && p enable'
2026-04-14 23:25:49,414 [INFO] stdout: 使能成功!!!!
Piper enable sequence complete.
2026-04-14 23:25:49,514 [WARNING] stderr: bash: cannot set terminal process group (-1): Inappropriate ioctl for device
bash: no job control in this shell
bash: /piper_sdk/piper_sdk/can_activate.sh can0 1000000: No such file or directory
2026-04-14 23:25:50,826 [INFO] Executing: docker exec piper_env bash -ic 'source ~/.bashrc && p goto init'
2026-04-14 23:25:52,438 [INFO] stdout: Go to init complete.
2026-04-14 23:25:52,438 [WARNING] stderr: bash: cannot set terminal process group (-1): Inappropriate ioctl for device
bash: no job control in this shell
2026-04-14 23:26:01,413 [INFO] Starting data listener with command: bash -lc 'mkdir -p /nethome/rbansal66/CS4803ARM_Lab/user_data/armory/logs; touch /nethome/rbansal66/CS4803ARM_Lab/user_data/armory/logs/workstation_11-listener.log || exit 1; if ! docker ps --filter name=piper_env -q | grep -q .; then echo '"'"'piper_env is not running'"'"' >&2; exit 1; fi; if docker exec piper_env bash -lc '"'"'if [ -s /tmp/armory_listener.pid ]; then pid=$(cat /tmp/armory_listener.pid); kill -0 "$pid" >/dev/null 2>&1; else exit 1; fi'"'"'; then pid=$(docker exec piper_env cat /tmp/armory_listener.pid); echo '"'"'data listener already running (pid '"'"'"$pid"'"'"'); log: /nethome/rbansal66/CS4803ARM_Lab/user_data/armory/logs/workstation_11-listener.log'"'"'; exit 0; fi; docker exec piper_env rm -f /tmp/armory_listener.pid >/dev/null 2>&1 || true; printf '"'"'\n[%s] Starting data listener: ros2 launch run_follower.launch.py\n'"'"' "$(date '"'"'+%F %T'"'"')" >> /nethome/rbansal66/CS4803ARM_Lab/user_data/armory/logs/workstation_11-listener.log; nohup docker exec piper_env bash -lc '"'"'if command -v setsid >/dev/null 2>&1; then exec setsid bash -ic '"'"'"'"'"'"'"'"'source ~/.bashrc; cd /CS4803ARM_Lab/user_data/data_collection || exit 1; echo $$ > /tmp/armory_listener.pid; exec ros2 launch run_follower.launch.py'"'"'"'"'"'"'"'"'; else exec bash -ic '"'"'"'"'"'"'"'"'source ~/.bashrc; cd /CS4803ARM_Lab/user_data/data_collection || exit 1; echo $$ > /tmp/armory_listener.pid; exec ros2 launch run_follower.launch.py'"'"'"'"'"'"'"'"'; fi'"'"' >> /nethome/rbansal66/CS4803ARM_Lab/user_data/armory/logs/workstation_11-listener.log 2>&1 < /dev/null & host_pid=$!; echo $host_pid > /tmp/armory_listener_docker_exec.pid; sleep 0.5; if kill -0 "$host_pid" >/dev/null 2>&1; then pid=$(docker exec piper_env cat /tmp/armory_listener.pid 2>/dev/null || echo "$host_pid"); echo '"'"'data listener started (pid '"'"'"$pid"'"'"'); log: /nethome/rbansal66/CS4803ARM_Lab/user_data/armory/logs/workstation_11-listener.log'"'"'; else rm -f /tmp/armory_listener_docker_exec.pid; echo '"'"'data listener exited immediately; check log: /nethome/rbansal66/CS4803ARM_Lab/user_data/armory/logs/workstation_11-listener.log'"'"' >&2; tail -n 20 /nethome/rbansal66/CS4803ARM_Lab/user_data/armory/logs/workstation_11-listener.log >&2 || true; exit 1; fi'
2026-04-14 23:26:13,992 [INFO] Starting Piper client with command: bash -lc 'mkdir -p /nethome/rbansal66/CS4803ARM_Lab/user_data/armory/logs; touch /nethome/rbansal66/CS4803ARM_Lab/user_data/armory/logs/workstation_11-client.log || exit 1; if ! docker ps --filter name=piper_env -q | grep -q .; then echo '"'"'piper_env is not running'"'"' >&2; exit 1; fi; if docker exec piper_env bash -lc '"'"'if [ -s /tmp/armory_client.pid ]; then pid=$(cat /tmp/armory_client.pid); kill -0 "$pid" >/dev/null 2>&1; else exit 1; fi'"'"'; then pid=$(docker exec piper_env cat /tmp/armory_client.pid); echo '"'"'Piper client already running (pid '"'"'"$pid"'"'"'); log: /nethome/rbansal66/CS4803ARM_Lab/user_data/armory/logs/workstation_11-client.log'"'"'; exit 0; fi; docker exec piper_env rm -f /tmp/armory_client.pid >/dev/null 2>&1 || true; printf '"'"'\n[%s] Starting Piper client: ros2 run piper piper_test_client\n'"'"' "$(date '"'"'+%F %T'"'"')" >> /nethome/rbansal66/CS4803ARM_Lab/user_data/armory/logs/workstation_11-client.log; nohup docker exec piper_env bash -lc '"'"'if command -v setsid >/dev/null 2>&1; then exec setsid bash -ic '"'"'"'"'"'"'"'"'source ~/.bashrc; cd /CS4803ARM_Lab/user_data/piper_ros || exit 1; echo $$ > /tmp/armory_client.pid; exec ros2 run piper piper_test_client'"'"'"'"'"'"'"'"'; else exec bash -ic '"'"'"'"'"'"'"'"'source ~/.bashrc; cd /CS4803ARM_Lab/user_data/piper_ros || exit 1; echo $$ > /tmp/armory_client.pid; exec ros2 run piper piper_test_client'"'"'"'"'"'"'"'"'; fi'"'"' >> /nethome/rbansal66/CS4803ARM_Lab/user_data/armory/logs/workstation_11-client.log 2>&1 < /dev/null & host_pid=$!; echo $host_pid > /tmp/armory_client_docker_exec.pid; sleep 0.5; if kill -0 "$host_pid" >/dev/null 2>&1; then pid=$(docker exec piper_env cat /tmp/armory_client.pid 2>/dev/null || echo "$host_pid"); echo '"'"'Piper client started (pid '"'"'"$pid"'"'"'); log: /nethome/rbansal66/CS4803ARM_Lab/user_data/armory/logs/workstation_11-client.log'"'"'; else rm -f /tmp/armory_client_docker_exec.pid; echo '"'"'Piper client exited immediately; check log: /nethome/rbansal66/CS4803ARM_Lab/user_data/armory/logs/workstation_11-client.log'"'"' >&2; tail -n 20 /nethome/rbansal66/CS4803ARM_Lab/user_data/armory/logs/workstation_11-client.log >&2 || true; exit 1; fi'
2026-04-14 23:26:33,893 [INFO] Stopping Piper client with command: bash -lc 'mkdir -p /nethome/rbansal66/CS4803ARM_Lab/user_data/armory/logs; touch /nethome/rbansal66/CS4803ARM_Lab/user_data/armory/logs/workstation_11-client.log || exit 1; printf '"'"'\n[%s] Stopping Piper client\n'"'"' "$(date '"'"'+%F %T'"'"')" >> /nethome/rbansal66/CS4803ARM_Lab/user_data/armory/logs/workstation_11-client.log; if docker ps --filter name=piper_env -q | grep -q .; then docker exec piper_env bash -lc '"'"'if [ -s /tmp/armory_client.pid ]; then pid=$(cat /tmp/armory_client.pid); kill -- -"$pid" >/dev/null 2>&1 || kill "$pid" >/dev/null 2>&1 || true; sleep 0.5; kill -9 -- -"$pid" >/dev/null 2>&1 || kill -9 "$pid" >/dev/null 2>&1 || true; rm -f /tmp/armory_client.pid; fi; pkill -f '"'"'"'"'"'"'"'"'[r]os2\ run\ piper\ piper_test_client'"'"'"'"'"'"'"'"' >/dev/null 2>&1 || true'"'"' >> /nethome/rbansal66/CS4803ARM_Lab/user_data/armory/logs/workstation_11-client.log 2>&1 || true; else echo '"'"'piper_env is not running'"'"' >> /nethome/rbansal66/CS4803ARM_Lab/user_data/armory/logs/workstation_11-client.log; fi; if [ -s /tmp/armory_client_docker_exec.pid ]; then host_pid=$(cat /tmp/armory_client_docker_exec.pid); kill "$host_pid" >/dev/null 2>&1 || true; rm -f /tmp/armory_client_docker_exec.pid; fi; echo '"'"'Piper client stopped; log: /nethome/rbansal66/CS4803ARM_Lab/user_data/armory/logs/workstation_11-client.log'"'"''
2026-04-14 23:27:47,374 [INFO] Starting Piper client with command: bash -lc 'mkdir -p /nethome/rbansal66/CS4803ARM_Lab/user_data/armory/logs; touch /nethome/rbansal66/CS4803ARM_Lab/user_data/armory/logs/workstation_11-client.log || exit 1; if ! docker ps --filter name=piper_env -q | grep -q .; then echo '"'"'piper_env is not running'"'"' >&2; exit 1; fi; if docker exec piper_env bash -lc '"'"'if [ -s /tmp/armory_client.pid ]; then pid=$(cat /tmp/armory_client.pid); kill -0 "$pid" >/dev/null 2>&1; else exit 1; fi'"'"'; then pid=$(docker exec piper_env cat /tmp/armory_client.pid); echo '"'"'Piper client already running (pid '"'"'"$pid"'"'"'); log: /nethome/rbansal66/CS4803ARM_Lab/user_data/armory/logs/workstation_11-client.log'"'"'; exit 0; fi; docker exec piper_env rm -f /tmp/armory_client.pid >/dev/null 2>&1 || true; printf '"'"'\n[%s] Starting Piper client: ros2 run piper piper_test_client\n'"'"' "$(date '"'"'+%F %T'"'"')" >> /nethome/rbansal66/CS4803ARM_Lab/user_data/armory/logs/workstation_11-client.log; nohup docker exec piper_env bash -lc '"'"'if command -v setsid >/dev/null 2>&1; then exec setsid bash -ic '"'"'"'"'"'"'"'"'source ~/.bashrc; cd /CS4803ARM_Lab/user_data/piper_ros || exit 1; echo $$ > /tmp/armory_client.pid; exec ros2 run piper piper_test_client'"'"'"'"'"'"'"'"'; else exec bash -ic '"'"'"'"'"'"'"'"'source ~/.bashrc; cd /CS4803ARM_Lab/user_data/piper_ros || exit 1; echo $$ > /tmp/armory_client.pid; exec ros2 run piper piper_test_client'"'"'"'"'"'"'"'"'; fi'"'"' >> /nethome/rbansal66/CS4803ARM_Lab/user_data/armory/logs/workstation_11-client.log 2>&1 < /dev/null & host_pid=$!; echo $host_pid > /tmp/armory_client_docker_exec.pid; sleep 0.5; if kill -0 "$host_pid" >/dev/null 2>&1; then pid=$(docker exec piper_env cat /tmp/armory_client.pid 2>/dev/null || echo "$host_pid"); echo '"'"'Piper client started (pid '"'"'"$pid"'"'"'); log: /nethome/rbansal66/CS4803ARM_Lab/user_data/armory/logs/workstation_11-client.log'"'"'; else rm -f /tmp/armory_client_docker_exec.pid; echo '"'"'Piper client exited immediately; check log: /nethome/rbansal66/CS4803ARM_Lab/user_data/armory/logs/workstation_11-client.log'"'"' >&2; tail -n 20 /nethome/rbansal66/CS4803ARM_Lab/user_data/armory/logs/workstation_11-client.log >&2 || true; exit 1; fi'
2026-04-14 23:28:04,472 [INFO] Stopping Piper client with command: bash -lc 'mkdir -p /nethome/rbansal66/CS4803ARM_Lab/user_data/armory/logs; touch /nethome/rbansal66/CS4803ARM_Lab/user_data/armory/logs/workstation_11-client.log || exit 1; printf '"'"'\n[%s] Stopping Piper client\n'"'"' "$(date '"'"'+%F %T'"'"')" >> /nethome/rbansal66/CS4803ARM_Lab/user_data/armory/logs/workstation_11-client.log; if docker ps --filter name=piper_env -q | grep -q .; then docker exec piper_env bash -lc '"'"'if [ -s /tmp/armory_client.pid ]; then pid=$(cat /tmp/armory_client.pid); kill -- -"$pid" >/dev/null 2>&1 || kill "$pid" >/dev/null 2>&1 || true; sleep 0.5; kill -9 -- -"$pid" >/dev/null 2>&1 || kill -9 "$pid" >/dev/null 2>&1 || true; rm -f /tmp/armory_client.pid; fi; pkill -f '"'"'"'"'"'"'"'"'[r]os2\ run\ piper\ piper_test_client'"'"'"'"'"'"'"'"' >/dev/null 2>&1 || true'"'"' >> /nethome/rbansal66/CS4803ARM_Lab/user_data/armory/logs/workstation_11-client.log 2>&1 || true; else echo '"'"'piper_env is not running'"'"' >> /nethome/rbansal66/CS4803ARM_Lab/user_data/armory/logs/workstation_11-client.log; fi; if [ -s /tmp/armory_client_docker_exec.pid ]; then host_pid=$(cat /tmp/armory_client_docker_exec.pid); kill "$host_pid" >/dev/null 2>&1 || true; rm -f /tmp/armory_client_docker_exec.pid; fi; echo '"'"'Piper client stopped; log: /nethome/rbansal66/CS4803ARM_Lab/user_data/armory/logs/workstation_11-client.log'"'"''
2026-04-14 23:30:51,759 [INFO] Executing: docker exec piper_env bash -ic 'source ~/.bashrc && p goto init'
2026-04-14 23:30:53,373 [INFO] stdout: Go to init complete.
2026-04-14 23:30:53,373 [WARNING] stderr: bash: cannot set terminal process group (-1): Inappropriate ioctl for device
bash: no job control in this shell
2026-04-14 23:33:04,695 [INFO] Starting Piper client with command: bash -lc 'mkdir -p /nethome/rbansal66/CS4803ARM_Lab/user_data/armory/logs; touch /nethome/rbansal66/CS4803ARM_Lab/user_data/armory/logs/workstation_11-client.log || exit 1; if ! docker ps --filter name=piper_env -q | grep -q .; then echo '"'"'piper_env is not running'"'"' >&2; exit 1; fi; if docker exec piper_env bash -lc '"'"'if [ -s /tmp/armory_client.pid ]; then pid=$(cat /tmp/armory_client.pid); kill -0 "$pid" >/dev/null 2>&1; else exit 1; fi'"'"'; then pid=$(docker exec piper_env cat /tmp/armory_client.pid); echo '"'"'Piper client already running (pid '"'"'"$pid"'"'"'); log: /nethome/rbansal66/CS4803ARM_Lab/user_data/armory/logs/workstation_11-client.log'"'"'; exit 0; fi; docker exec piper_env rm -f /tmp/armory_client.pid >/dev/null 2>&1 || true; printf '"'"'\n[%s] Starting Piper client: ros2 run piper piper_test_client\n'"'"' "$(date '"'"'+%F %T'"'"')" >> /nethome/rbansal66/CS4803ARM_Lab/user_data/armory/logs/workstation_11-client.log; nohup docker exec piper_env bash -lc '"'"'if command -v setsid >/dev/null 2>&1; then exec setsid bash -ic '"'"'"'"'"'"'"'"'source ~/.bashrc; cd /CS4803ARM_Lab/user_data/piper_ros || exit 1; echo $$ > /tmp/armory_client.pid; exec ros2 run piper piper_test_client'"'"'"'"'"'"'"'"'; else exec bash -ic '"'"'"'"'"'"'"'"'source ~/.bashrc; cd /CS4803ARM_Lab/user_data/piper_ros || exit 1; echo $$ > /tmp/armory_client.pid; exec ros2 run piper piper_test_client'"'"'"'"'"'"'"'"'; fi'"'"' >> /nethome/rbansal66/CS4803ARM_Lab/user_data/armory/logs/workstation_11-client.log 2>&1 < /dev/null & host_pid=$!; echo $host_pid > /tmp/armory_client_docker_exec.pid; sleep 0.5; if kill -0 "$host_pid" >/dev/null 2>&1; then pid=$(docker exec piper_env cat /tmp/armory_client.pid 2>/dev/null || echo "$host_pid"); echo '"'"'Piper client started (pid '"'"'"$pid"'"'"'); log: /nethome/rbansal66/CS4803ARM_Lab/user_data/armory/logs/workstation_11-client.log'"'"'; else rm -f /tmp/armory_client_docker_exec.pid; echo '"'"'Piper client exited immediately; check log: /nethome/rbansal66/CS4803ARM_Lab/user_data/armory/logs/workstation_11-client.log'"'"' >&2; tail -n 20 /nethome/rbansal66/CS4803ARM_Lab/user_data/armory/logs/workstation_11-client.log >&2 || true; exit 1; fi'
2026-04-14 23:33:28,217 [INFO] Stopping Piper client with command: bash -lc 'mkdir -p /nethome/rbansal66/CS4803ARM_Lab/user_data/armory/logs; touch /nethome/rbansal66/CS4803ARM_Lab/user_data/armory/logs/workstation_11-client.log || exit 1; printf '"'"'\n[%s] Stopping Piper client\n'"'"' "$(date '"'"'+%F %T'"'"')" >> /nethome/rbansal66/CS4803ARM_Lab/user_data/armory/logs/workstation_11-client.log; if docker ps --filter name=piper_env -q | grep -q .; then docker exec piper_env bash -lc '"'"'if [ -s /tmp/armory_client.pid ]; then pid=$(cat /tmp/armory_client.pid); kill -- -"$pid" >/dev/null 2>&1 || kill "$pid" >/dev/null 2>&1 || true; sleep 0.5; kill -9 -- -"$pid" >/dev/null 2>&1 || kill -9 "$pid" >/dev/null 2>&1 || true; rm -f /tmp/armory_client.pid; fi; pkill -f '"'"'"'"'"'"'"'"'[r]os2\ run\ piper\ piper_test_client'"'"'"'"'"'"'"'"' >/dev/null 2>&1 || true'"'"' >> /nethome/rbansal66/CS4803ARM_Lab/user_data/armory/logs/workstation_11-client.log 2>&1 || true; else echo '"'"'piper_env is not running'"'"' >> /nethome/rbansal66/CS4803ARM_Lab/user_data/armory/logs/workstation_11-client.log; fi; if [ -s /tmp/armory_client_docker_exec.pid ]; then host_pid=$(cat /tmp/armory_client_docker_exec.pid); kill "$host_pid" >/dev/null 2>&1 || true; rm -f /tmp/armory_client_docker_exec.pid; fi; echo '"'"'Piper client stopped; log: /nethome/rbansal66/CS4803ARM_Lab/user_data/armory/logs/workstation_11-client.log'"'"''
2026-04-14 23:33:44,783 [INFO] Executing: docker exec piper_env bash -ic 'source ~/.bashrc && p goto init'
2026-04-14 23:33:46,496 [INFO] stdout: Go to init complete.
2026-04-14 23:33:46,496 [WARNING] stderr: bash: cannot set terminal process group (-1): Inappropriate ioctl for device
bash: no job control in this shell
2026-04-14 23:33:51,011 [INFO] Executing: docker exec piper_env bash -ic 'source ~/.bashrc && p goto init'
2026-04-14 23:33:52,622 [INFO] stdout: Go to init complete.
2026-04-14 23:33:52,622 [WARNING] stderr: bash: cannot set terminal process group (-1): Inappropriate ioctl for device
bash: no job control in this shell
2026-04-14 23:33:57,146 [INFO] Starting Piper client with command: bash -lc 'mkdir -p /nethome/rbansal66/CS4803ARM_Lab/user_data/armory/logs; touch /nethome/rbansal66/CS4803ARM_Lab/user_data/armory/logs/workstation_11-client.log || exit 1; if ! docker ps --filter name=piper_env -q | grep -q .; then echo '"'"'piper_env is not running'"'"' >&2; exit 1; fi; if docker exec piper_env bash -lc '"'"'if [ -s /tmp/armory_client.pid ]; then pid=$(cat /tmp/armory_client.pid); kill -0 "$pid" >/dev/null 2>&1; else exit 1; fi'"'"'; then pid=$(docker exec piper_env cat /tmp/armory_client.pid); echo '"'"'Piper client already running (pid '"'"'"$pid"'"'"'); log: /nethome/rbansal66/CS4803ARM_Lab/user_data/armory/logs/workstation_11-client.log'"'"'; exit 0; fi; docker exec piper_env rm -f /tmp/armory_client.pid >/dev/null 2>&1 || true; printf '"'"'\n[%s] Starting Piper client: ros2 run piper piper_test_client\n'"'"' "$(date '"'"'+%F %T'"'"')" >> /nethome/rbansal66/CS4803ARM_Lab/user_data/armory/logs/workstation_11-client.log; nohup docker exec piper_env bash -lc '"'"'if command -v setsid >/dev/null 2>&1; then exec setsid bash -ic '"'"'"'"'"'"'"'"'source ~/.bashrc; cd /CS4803ARM_Lab/user_data/piper_ros || exit 1; echo $$ > /tmp/armory_client.pid; exec ros2 run piper piper_test_client'"'"'"'"'"'"'"'"'; else exec bash -ic '"'"'"'"'"'"'"'"'source ~/.bashrc; cd /CS4803ARM_Lab/user_data/piper_ros || exit 1; echo $$ > /tmp/armory_client.pid; exec ros2 run piper piper_test_client'"'"'"'"'"'"'"'"'; fi'"'"' >> /nethome/rbansal66/CS4803ARM_Lab/user_data/armory/logs/workstation_11-client.log 2>&1 < /dev/null & host_pid=$!; echo $host_pid > /tmp/armory_client_docker_exec.pid; sleep 0.5; if kill -0 "$host_pid" >/dev/null 2>&1; then pid=$(docker exec piper_env cat /tmp/armory_client.pid 2>/dev/null || echo "$host_pid"); echo '"'"'Piper client started (pid '"'"'"$pid"'"'"'); log: /nethome/rbansal66/CS4803ARM_Lab/user_data/armory/logs/workstation_11-client.log'"'"'; else rm -f /tmp/armory_client_docker_exec.pid; echo '"'"'Piper client exited immediately; check log: /nethome/rbansal66/CS4803ARM_Lab/user_data/armory/logs/workstation_11-client.log'"'"' >&2; tail -n 20 /nethome/rbansal66/CS4803ARM_Lab/user_data/armory/logs/workstation_11-client.log >&2 || true; exit 1; fi'
2026-04-14 23:34:48,179 [INFO] Stopping Piper client with command: bash -lc 'mkdir -p /nethome/rbansal66/CS4803ARM_Lab/user_data/armory/logs; touch /nethome/rbansal66/CS4803ARM_Lab/user_data/armory/logs/workstation_11-client.log || exit 1; printf '"'"'\n[%s] Stopping Piper client\n'"'"' "$(date '"'"'+%F %T'"'"')" >> /nethome/rbansal66/CS4803ARM_Lab/user_data/armory/logs/workstation_11-client.log; if docker ps --filter name=piper_env -q | grep -q .; then docker exec piper_env bash -lc '"'"'if [ -s /tmp/armory_client.pid ]; then pid=$(cat /tmp/armory_client.pid); kill -- -"$pid" >/dev/null 2>&1 || kill "$pid" >/dev/null 2>&1 || true; sleep 0.5; kill -9 -- -"$pid" >/dev/null 2>&1 || kill -9 "$pid" >/dev/null 2>&1 || true; rm -f /tmp/armory_client.pid; fi; pkill -f '"'"'"'"'"'"'"'"'[r]os2\ run\ piper\ piper_test_client'"'"'"'"'"'"'"'"' >/dev/null 2>&1 || true'"'"' >> /nethome/rbansal66/CS4803ARM_Lab/user_data/armory/logs/workstation_11-client.log 2>&1 || true; else echo '"'"'piper_env is not running'"'"' >> /nethome/rbansal66/CS4803ARM_Lab/user_data/armory/logs/workstation_11-client.log; fi; if [ -s /tmp/armory_client_docker_exec.pid ]; then host_pid=$(cat /tmp/armory_client_docker_exec.pid); kill "$host_pid" >/dev/null 2>&1 || true; rm -f /tmp/armory_client_docker_exec.pid; fi; echo '"'"'Piper client stopped; log: /nethome/rbansal66/CS4803ARM_Lab/user_data/armory/logs/workstation_11-client.log'"'"''
2026-04-14 23:35:51,990 [INFO] Executing: docker exec piper_env bash -ic 'source ~/.bashrc && p goto init'
2026-04-14 23:35:53,804 [INFO] stdout: Go to init complete.
2026-04-14 23:35:53,804 [WARNING] stderr: bash: cannot set terminal process group (-1): Inappropriate ioctl for device
bash: no job control in this shell
2026-04-14 23:36:05,933 [INFO] Executing: docker exec piper_env bash -ic 'source ~/.bashrc && p goto init'
2026-04-14 23:36:07,548 [INFO] stdout: Go to init complete.
2026-04-14 23:36:07,649 [WARNING] stderr: bash: cannot set terminal process group (-1): Inappropriate ioctl for device
bash: no job control in this shell
2026-04-14 23:36:12,107 [INFO] Starting Piper client with command: bash -lc 'mkdir -p /nethome/rbansal66/CS4803ARM_Lab/user_data/armory/logs; touch /nethome/rbansal66/CS4803ARM_Lab/user_data/armory/logs/workstation_11-client.log || exit 1; if ! docker ps --filter name=piper_env -q | grep -q .; then echo '"'"'piper_env is not running'"'"' >&2; exit 1; fi; if docker exec piper_env bash -lc '"'"'if [ -s /tmp/armory_client.pid ]; then pid=$(cat /tmp/armory_client.pid); kill -0 "$pid" >/dev/null 2>&1; else exit 1; fi'"'"'; then pid=$(docker exec piper_env cat /tmp/armory_client.pid); echo '"'"'Piper client already running (pid '"'"'"$pid"'"'"'); log: /nethome/rbansal66/CS4803ARM_Lab/user_data/armory/logs/workstation_11-client.log'"'"'; exit 0; fi; docker exec piper_env rm -f /tmp/armory_client.pid >/dev/null 2>&1 || true; printf '"'"'\n[%s] Starting Piper client: ros2 run piper piper_test_client\n'"'"' "$(date '"'"'+%F %T'"'"')" >> /nethome/rbansal66/CS4803ARM_Lab/user_data/armory/logs/workstation_11-client.log; nohup docker exec piper_env bash -lc '"'"'if command -v setsid >/dev/null 2>&1; then exec setsid bash -ic '"'"'"'"'"'"'"'"'source ~/.bashrc; cd /CS4803ARM_Lab/user_data/piper_ros || exit 1; echo $$ > /tmp/armory_client.pid; exec ros2 run piper piper_test_client'"'"'"'"'"'"'"'"'; else exec bash -ic '"'"'"'"'"'"'"'"'source ~/.bashrc; cd /CS4803ARM_Lab/user_data/piper_ros || exit 1; echo $$ > /tmp/armory_client.pid; exec ros2 run piper piper_test_client'"'"'"'"'"'"'"'"'; fi'"'"' >> /nethome/rbansal66/CS4803ARM_Lab/user_data/armory/logs/workstation_11-client.log 2>&1 < /dev/null & host_pid=$!; echo $host_pid > /tmp/armory_client_docker_exec.pid; sleep 0.5; if kill -0 "$host_pid" >/dev/null 2>&1; then pid=$(docker exec piper_env cat /tmp/armory_client.pid 2>/dev/null || echo "$host_pid"); echo '"'"'Piper client started (pid '"'"'"$pid"'"'"'); log: /nethome/rbansal66/CS4803ARM_Lab/user_data/armory/logs/workstation_11-client.log'"'"'; else rm -f /tmp/armory_client_docker_exec.pid; echo '"'"'Piper client exited immediately; check log: /nethome/rbansal66/CS4803ARM_Lab/user_data/armory/logs/workstation_11-client.log'"'"' >&2; tail -n 20 /nethome/rbansal66/CS4803ARM_Lab/user_data/armory/logs/workstation_11-client.log >&2 || true; exit 1; fi'
2026-04-14 23:36:33,719 [INFO] Stopping Piper client with command: bash -lc 'mkdir -p /nethome/rbansal66/CS4803ARM_Lab/user_data/armory/logs; touch /nethome/rbansal66/CS4803ARM_Lab/user_data/armory/logs/workstation_11-client.log || exit 1; printf '"'"'\n[%s] Stopping Piper client\n'"'"' "$(date '"'"'+%F %T'"'"')" >> /nethome/rbansal66/CS4803ARM_Lab/user_data/armory/logs/workstation_11-client.log; if docker ps --filter name=piper_env -q | grep -q .; then docker exec piper_env bash -lc '"'"'if [ -s /tmp/armory_client.pid ]; then pid=$(cat /tmp/armory_client.pid); kill -- -"$pid" >/dev/null 2>&1 || kill "$pid" >/dev/null 2>&1 || true; sleep 0.5; kill -9 -- -"$pid" >/dev/null 2>&1 || kill -9 "$pid" >/dev/null 2>&1 || true; rm -f /tmp/armory_client.pid; fi; pkill -f '"'"'"'"'"'"'"'"'[r]os2\ run\ piper\ piper_test_client'"'"'"'"'"'"'"'"' >/dev/null 2>&1 || true'"'"' >> /nethome/rbansal66/CS4803ARM_Lab/user_data/armory/logs/workstation_11-client.log 2>&1 || true; else echo '"'"'piper_env is not running'"'"' >> /nethome/rbansal66/CS4803ARM_Lab/user_data/armory/logs/workstation_11-client.log; fi; if [ -s /tmp/armory_client_docker_exec.pid ]; then host_pid=$(cat /tmp/armory_client_docker_exec.pid); kill "$host_pid" >/dev/null 2>&1 || true; rm -f /tmp/armory_client_docker_exec.pid; fi; echo '"'"'Piper client stopped; log: /nethome/rbansal66/CS4803ARM_Lab/user_data/armory/logs/workstation_11-client.log'"'"''
2026-04-14 23:48:01,004 [INFO] Docker container running — status: booted
2026-04-14 23:48:14,540 [INFO] Stopping data listener with command: bash -lc 'mkdir -p /nethome/rbansal66/CS4803ARM_Lab/user_data/armory/logs; touch /nethome/rbansal66/CS4803ARM_Lab/user_data/armory/logs/workstation_11-listener.log || exit 1; printf '"'"'\n[%s] Stopping data listener\n'"'"' "$(date '"'"'+%F %T'"'"')" >> /nethome/rbansal66/CS4803ARM_Lab/user_data/armory/logs/workstation_11-listener.log; if docker ps --filter name=piper_env -q | grep -q .; then docker exec piper_env bash -lc '"'"'if [ -s /tmp/armory_listener.pid ]; then pid=$(cat /tmp/armory_listener.pid); kill -- -"$pid" >/dev/null 2>&1 || kill "$pid" >/dev/null 2>&1 || true; sleep 0.5; kill -9 -- -"$pid" >/dev/null 2>&1 || kill -9 "$pid" >/dev/null 2>&1 || true; rm -f /tmp/armory_listener.pid; fi; pkill -f '"'"'"'"'"'"'"'"'[r]os2\ launch\ run_follower\.launch\.py'"'"'"'"'"'"'"'"' >/dev/null 2>&1 || true'"'"' >> /nethome/rbansal66/CS4803ARM_Lab/user_data/armory/logs/workstation_11-listener.log 2>&1 || true; else echo '"'"'piper_env is not running'"'"' >> /nethome/rbansal66/CS4803ARM_Lab/user_data/armory/logs/workstation_11-listener.log; fi; echo '"'"'data listener stopped; log: /nethome/rbansal66/CS4803ARM_Lab/user_data/armory/logs/workstation_11-listener.log'"'"''
2026-04-14 23:48:19,358 [INFO] Executing: docker exec piper_env bash -ic 'source ~/.bashrc && p goto reset'
2026-04-14 23:48:21,282 [INFO] stdout: Go to reset complete.
2026-04-14 23:48:21,382 [WARNING] stderr: bash: cannot set terminal process group (-1): Inappropriate ioctl for device
bash: no job control in this shell
2026-04-14 23:48:23,197 [INFO] Executing: docker exec piper_env bash -ic 'source ~/.bashrc && p disable'
2026-04-14 23:48:24,709 [INFO] stdout: 失能成功!!!!
Piper disable sequence complete.
2026-04-14 23:48:24,709 [WARNING] stderr: bash: cannot set terminal process group (-1): Inappropriate ioctl for device
bash: no job control in this shell
2026-04-14 23:48:31,102 [INFO] Executing: docker exec piper_env bash -ic 'source ~/.bashrc && p enable'
2026-04-14 23:48:32,112 [INFO] stdout: 使能成功!!!!
Piper enable sequence complete.
2026-04-14 23:48:32,212 [WARNING] stderr: bash: cannot set terminal process group (-1): Inappropriate ioctl for device
bash: no job control in this shell
bash: /piper_sdk/piper_sdk/can_activate.sh can0 1000000: No such file or directory
2026-04-14 23:48:32,516 [INFO] Executing: docker exec piper_env bash -ic 'source ~/.bashrc && p goto init'
2026-04-14 23:48:34,329 [INFO] stdout: Go to init complete.
2026-04-14 23:48:34,329 [WARNING] stderr: bash: cannot set terminal process group (-1): Inappropriate ioctl for device
bash: no job control in this shell
2026-04-14 23:50:00,684 [INFO] Executing: docker exec piper_env bash -ic 'source ~/.bashrc && p goto reset'
2026-04-14 23:50:02,392 [INFO] stdout: Go to reset complete.
2026-04-14 23:50:02,392 [WARNING] stderr: bash: cannot set terminal process group (-1): Inappropriate ioctl for device
bash: no job control in this shell
2026-04-14 23:50:02,695 [INFO] Executing: docker exec piper_env bash -ic 'source ~/.bashrc && p disable'
2026-04-14 23:50:03,499 [INFO] stdout: 失能成功!!!!
Piper disable sequence complete.
2026-04-14 23:50:03,599 [WARNING] stderr: bash: cannot set terminal process group (-1): Inappropriate ioctl for device
bash: no job control in this shell
2026-04-14 23:50:16,080 [INFO] Docker container running — status: booted
2026-04-14 23:50:41,924 [INFO] Executing: docker exec piper_env bash -ic 'source ~/.bashrc && p goto reset'
2026-04-14 23:50:43,638 [INFO] stdout: Go to reset complete.
2026-04-14 23:50:43,638 [WARNING] stderr: bash: cannot set terminal process group (-1): Inappropriate ioctl for device
bash: no job control in this shell
2026-04-14 23:50:44,649 [INFO] Executing: docker exec piper_env bash -ic 'source ~/.bashrc && p disable'
2026-04-14 23:50:45,958 [INFO] stdout: 失能成功!!!!
Piper disable sequence complete.
2026-04-14 23:50:45,958 [WARNING] stderr: bash: cannot set terminal process group (-1): Inappropriate ioctl for device
bash: no job control in this shell
2026-04-14 23:50:47,370 [INFO] Killing tunnel with command: bash -lc 'ssh -S /tmp/armory_tunnel_dave_8080.sock -O exit rbansal66@dave >/dev/null 2>&1 || true; rm -f /tmp/armory_tunnel_dave_8080.sock; if command -v pkill >/dev/null 2>&1; then pkill -f '"'"'[s]sh .* -L 8080:dave:8080 .*rbansal66@dave'"'"' >/dev/null 2>&1 || true; fi; echo '"'"'Tunnel stopped'"'"''
2026-04-14 23:50:49,791 [INFO] Container stopped and removed
2026-04-14 23:50:57,187 [INFO] Starting Docker container in detached mode
2026-04-14 23:50:57,894 [INFO] docker run output: d38cae4097cb44c6b3a24a2f103040c81214e3ab480a9b11f84acfb234e49076
2026-04-14 23:51:00,915 [INFO] Container started successfully
2026-04-14 23:51:08,542 [INFO] Executing: docker exec piper_env bash -ic 'source ~/.bashrc && p goto init'
2026-04-14 23:51:10,559 [INFO] stdout: Go to init complete.
2026-04-14 23:51:10,559 [WARNING] stderr: bash: cannot set terminal process group (-1): Inappropriate ioctl for device
bash: no job control in this shell
2026-04-14 23:51:15,277 [INFO] Starting data listener with command: bash -lc 'mkdir -p /nethome/rbansal66/CS4803ARM_Lab/user_data/armory/logs; touch /nethome/rbansal66/CS4803ARM_Lab/user_data/armory/logs/workstation_11-listener.log || exit 1; if ! docker ps --filter name=piper_env -q | grep -q .; then echo '"'"'piper_env is not running'"'"' >&2; exit 1; fi; if docker exec piper_env bash -lc '"'"'if [ -s /tmp/armory_listener.pid ]; then pid=$(cat /tmp/armory_listener.pid); kill -0 "$pid" >/dev/null 2>&1; else exit 1; fi'"'"'; then pid=$(docker exec piper_env cat /tmp/armory_listener.pid); echo '"'"'data listener already running (pid '"'"'"$pid"'"'"'); log: /nethome/rbansal66/CS4803ARM_Lab/user_data/armory/logs/workstation_11-listener.log'"'"'; exit 0; fi; docker exec piper_env rm -f /tmp/armory_listener.pid >/dev/null 2>&1 || true; printf '"'"'\n[%s] Starting data listener: ros2 launch run_follower.launch.py\n'"'"' "$(date '"'"'+%F %T'"'"')" >> /nethome/rbansal66/CS4803ARM_Lab/user_data/armory/logs/workstation_11-listener.log; docker exec -d piper_env bash -lc '"'"'if command -v setsid >/dev/null 2>&1; then exec setsid bash -ic '"'"'"'"'"'"'"'"'source ~/.bashrc; mkdir -p /CS4803ARM_Lab/user_data/armory/logs; cd /CS4803ARM_Lab/user_data/data_collection || exit 1; echo $$ > /tmp/armory_listener.pid; exec ros2 launch run_follower.launch.py >> /CS4803ARM_Lab/user_data/armory/logs/workstation_11-listener.log 2>&1'"'"'"'"'"'"'"'"'; else exec bash -ic '"'"'"'"'"'"'"'"'source ~/.bashrc; mkdir -p /CS4803ARM_Lab/user_data/armory/logs; cd /CS4803ARM_Lab/user_data/data_collection || exit 1; echo $$ > /tmp/armory_listener.pid; exec ros2 launch run_follower.launch.py >> /CS4803ARM_Lab/user_data/armory/logs/workstation_11-listener.log 2>&1'"'"'"'"'"'"'"'"'; fi'"'"'; sleep 2; if docker exec piper_env bash -lc '"'"'if [ -s /tmp/armory_listener.pid ]; then pid=$(cat /tmp/armory_listener.pid); kill -0 "$pid" >/dev/null 2>&1; else exit 1; fi'"'"'; then pid=$(docker exec piper_env cat /tmp/armory_listener.pid); echo '"'"'data listener started (pid '"'"'"$pid"'"'"'); log: /nethome/rbansal66/CS4803ARM_Lab/user_data/armory/logs/workstation_11-listener.log'"'"'; else echo '"'"'data listener exited immediately; check log: /nethome/rbansal66/CS4803ARM_Lab/user_data/armory/logs/workstation_11-listener.log'"'"' >&2; tail -n 20 /nethome/rbansal66/CS4803ARM_Lab/user_data/armory/logs/workstation_11-listener.log >&2 || true; exit 1; fi'
2026-04-14 23:51:37,803 [INFO] Starting Piper client with command: bash -lc 'mkdir -p /nethome/rbansal66/CS4803ARM_Lab/user_data/armory/logs; touch /nethome/rbansal66/CS4803ARM_Lab/user_data/armory/logs/workstation_11-client.log || exit 1; if ! docker ps --filter name=piper_env -q | grep -q .; then echo '"'"'piper_env is not running'"'"' >&2; exit 1; fi; if docker exec piper_env bash -lc '"'"'if [ -s /tmp/armory_client.pid ]; then pid=$(cat /tmp/armory_client.pid); kill -0 "$pid" >/dev/null 2>&1; else exit 1; fi'"'"'; then pid=$(docker exec piper_env cat /tmp/armory_client.pid); echo '"'"'Piper client already running (pid '"'"'"$pid"'"'"'); log: /nethome/rbansal66/CS4803ARM_Lab/user_data/armory/logs/workstation_11-client.log'"'"'; exit 0; fi; docker exec piper_env rm -f /tmp/armory_client.pid >/dev/null 2>&1 || true; printf '"'"'\n[%s] Starting Piper client: ros2 run piper piper_test_client\n'"'"' "$(date '"'"'+%F %T'"'"')" >> /nethome/rbansal66/CS4803ARM_Lab/user_data/armory/logs/workstation_11-client.log; docker exec -d piper_env bash -lc '"'"'if command -v setsid >/dev/null 2>&1; then exec setsid bash -ic '"'"'"'"'"'"'"'"'source ~/.bashrc; mkdir -p /CS4803ARM_Lab/user_data/armory/logs; cd /CS4803ARM_Lab/user_data/piper_ros || exit 1; echo $$ > /tmp/armory_client.pid; exec ros2 run piper piper_test_client >> /CS4803ARM_Lab/user_data/armory/logs/workstation_11-client.log 2>&1'"'"'"'"'"'"'"'"'; else exec bash -ic '"'"'"'"'"'"'"'"'source ~/.bashrc; mkdir -p /CS4803ARM_Lab/user_data/armory/logs; cd /CS4803ARM_Lab/user_data/piper_ros || exit 1; echo $$ > /tmp/armory_client.pid; exec ros2 run piper piper_test_client >> /CS4803ARM_Lab/user_data/armory/logs/workstation_11-client.log 2>&1'"'"'"'"'"'"'"'"'; fi'"'"'; sleep 2; if docker exec piper_env bash -lc '"'"'if [ -s /tmp/armory_client.pid ]; then pid=$(cat /tmp/armory_client.pid); kill -0 "$pid" >/dev/null 2>&1; else exit 1; fi'"'"'; then pid=$(docker exec piper_env cat /tmp/armory_client.pid); echo '"'"'Piper client started (pid '"'"'"$pid"'"'"'); log: /nethome/rbansal66/CS4803ARM_Lab/user_data/armory/logs/workstation_11-client.log'"'"'; else echo '"'"'Piper client exited immediately; check log: /nethome/rbansal66/CS4803ARM_Lab/user_data/armory/logs/workstation_11-client.log'"'"' >&2; tail -n 20 /nethome/rbansal66/CS4803ARM_Lab/user_data/armory/logs/workstation_11-client.log >&2 || true; exit 1; fi'
2026-04-14 23:52:10,176 [INFO] Stopping Piper client with command: bash -lc 'mkdir -p /nethome/rbansal66/CS4803ARM_Lab/user_data/armory/logs; touch /nethome/rbansal66/CS4803ARM_Lab/user_data/armory/logs/workstation_11-client.log || exit 1; printf '"'"'\n[%s] Stopping Piper client\n'"'"' "$(date '"'"'+%F %T'"'"')" >> /nethome/rbansal66/CS4803ARM_Lab/user_data/armory/logs/workstation_11-client.log; if docker ps --filter name=piper_env -q | grep -q .; then docker exec piper_env bash -lc '"'"'if [ -s /tmp/armory_client.pid ]; then pid=$(cat /tmp/armory_client.pid); kill -- -"$pid" >/dev/null 2>&1 || kill "$pid" >/dev/null 2>&1 || true; sleep 0.5; kill -9 -- -"$pid" >/dev/null 2>&1 || kill -9 "$pid" >/dev/null 2>&1 || true; rm -f /tmp/armory_client.pid; fi; pkill -f '"'"'"'"'"'"'"'"'[r]os2\ run\ piper\ piper_test_client'"'"'"'"'"'"'"'"' >/dev/null 2>&1 || true'"'"' >> /nethome/rbansal66/CS4803ARM_Lab/user_data/armory/logs/workstation_11-client.log 2>&1 || true; else echo '"'"'piper_env is not running'"'"' >> /nethome/rbansal66/CS4803ARM_Lab/user_data/armory/logs/workstation_11-client.log; fi; echo '"'"'Piper client stopped; log: /nethome/rbansal66/CS4803ARM_Lab/user_data/armory/logs/workstation_11-client.log'"'"''
2026-04-14 23:53:10,089 [INFO] Docker container running — status: booted
2026-04-14 23:53:17,433 [INFO] Starting Piper client with command: bash -lc 'mkdir -p /nethome/rbansal66/CS4803ARM_Lab/user_data/armory/logs; touch /nethome/rbansal66/CS4803ARM_Lab/user_data/armory/logs/workstation_11-client.log || exit 1; if ! docker ps --filter name=piper_env -q | grep -q .; then echo '"'"'piper_env is not running'"'"' >&2; exit 1; fi; if docker exec piper_env bash -lc '"'"'if [ -s /tmp/armory_client.pid ]; then pid=$(cat /tmp/armory_client.pid); kill -0 "$pid" >/dev/null 2>&1; else exit 1; fi'"'"'; then pid=$(docker exec piper_env cat /tmp/armory_client.pid); echo '"'"'Piper client already running (pid '"'"'"$pid"'"'"'); log: /nethome/rbansal66/CS4803ARM_Lab/user_data/armory/logs/workstation_11-client.log'"'"'; exit 0; fi; docker exec piper_env rm -f /tmp/armory_client.pid >/dev/null 2>&1 || true; printf '"'"'\n[%s] Starting Piper client: ros2 run piper piper_test_client\n'"'"' "$(date '"'"'+%F %T'"'"')" >> /nethome/rbansal66/CS4803ARM_Lab/user_data/armory/logs/workstation_11-client.log; nohup docker exec piper_env bash -lc '"'"'if command -v setsid >/dev/null 2>&1; then exec setsid bash -ic '"'"'"'"'"'"'"'"'source ~/.bashrc; cd /CS4803ARM_Lab/user_data/piper_ros || exit 1; echo $$ > /tmp/armory_client.pid; exec ros2 run piper piper_test_client'"'"'"'"'"'"'"'"'; else exec bash -ic '"'"'"'"'"'"'"'"'source ~/.bashrc; cd /CS4803ARM_Lab/user_data/piper_ros || exit 1; echo $$ > /tmp/armory_client.pid; exec ros2 run piper piper_test_client'"'"'"'"'"'"'"'"'; fi'"'"' >> /nethome/rbansal66/CS4803ARM_Lab/user_data/armory/logs/workstation_11-client.log 2>&1 < /dev/null & host_pid=$!; echo $host_pid > /tmp/armory_client_docker_exec.pid; sleep 0.5; if kill -0 "$host_pid" >/dev/null 2>&1; then pid=$(docker exec piper_env cat /tmp/armory_client.pid 2>/dev/null || echo "$host_pid"); echo '"'"'Piper client started (pid '"'"'"$pid"'"'"'); log: /nethome/rbansal66/CS4803ARM_Lab/user_data/armory/logs/workstation_11-client.log'"'"'; else rm -f /tmp/armory_client_docker_exec.pid; echo '"'"'Piper client exited immediately; check log: /nethome/rbansal66/CS4803ARM_Lab/user_data/armory/logs/workstation_11-client.log'"'"' >&2; tail -n 20 /nethome/rbansal66/CS4803ARM_Lab/user_data/armory/logs/workstation_11-client.log >&2 || true; exit 1; fi'
2026-04-14 23:53:30,211 [INFO] Stopping Piper client with command: bash -lc 'mkdir -p /nethome/rbansal66/CS4803ARM_Lab/user_data/armory/logs; touch /nethome/rbansal66/CS4803ARM_Lab/user_data/armory/logs/workstation_11-client.log || exit 1; printf '"'"'\n[%s] Stopping Piper client\n'"'"' "$(date '"'"'+%F %T'"'"')" >> /nethome/rbansal66/CS4803ARM_Lab/user_data/armory/logs/workstation_11-client.log; if docker ps --filter name=piper_env -q | grep -q .; then docker exec piper_env bash -lc '"'"'if [ -s /tmp/armory_client.pid ]; then pid=$(cat /tmp/armory_client.pid); kill -- -"$pid" >/dev/null 2>&1 || kill "$pid" >/dev/null 2>&1 || true; sleep 0.5; kill -9 -- -"$pid" >/dev/null 2>&1 || kill -9 "$pid" >/dev/null 2>&1 || true; rm -f /tmp/armory_client.pid; fi; pkill -f '"'"'"'"'"'"'"'"'[r]os2\ run\ piper\ piper_test_client'"'"'"'"'"'"'"'"' >/dev/null 2>&1 || true'"'"' >> /nethome/rbansal66/CS4803ARM_Lab/user_data/armory/logs/workstation_11-client.log 2>&1 || true; else echo '"'"'piper_env is not running'"'"' >> /nethome/rbansal66/CS4803ARM_Lab/user_data/armory/logs/workstation_11-client.log; fi; if [ -s /tmp/armory_client_docker_exec.pid ]; then host_pid=$(cat /tmp/armory_client_docker_exec.pid); kill "$host_pid" >/dev/null 2>&1 || true; rm -f /tmp/armory_client_docker_exec.pid; fi; echo '"'"'Piper client stopped; log: /nethome/rbansal66/CS4803ARM_Lab/user_data/armory/logs/workstation_11-client.log'"'"''
2026-04-14 23:54:35,570 [INFO] Starting Piper client with command: bash -lc 'mkdir -p /nethome/rbansal66/CS4803ARM_Lab/user_data/armory/logs; touch /nethome/rbansal66/CS4803ARM_Lab/user_data/armory/logs/workstation_11-client.log || exit 1; if ! docker ps --filter name=piper_env -q | grep -q .; then echo '"'"'piper_env is not running'"'"' >&2; exit 1; fi; if docker exec piper_env bash -lc '"'"'if [ -s /tmp/armory_client.pid ]; then pid=$(cat /tmp/armory_client.pid); kill -0 "$pid" >/dev/null 2>&1; else exit 1; fi'"'"'; then pid=$(docker exec piper_env cat /tmp/armory_client.pid); echo '"'"'Piper client already running (pid '"'"'"$pid"'"'"'); log: /nethome/rbansal66/CS4803ARM_Lab/user_data/armory/logs/workstation_11-client.log'"'"'; exit 0; fi; docker exec piper_env rm -f /tmp/armory_client.pid >/dev/null 2>&1 || true; printf '"'"'\n[%s] Starting Piper client: ros2 run piper piper_test_client\n'"'"' "$(date '"'"'+%F %T'"'"')" >> /nethome/rbansal66/CS4803ARM_Lab/user_data/armory/logs/workstation_11-client.log; nohup docker exec piper_env bash -lc '"'"'if command -v setsid >/dev/null 2>&1; then exec setsid bash -ic '"'"'"'"'"'"'"'"'source ~/.bashrc; cd /CS4803ARM_Lab/user_data/piper_ros || exit 1; echo $$ > /tmp/armory_client.pid; exec ros2 run piper piper_test_client'"'"'"'"'"'"'"'"'; else exec bash -ic '"'"'"'"'"'"'"'"'source ~/.bashrc; cd /CS4803ARM_Lab/user_data/piper_ros || exit 1; echo $$ > /tmp/armory_client.pid; exec ros2 run piper piper_test_client'"'"'"'"'"'"'"'"'; fi'"'"' >> /nethome/rbansal66/CS4803ARM_Lab/user_data/armory/logs/workstation_11-client.log 2>&1 < /dev/null & host_pid=$!; echo $host_pid > /tmp/armory_client_docker_exec.pid; sleep 0.5; if kill -0 "$host_pid" >/dev/null 2>&1; then pid=$(docker exec piper_env cat /tmp/armory_client.pid 2>/dev/null || echo "$host_pid"); echo '"'"'Piper client started (pid '"'"'"$pid"'"'"'); log: /nethome/rbansal66/CS4803ARM_Lab/user_data/armory/logs/workstation_11-client.log'"'"'; else rm -f /tmp/armory_client_docker_exec.pid; echo '"'"'Piper client exited immediately; check log: /nethome/rbansal66/CS4803ARM_Lab/user_data/armory/logs/workstation_11-client.log'"'"' >&2; tail -n 20 /nethome/rbansal66/CS4803ARM_Lab/user_data/armory/logs/workstation_11-client.log >&2 || true; exit 1; fi'
2026-04-14 23:54:59,695 [INFO] Stopping Piper client with command: bash -lc 'mkdir -p /nethome/rbansal66/CS4803ARM_Lab/user_data/armory/logs; touch /nethome/rbansal66/CS4803ARM_Lab/user_data/armory/logs/workstation_11-client.log || exit 1; printf '"'"'\n[%s] Stopping Piper client\n'"'"' "$(date '"'"'+%F %T'"'"')" >> /nethome/rbansal66/CS4803ARM_Lab/user_data/armory/logs/workstation_11-client.log; if docker ps --filter name=piper_env -q | grep -q .; then docker exec piper_env bash -lc '"'"'if [ -s /tmp/armory_client.pid ]; then pid=$(cat /tmp/armory_client.pid); kill -- -"$pid" >/dev/null 2>&1 || kill "$pid" >/dev/null 2>&1 || true; sleep 0.5; kill -9 -- -"$pid" >/dev/null 2>&1 || kill -9 "$pid" >/dev/null 2>&1 || true; rm -f /tmp/armory_client.pid; fi; pkill -f '"'"'"'"'"'"'"'"'[r]os2\ run\ piper\ piper_test_client'"'"'"'"'"'"'"'"' >/dev/null 2>&1 || true'"'"' >> /nethome/rbansal66/CS4803ARM_Lab/user_data/armory/logs/workstation_11-client.log 2>&1 || true; else echo '"'"'piper_env is not running'"'"' >> /nethome/rbansal66/CS4803ARM_Lab/user_data/armory/logs/workstation_11-client.log; fi; if [ -s /tmp/armory_client_docker_exec.pid ]; then host_pid=$(cat /tmp/armory_client_docker_exec.pid); kill "$host_pid" >/dev/null 2>&1 || true; rm -f /tmp/armory_client_docker_exec.pid; fi; echo '"'"'Piper client stopped; log: /nethome/rbansal66/CS4803ARM_Lab/user_data/armory/logs/workstation_11-client.log'"'"''
2026-04-14 23:56:30,515 [INFO] Starting data listener with command: bash -lc 'mkdir -p /nethome/rbansal66/CS4803ARM_Lab/user_data/armory/logs; touch /nethome/rbansal66/CS4803ARM_Lab/user_data/armory/logs/workstation_11-listener.log || exit 1; if ! docker ps --filter name=piper_env -q | grep -q .; then echo '"'"'piper_env is not running'"'"' >&2; exit 1; fi; if docker exec piper_env bash -lc '"'"'if [ -s /tmp/armory_listener.pid ]; then pid=$(cat /tmp/armory_listener.pid); kill -0 "$pid" >/dev/null 2>&1; else exit 1; fi'"'"'; then pid=$(docker exec piper_env cat /tmp/armory_listener.pid); echo '"'"'data listener already running (pid '"'"'"$pid"'"'"'); log: /nethome/rbansal66/CS4803ARM_Lab/user_data/armory/logs/workstation_11-listener.log'"'"'; exit 0; fi; docker exec piper_env rm -f /tmp/armory_listener.pid >/dev/null 2>&1 || true; printf '"'"'\n[%s] Starting data listener: ros2 launch run_follower.launch.py\n'"'"' "$(date '"'"'+%F %T'"'"')" >> /nethome/rbansal66/CS4803ARM_Lab/user_data/armory/logs/workstation_11-listener.log; nohup docker exec piper_env bash -lc '"'"'if command -v setsid >/dev/null 2>&1; then exec setsid bash -ic '"'"'"'"'"'"'"'"'source ~/.bashrc; cd /CS4803ARM_Lab/user_data/data_collection || exit 1; echo $$ > /tmp/armory_listener.pid; exec ros2 launch run_follower.launch.py'"'"'"'"'"'"'"'"'; else exec bash -ic '"'"'"'"'"'"'"'"'source ~/.bashrc; cd /CS4803ARM_Lab/user_data/data_collection || exit 1; echo $$ > /tmp/armory_listener.pid; exec ros2 launch run_follower.launch.py'"'"'"'"'"'"'"'"'; fi'"'"' >> /nethome/rbansal66/CS4803ARM_Lab/user_data/armory/logs/workstation_11-listener.log 2>&1 < /dev/null & host_pid=$!; echo $host_pid > /tmp/armory_listener_docker_exec.pid; sleep 0.5; if kill -0 "$host_pid" >/dev/null 2>&1; then pid=$(docker exec piper_env cat /tmp/armory_listener.pid 2>/dev/null || echo "$host_pid"); echo '"'"'data listener started (pid '"'"'"$pid"'"'"'); log: /nethome/rbansal66/CS4803ARM_Lab/user_data/armory/logs/workstation_11-listener.log'"'"'; else rm -f /tmp/armory_listener_docker_exec.pid; echo '"'"'data listener exited immediately; check log: /nethome/rbansal66/CS4803ARM_Lab/user_data/armory/logs/workstation_11-listener.log'"'"' >&2; tail -n 20 /nethome/rbansal66/CS4803ARM_Lab/user_data/armory/logs/workstation_11-listener.log >&2 || true; exit 1; fi'
2026-04-14 23:56:33,979 [INFO] Starting Piper client with command: bash -lc 'mkdir -p /nethome/rbansal66/CS4803ARM_Lab/user_data/armory/logs; touch /nethome/rbansal66/CS4803ARM_Lab/user_data/armory/logs/workstation_11-client.log || exit 1; if ! docker ps --filter name=piper_env -q | grep -q .; then echo '"'"'piper_env is not running'"'"' >&2; exit 1; fi; if docker exec piper_env bash -lc '"'"'if [ -s /tmp/armory_client.pid ]; then pid=$(cat /tmp/armory_client.pid); kill -0 "$pid" >/dev/null 2>&1; else exit 1; fi'"'"'; then pid=$(docker exec piper_env cat /tmp/armory_client.pid); echo '"'"'Piper client already running (pid '"'"'"$pid"'"'"'); log: /nethome/rbansal66/CS4803ARM_Lab/user_data/armory/logs/workstation_11-client.log'"'"'; exit 0; fi; docker exec piper_env rm -f /tmp/armory_client.pid >/dev/null 2>&1 || true; printf '"'"'\n[%s] Starting Piper client: ros2 run piper piper_test_client\n'"'"' "$(date '"'"'+%F %T'"'"')" >> /nethome/rbansal66/CS4803ARM_Lab/user_data/armory/logs/workstation_11-client.log; nohup docker exec piper_env bash -lc '"'"'if command -v setsid >/dev/null 2>&1; then exec setsid bash -ic '"'"'"'"'"'"'"'"'source ~/.bashrc; cd /CS4803ARM_Lab/user_data/piper_ros || exit 1; echo $$ > /tmp/armory_client.pid; exec ros2 run piper piper_test_client'"'"'"'"'"'"'"'"'; else exec bash -ic '"'"'"'"'"'"'"'"'source ~/.bashrc; cd /CS4803ARM_Lab/user_data/piper_ros || exit 1; echo $$ > /tmp/armory_client.pid; exec ros2 run piper piper_test_client'"'"'"'"'"'"'"'"'; fi'"'"' >> /nethome/rbansal66/CS4803ARM_Lab/user_data/armory/logs/workstation_11-client.log 2>&1 < /dev/null & host_pid=$!; echo $host_pid > /tmp/armory_client_docker_exec.pid; sleep 0.5; if kill -0 "$host_pid" >/dev/null 2>&1; then pid=$(docker exec piper_env cat /tmp/armory_client.pid 2>/dev/null || echo "$host_pid"); echo '"'"'Piper client started (pid '"'"'"$pid"'"'"'); log: /nethome/rbansal66/CS4803ARM_Lab/user_data/armory/logs/workstation_11-client.log'"'"'; else rm -f /tmp/armory_client_docker_exec.pid; echo '"'"'Piper client exited immediately; check log: /nethome/rbansal66/CS4803ARM_Lab/user_data/armory/logs/workstation_11-client.log'"'"' >&2; tail -n 20 /nethome/rbansal66/CS4803ARM_Lab/user_data/armory/logs/workstation_11-client.log >&2 || true; exit 1; fi'
2026-04-14 23:56:50,263 [INFO] Stopping Piper client with command: bash -lc 'mkdir -p /nethome/rbansal66/CS4803ARM_Lab/user_data/armory/logs; touch /nethome/rbansal66/CS4803ARM_Lab/user_data/armory/logs/workstation_11-client.log || exit 1; printf '"'"'\n[%s] Stopping Piper client\n'"'"' "$(date '"'"'+%F %T'"'"')" >> /nethome/rbansal66/CS4803ARM_Lab/user_data/armory/logs/workstation_11-client.log; if docker ps --filter name=piper_env -q | grep -q .; then docker exec piper_env bash -lc '"'"'if [ -s /tmp/armory_client.pid ]; then pid=$(cat /tmp/armory_client.pid); kill -- -"$pid" >/dev/null 2>&1 || kill "$pid" >/dev/null 2>&1 || true; sleep 0.5; kill -9 -- -"$pid" >/dev/null 2>&1 || kill -9 "$pid" >/dev/null 2>&1 || true; rm -f /tmp/armory_client.pid; fi; pkill -f '"'"'"'"'"'"'"'"'[r]os2\ run\ piper\ piper_test_client'"'"'"'"'"'"'"'"' >/dev/null 2>&1 || true'"'"' >> /nethome/rbansal66/CS4803ARM_Lab/user_data/armory/logs/workstation_11-client.log 2>&1 || true; else echo '"'"'piper_env is not running'"'"' >> /nethome/rbansal66/CS4803ARM_Lab/user_data/armory/logs/workstation_11-client.log; fi; if [ -s /tmp/armory_client_docker_exec.pid ]; then host_pid=$(cat /tmp/armory_client_docker_exec.pid); kill "$host_pid" >/dev/null 2>&1 || true; rm -f /tmp/armory_client_docker_exec.pid; fi; echo '"'"'Piper client stopped; log: /nethome/rbansal66/CS4803ARM_Lab/user_data/armory/logs/workstation_11-client.log'"'"''
2026-04-14 23:57:29,716 [INFO] Starting data listener with command: bash -lc 'mkdir -p /nethome/rbansal66/CS4803ARM_Lab/user_data/armory/logs; touch /nethome/rbansal66/CS4803ARM_Lab/user_data/armory/logs/workstation_11-listener.log || exit 1; if ! docker ps --filter name=piper_env -q | grep -q .; then echo '"'"'piper_env is not running'"'"' >&2; exit 1; fi; if docker exec piper_env bash -lc '"'"'if [ -s /tmp/armory_listener.pid ]; then pid=$(cat /tmp/armory_listener.pid); kill -0 "$pid" >/dev/null 2>&1; else exit 1; fi'"'"'; then pid=$(docker exec piper_env cat /tmp/armory_listener.pid); echo '"'"'data listener already running (pid '"'"'"$pid"'"'"'); log: /nethome/rbansal66/CS4803ARM_Lab/user_data/armory/logs/workstation_11-listener.log'"'"'; exit 0; fi; docker exec piper_env rm -f /tmp/armory_listener.pid >/dev/null 2>&1 || true; printf '"'"'\n[%s] Starting data listener: ros2 launch run_follower.launch.py\n'"'"' "$(date '"'"'+%F %T'"'"')" >> /nethome/rbansal66/CS4803ARM_Lab/user_data/armory/logs/workstation_11-listener.log; nohup docker exec piper_env bash -lc '"'"'if command -v setsid >/dev/null 2>&1; then exec setsid bash -ic '"'"'"'"'"'"'"'"'source ~/.bashrc; cd /CS4803ARM_Lab/user_data/data_collection || exit 1; echo $$ > /tmp/armory_listener.pid; exec ros2 launch run_follower.launch.py'"'"'"'"'"'"'"'"'; else exec bash -ic '"'"'"'"'"'"'"'"'source ~/.bashrc; cd /CS4803ARM_Lab/user_data/data_collection || exit 1; echo $$ > /tmp/armory_listener.pid; exec ros2 launch run_follower.launch.py'"'"'"'"'"'"'"'"'; fi'"'"' >> /nethome/rbansal66/CS4803ARM_Lab/user_data/armory/logs/workstation_11-listener.log 2>&1 < /dev/null & host_pid=$!; echo $host_pid > /tmp/armory_listener_docker_exec.pid; sleep 0.5; if kill -0 "$host_pid" >/dev/null 2>&1; then pid=$(docker exec piper_env cat /tmp/armory_listener.pid 2>/dev/null || echo "$host_pid"); echo '"'"'data listener started (pid '"'"'"$pid"'"'"'); log: /nethome/rbansal66/CS4803ARM_Lab/user_data/armory/logs/workstation_11-listener.log'"'"'; else rm -f /tmp/armory_listener_docker_exec.pid; echo '"'"'data listener exited immediately; check log: /nethome/rbansal66/CS4803ARM_Lab/user_data/armory/logs/workstation_11-listener.log'"'"' >&2; tail -n 20 /nethome/rbansal66/CS4803ARM_Lab/user_data/armory/logs/workstation_11-listener.log >&2 || true; exit 1; fi'
2026-04-14 23:57:42,210 [INFO] Stopping data listener with command: bash -lc 'mkdir -p /nethome/rbansal66/CS4803ARM_Lab/user_data/armory/logs; touch /nethome/rbansal66/CS4803ARM_Lab/user_data/armory/logs/workstation_11-listener.log || exit 1; printf '"'"'\n[%s] Stopping data listener\n'"'"' "$(date '"'"'+%F %T'"'"')" >> /nethome/rbansal66/CS4803ARM_Lab/user_data/armory/logs/workstation_11-listener.log; if docker ps --filter name=piper_env -q | grep -q .; then docker exec piper_env bash -lc '"'"'if [ -s /tmp/armory_listener.pid ]; then pid=$(cat /tmp/armory_listener.pid); kill -- -"$pid" >/dev/null 2>&1 || kill "$pid" >/dev/null 2>&1 || true; sleep 0.5; kill -9 -- -"$pid" >/dev/null 2>&1 || kill -9 "$pid" >/dev/null 2>&1 || true; rm -f /tmp/armory_listener.pid; fi; pkill -f '"'"'"'"'"'"'"'"'[r]os2\ launch\ run_follower\.launch\.py'"'"'"'"'"'"'"'"' >/dev/null 2>&1 || true'"'"' >> /nethome/rbansal66/CS4803ARM_Lab/user_data/armory/logs/workstation_11-listener.log 2>&1 || true; else echo '"'"'piper_env is not running'"'"' >> /nethome/rbansal66/CS4803ARM_Lab/user_data/armory/logs/workstation_11-listener.log; fi; if [ -s /tmp/armory_listener_docker_exec.pid ]; then host_pid=$(cat /tmp/armory_listener_docker_exec.pid); kill "$host_pid" >/dev/null 2>&1 || true; rm -f /tmp/armory_listener_docker_exec.pid; fi; echo '"'"'data listener stopped; log: /nethome/rbansal66/CS4803ARM_Lab/user_data/armory/logs/workstation_11-listener.log'"'"''
2026-04-14 23:57:51,802 [INFO] Starting data listener with command: bash -lc 'mkdir -p /nethome/rbansal66/CS4803ARM_Lab/user_data/armory/logs; touch /nethome/rbansal66/CS4803ARM_Lab/user_data/armory/logs/workstation_11-listener.log || exit 1; if ! docker ps --filter name=piper_env -q | grep -q .; then echo '"'"'piper_env is not running'"'"' >&2; exit 1; fi; if docker exec piper_env bash -lc '"'"'if [ -s /tmp/armory_listener.pid ]; then pid=$(cat /tmp/armory_listener.pid); kill -0 "$pid" >/dev/null 2>&1; else exit 1; fi'"'"'; then pid=$(docker exec piper_env cat /tmp/armory_listener.pid); echo '"'"'data listener already running (pid '"'"'"$pid"'"'"'); log: /nethome/rbansal66/CS4803ARM_Lab/user_data/armory/logs/workstation_11-listener.log'"'"'; exit 0; fi; docker exec piper_env rm -f /tmp/armory_listener.pid >/dev/null 2>&1 || true; printf '"'"'\n[%s] Starting data listener: ros2 launch run_follower.launch.py\n'"'"' "$(date '"'"'+%F %T'"'"')" >> /nethome/rbansal66/CS4803ARM_Lab/user_data/armory/logs/workstation_11-listener.log; nohup docker exec piper_env bash -lc '"'"'if command -v setsid >/dev/null 2>&1; then exec setsid bash -ic '"'"'"'"'"'"'"'"'source ~/.bashrc; cd /CS4803ARM_Lab/user_data/data_collection || exit 1; echo $$ > /tmp/armory_listener.pid; exec ros2 launch run_follower.launch.py'"'"'"'"'"'"'"'"'; else exec bash -ic '"'"'"'"'"'"'"'"'source ~/.bashrc; cd /CS4803ARM_Lab/user_data/data_collection || exit 1; echo $$ > /tmp/armory_listener.pid; exec ros2 launch run_follower.launch.py'"'"'"'"'"'"'"'"'; fi'"'"' >> /nethome/rbansal66/CS4803ARM_Lab/user_data/armory/logs/workstation_11-listener.log 2>&1 < /dev/null & host_pid=$!; echo $host_pid > /tmp/armory_listener_docker_exec.pid; sleep 0.5; if kill -0 "$host_pid" >/dev/null 2>&1; then pid=$(docker exec piper_env cat /tmp/armory_listener.pid 2>/dev/null || echo "$host_pid"); echo '"'"'data listener started (pid '"'"'"$pid"'"'"'); log: /nethome/rbansal66/CS4803ARM_Lab/user_data/armory/logs/workstation_11-listener.log'"'"'; else rm -f /tmp/armory_listener_docker_exec.pid; echo '"'"'data listener exited immediately; check log: /nethome/rbansal66/CS4803ARM_Lab/user_data/armory/logs/workstation_11-listener.log'"'"' >&2; tail -n 20 /nethome/rbansal66/CS4803ARM_Lab/user_data/armory/logs/workstation_11-listener.log >&2 || true; exit 1; fi'
2026-04-14 23:58:27,362 [INFO] Starting Piper client with command: bash -lc 'mkdir -p /nethome/rbansal66/CS4803ARM_Lab/user_data/armory/logs; touch /nethome/rbansal66/CS4803ARM_Lab/user_data/armory/logs/workstation_11-client.log || exit 1; if ! docker ps --filter name=piper_env -q | grep -q .; then echo '"'"'piper_env is not running'"'"' >&2; exit 1; fi; if docker exec piper_env bash -lc '"'"'if [ -s /tmp/armory_client.pid ]; then pid=$(cat /tmp/armory_client.pid); kill -0 "$pid" >/dev/null 2>&1; else exit 1; fi'"'"'; then pid=$(docker exec piper_env cat /tmp/armory_client.pid); echo '"'"'Piper client already running (pid '"'"'"$pid"'"'"'); log: /nethome/rbansal66/CS4803ARM_Lab/user_data/armory/logs/workstation_11-client.log'"'"'; exit 0; fi; docker exec piper_env rm -f /tmp/armory_client.pid >/dev/null 2>&1 || true; printf '"'"'\n[%s] Starting Piper client: ros2 run piper piper_test_client\n'"'"' "$(date '"'"'+%F %T'"'"')" >> /nethome/rbansal66/CS4803ARM_Lab/user_data/armory/logs/workstation_11-client.log; nohup docker exec piper_env bash -lc '"'"'if command -v setsid >/dev/null 2>&1; then exec setsid bash -ic '"'"'"'"'"'"'"'"'source ~/.bashrc; cd /CS4803ARM_Lab/user_data/piper_ros || exit 1; echo $$ > /tmp/armory_client.pid; exec ros2 run piper piper_test_client'"'"'"'"'"'"'"'"'; else exec bash -ic '"'"'"'"'"'"'"'"'source ~/.bashrc; cd /CS4803ARM_Lab/user_data/piper_ros || exit 1; echo $$ > /tmp/armory_client.pid; exec ros2 run piper piper_test_client'"'"'"'"'"'"'"'"'; fi'"'"' >> /nethome/rbansal66/CS4803ARM_Lab/user_data/armory/logs/workstation_11-client.log 2>&1 < /dev/null & host_pid=$!; echo $host_pid > /tmp/armory_client_docker_exec.pid; sleep 0.5; if kill -0 "$host_pid" >/dev/null 2>&1; then pid=$(docker exec piper_env cat /tmp/armory_client.pid 2>/dev/null || echo "$host_pid"); echo '"'"'Piper client started (pid '"'"'"$pid"'"'"'); log: /nethome/rbansal66/CS4803ARM_Lab/user_data/armory/logs/workstation_11-client.log'"'"'; else rm -f /tmp/armory_client_docker_exec.pid; echo '"'"'Piper client exited immediately; check log: /nethome/rbansal66/CS4803ARM_Lab/user_data/armory/logs/workstation_11-client.log'"'"' >&2; tail -n 20 /nethome/rbansal66/CS4803ARM_Lab/user_data/armory/logs/workstation_11-client.log >&2 || true; exit 1; fi'
2026-04-14 23:59:14,669 [INFO] Stopping Piper client with command: bash -lc 'mkdir -p /nethome/rbansal66/CS4803ARM_Lab/user_data/armory/logs; touch /nethome/rbansal66/CS4803ARM_Lab/user_data/armory/logs/workstation_11-client.log || exit 1; printf '"'"'\n[%s] Stopping Piper client\n'"'"' "$(date '"'"'+%F %T'"'"')" >> /nethome/rbansal66/CS4803ARM_Lab/user_data/armory/logs/workstation_11-client.log; if docker ps --filter name=piper_env -q | grep -q .; then docker exec piper_env bash -lc '"'"'if [ -s /tmp/armory_client.pid ]; then pid=$(cat /tmp/armory_client.pid); kill -- -"$pid" >/dev/null 2>&1 || kill "$pid" >/dev/null 2>&1 || true; sleep 0.5; kill -9 -- -"$pid" >/dev/null 2>&1 || kill -9 "$pid" >/dev/null 2>&1 || true; rm -f /tmp/armory_client.pid; fi; pkill -f '"'"'"'"'"'"'"'"'[r]os2\ run\ piper\ piper_test_client'"'"'"'"'"'"'"'"' >/dev/null 2>&1 || true'"'"' >> /nethome/rbansal66/CS4803ARM_Lab/user_data/armory/logs/workstation_11-client.log 2>&1 || true; else echo '"'"'piper_env is not running'"'"' >> /nethome/rbansal66/CS4803ARM_Lab/user_data/armory/logs/workstation_11-client.log; fi; if [ -s /tmp/armory_client_docker_exec.pid ]; then host_pid=$(cat /tmp/armory_client_docker_exec.pid); kill "$host_pid" >/dev/null 2>&1 || true; rm -f /tmp/armory_client_docker_exec.pid; fi; echo '"'"'Piper client stopped; log: /nethome/rbansal66/CS4803ARM_Lab/user_data/armory/logs/workstation_11-client.log'"'"''
2026-04-15 00:01:10,022 [INFO] Starting Piper client with command: bash -lc 'mkdir -p /nethome/rbansal66/CS4803ARM_Lab/user_data/armory/logs; touch /nethome/rbansal66/CS4803ARM_Lab/user_data/armory/logs/workstation_11-client.log || exit 1; if ! docker ps --filter name=piper_env -q | grep -q .; then echo '"'"'piper_env is not running'"'"' >&2; exit 1; fi; if docker exec piper_env bash -lc '"'"'if [ -s /tmp/armory_client.pid ]; then pid=$(cat /tmp/armory_client.pid); kill -0 "$pid" >/dev/null 2>&1; else exit 1; fi'"'"'; then pid=$(docker exec piper_env cat /tmp/armory_client.pid); echo '"'"'Piper client already running (pid '"'"'"$pid"'"'"'); log: /nethome/rbansal66/CS4803ARM_Lab/user_data/armory/logs/workstation_11-client.log'"'"'; exit 0; fi; docker exec piper_env rm -f /tmp/armory_client.pid >/dev/null 2>&1 || true; printf '"'"'\n[%s] Starting Piper client: ros2 run piper piper_test_client\n'"'"' "$(date '"'"'+%F %T'"'"')" >> /nethome/rbansal66/CS4803ARM_Lab/user_data/armory/logs/workstation_11-client.log; nohup docker exec piper_env bash -lc '"'"'if command -v setsid >/dev/null 2>&1; then exec setsid bash -ic '"'"'"'"'"'"'"'"'source ~/.bashrc; cd /CS4803ARM_Lab/user_data/piper_ros || exit 1; echo $$ > /tmp/armory_client.pid; exec ros2 run piper piper_test_client'"'"'"'"'"'"'"'"'; else exec bash -ic '"'"'"'"'"'"'"'"'source ~/.bashrc; cd /CS4803ARM_Lab/user_data/piper_ros || exit 1; echo $$ > /tmp/armory_client.pid; exec ros2 run piper piper_test_client'"'"'"'"'"'"'"'"'; fi'"'"' >> /nethome/rbansal66/CS4803ARM_Lab/user_data/armory/logs/workstation_11-client.log 2>&1 < /dev/null & host_pid=$!; echo $host_pid > /tmp/armory_client_docker_exec.pid; sleep 0.5; if kill -0 "$host_pid" >/dev/null 2>&1; then pid=$(docker exec piper_env cat /tmp/armory_client.pid 2>/dev/null || echo "$host_pid"); echo '"'"'Piper client started (pid '"'"'"$pid"'"'"'); log: /nethome/rbansal66/CS4803ARM_Lab/user_data/armory/logs/workstation_11-client.log'"'"'; else rm -f /tmp/armory_client_docker_exec.pid; echo '"'"'Piper client exited immediately; check log: /nethome/rbansal66/CS4803ARM_Lab/user_data/armory/logs/workstation_11-client.log'"'"' >&2; tail -n 20 /nethome/rbansal66/CS4803ARM_Lab/user_data/armory/logs/workstation_11-client.log >&2 || true; exit 1; fi'
2026-04-15 00:01:31,136 [INFO] Stopping Piper client with command: bash -lc 'mkdir -p /nethome/rbansal66/CS4803ARM_Lab/user_data/armory/logs; touch /nethome/rbansal66/CS4803ARM_Lab/user_data/armory/logs/workstation_11-client.log || exit 1; printf '"'"'\n[%s] Stopping Piper client\n'"'"' "$(date '"'"'+%F %T'"'"')" >> /nethome/rbansal66/CS4803ARM_Lab/user_data/armory/logs/workstation_11-client.log; if docker ps --filter name=piper_env -q | grep -q .; then docker exec piper_env bash -lc '"'"'if [ -s /tmp/armory_client.pid ]; then pid=$(cat /tmp/armory_client.pid); kill -- -"$pid" >/dev/null 2>&1 || kill "$pid" >/dev/null 2>&1 || true; sleep 0.5; kill -9 -- -"$pid" >/dev/null 2>&1 || kill -9 "$pid" >/dev/null 2>&1 || true; rm -f /tmp/armory_client.pid; fi; pkill -f '"'"'"'"'"'"'"'"'[r]os2\ run\ piper\ piper_test_client'"'"'"'"'"'"'"'"' >/dev/null 2>&1 || true'"'"' >> /nethome/rbansal66/CS4803ARM_Lab/user_data/armory/logs/workstation_11-client.log 2>&1 || true; else echo '"'"'piper_env is not running'"'"' >> /nethome/rbansal66/CS4803ARM_Lab/user_data/armory/logs/workstation_11-client.log; fi; if [ -s /tmp/armory_client_docker_exec.pid ]; then host_pid=$(cat /tmp/armory_client_docker_exec.pid); kill "$host_pid" >/dev/null 2>&1 || true; rm -f /tmp/armory_client_docker_exec.pid; fi; echo '"'"'Piper client stopped; log: /nethome/rbansal66/CS4803ARM_Lab/user_data/armory/logs/workstation_11-client.log'"'"''
2026-04-15 00:01:36,742 [INFO] Stopping data listener with command: bash -lc 'mkdir -p /nethome/rbansal66/CS4803ARM_Lab/user_data/armory/logs; touch /nethome/rbansal66/CS4803ARM_Lab/user_data/armory/logs/workstation_11-listener.log || exit 1; printf '"'"'\n[%s] Stopping data listener\n'"'"' "$(date '"'"'+%F %T'"'"')" >> /nethome/rbansal66/CS4803ARM_Lab/user_data/armory/logs/workstation_11-listener.log; if docker ps --filter name=piper_env -q | grep -q .; then docker exec piper_env bash -lc '"'"'if [ -s /tmp/armory_listener.pid ]; then pid=$(cat /tmp/armory_listener.pid); kill -- -"$pid" >/dev/null 2>&1 || kill "$pid" >/dev/null 2>&1 || true; sleep 0.5; kill -9 -- -"$pid" >/dev/null 2>&1 || kill -9 "$pid" >/dev/null 2>&1 || true; rm -f /tmp/armory_listener.pid; fi; pkill -f '"'"'"'"'"'"'"'"'[r]os2\ launch\ run_follower\.launch\.py'"'"'"'"'"'"'"'"' >/dev/null 2>&1 || true'"'"' >> /nethome/rbansal66/CS4803ARM_Lab/user_data/armory/logs/workstation_11-listener.log 2>&1 || true; else echo '"'"'piper_env is not running'"'"' >> /nethome/rbansal66/CS4803ARM_Lab/user_data/armory/logs/workstation_11-listener.log; fi; if [ -s /tmp/armory_listener_docker_exec.pid ]; then host_pid=$(cat /tmp/armory_listener_docker_exec.pid); kill "$host_pid" >/dev/null 2>&1 || true; rm -f /tmp/armory_listener_docker_exec.pid; fi; echo '"'"'data listener stopped; log: /nethome/rbansal66/CS4803ARM_Lab/user_data/armory/logs/workstation_11-listener.log'"'"''
2026-04-15 00:01:43,558 [INFO] Executing: docker exec piper_env bash -ic 'source ~/.bashrc && p goto init'
2026-04-15 00:01:45,164 [INFO] stdout: Go to init complete.
2026-04-15 00:01:45,165 [WARNING] stderr: bash: cannot set terminal process group (-1): Inappropriate ioctl for device
bash: no job control in this shell
2026-04-15 00:01:51,847 [INFO] Executing: docker exec piper_env bash -ic 'source ~/.bashrc && p goto reset'
2026-04-15 00:01:53,655 [INFO] stdout: Go to reset complete.
2026-04-15 00:01:53,655 [WARNING] stderr: bash: cannot set terminal process group (-1): Inappropriate ioctl for device
bash: no job control in this shell
2026-04-15 00:01:54,060 [INFO] Executing: docker exec piper_env bash -ic 'source ~/.bashrc && p disable'
2026-04-15 00:01:54,764 [INFO] stdout: 失能成功!!!!
Piper disable sequence complete.
2026-04-15 00:01:54,765 [WARNING] stderr: bash: cannot set terminal process group (-1): Inappropriate ioctl for device
bash: no job control in this shell
2026-04-15 00:02:18,362 [INFO] Executing: docker exec piper_env bash -ic 'source ~/.bashrc && p goto init'
2026-04-15 00:02:20,078 [INFO] stdout: Go to init complete.
2026-04-15 00:02:20,078 [WARNING] stderr: bash: cannot set terminal process group (-1): Inappropriate ioctl for device
bash: no job control in this shell
2026-04-15 00:02:24,626 [INFO] Starting data listener with command: bash -lc 'mkdir -p /nethome/rbansal66/CS4803ARM_Lab/user_data/armory/logs; touch /nethome/rbansal66/CS4803ARM_Lab/user_data/armory/logs/workstation_11-listener.log || exit 1; if ! docker ps --filter name=piper_env -q | grep -q .; then echo '"'"'piper_env is not running'"'"' >&2; exit 1; fi; if docker exec piper_env bash -lc '"'"'if [ -s /tmp/armory_listener.pid ]; then pid=$(cat /tmp/armory_listener.pid); kill -0 "$pid" >/dev/null 2>&1; else exit 1; fi'"'"'; then pid=$(docker exec piper_env cat /tmp/armory_listener.pid); echo '"'"'data listener already running (pid '"'"'"$pid"'"'"'); log: /nethome/rbansal66/CS4803ARM_Lab/user_data/armory/logs/workstation_11-listener.log'"'"'; exit 0; fi; docker exec piper_env rm -f /tmp/armory_listener.pid >/dev/null 2>&1 || true; printf '"'"'\n[%s] Starting data listener: ros2 launch run_follower.launch.py\n'"'"' "$(date '"'"'+%F %T'"'"')" >> /nethome/rbansal66/CS4803ARM_Lab/user_data/armory/logs/workstation_11-listener.log; nohup docker exec piper_env bash -lc '"'"'if command -v setsid >/dev/null 2>&1; then exec setsid bash -ic '"'"'"'"'"'"'"'"'source ~/.bashrc; cd /CS4803ARM_Lab/user_data/data_collection || exit 1; echo $$ > /tmp/armory_listener.pid; exec ros2 launch run_follower.launch.py'"'"'"'"'"'"'"'"'; else exec bash -ic '"'"'"'"'"'"'"'"'source ~/.bashrc; cd /CS4803ARM_Lab/user_data/data_collection || exit 1; echo $$ > /tmp/armory_listener.pid; exec ros2 launch run_follower.launch.py'"'"'"'"'"'"'"'"'; fi'"'"' >> /nethome/rbansal66/CS4803ARM_Lab/user_data/armory/logs/workstation_11-listener.log 2>&1 < /dev/null & host_pid=$!; echo $host_pid > /tmp/armory_listener_docker_exec.pid; sleep 0.5; if kill -0 "$host_pid" >/dev/null 2>&1; then pid=$(docker exec piper_env cat /tmp/armory_listener.pid 2>/dev/null || echo "$host_pid"); echo '"'"'data listener started (pid '"'"'"$pid"'"'"'); log: /nethome/rbansal66/CS4803ARM_Lab/user_data/armory/logs/workstation_11-listener.log'"'"'; else rm -f /tmp/armory_listener_docker_exec.pid; echo '"'"'data listener exited immediately; check log: /nethome/rbansal66/CS4803ARM_Lab/user_data/armory/logs/workstation_11-listener.log'"'"' >&2; tail -n 20 /nethome/rbansal66/CS4803ARM_Lab/user_data/armory/logs/workstation_11-listener.log >&2 || true; exit 1; fi'
2026-04-15 00:02:33,702 [INFO] Starting Piper client with command: bash -lc 'mkdir -p /nethome/rbansal66/CS4803ARM_Lab/user_data/armory/logs; touch /nethome/rbansal66/CS4803ARM_Lab/user_data/armory/logs/workstation_11-client.log || exit 1; if ! docker ps --filter name=piper_env -q | grep -q .; then echo '"'"'piper_env is not running'"'"' >&2; exit 1; fi; if docker exec piper_env bash -lc '"'"'if [ -s /tmp/armory_client.pid ]; then pid=$(cat /tmp/armory_client.pid); kill -0 "$pid" >/dev/null 2>&1; else exit 1; fi'"'"'; then pid=$(docker exec piper_env cat /tmp/armory_client.pid); echo '"'"'Piper client already running (pid '"'"'"$pid"'"'"'); log: /nethome/rbansal66/CS4803ARM_Lab/user_data/armory/logs/workstation_11-client.log'"'"'; exit 0; fi; docker exec piper_env rm -f /tmp/armory_client.pid >/dev/null 2>&1 || true; printf '"'"'\n[%s] Starting Piper client: ros2 run piper piper_test_client\n'"'"' "$(date '"'"'+%F %T'"'"')" >> /nethome/rbansal66/CS4803ARM_Lab/user_data/armory/logs/workstation_11-client.log; nohup docker exec piper_env bash -lc '"'"'if command -v setsid >/dev/null 2>&1; then exec setsid bash -ic '"'"'"'"'"'"'"'"'source ~/.bashrc; cd /CS4803ARM_Lab/user_data/piper_ros || exit 1; echo $$ > /tmp/armory_client.pid; exec ros2 run piper piper_test_client'"'"'"'"'"'"'"'"'; else exec bash -ic '"'"'"'"'"'"'"'"'source ~/.bashrc; cd /CS4803ARM_Lab/user_data/piper_ros || exit 1; echo $$ > /tmp/armory_client.pid; exec ros2 run piper piper_test_client'"'"'"'"'"'"'"'"'; fi'"'"' >> /nethome/rbansal66/CS4803ARM_Lab/user_data/armory/logs/workstation_11-client.log 2>&1 < /dev/null & host_pid=$!; echo $host_pid > /tmp/armory_client_docker_exec.pid; sleep 0.5; if kill -0 "$host_pid" >/dev/null 2>&1; then pid=$(docker exec piper_env cat /tmp/armory_client.pid 2>/dev/null || echo "$host_pid"); echo '"'"'Piper client started (pid '"'"'"$pid"'"'"'); log: /nethome/rbansal66/CS4803ARM_Lab/user_data/armory/logs/workstation_11-client.log'"'"'; else rm -f /tmp/armory_client_docker_exec.pid; echo '"'"'Piper client exited immediately; check log: /nethome/rbansal66/CS4803ARM_Lab/user_data/armory/logs/workstation_11-client.log'"'"' >&2; tail -n 20 /nethome/rbansal66/CS4803ARM_Lab/user_data/armory/logs/workstation_11-client.log >&2 || true; exit 1; fi'
2026-04-15 00:03:08,576 [INFO] Stopping Piper client with command: bash -lc 'mkdir -p /nethome/rbansal66/CS4803ARM_Lab/user_data/armory/logs; touch /nethome/rbansal66/CS4803ARM_Lab/user_data/armory/logs/workstation_11-client.log || exit 1; printf '"'"'\n[%s] Stopping Piper client\n'"'"' "$(date '"'"'+%F %T'"'"')" >> /nethome/rbansal66/CS4803ARM_Lab/user_data/armory/logs/workstation_11-client.log; if docker ps --filter name=piper_env -q | grep -q .; then docker exec piper_env bash -lc '"'"'if [ -s /tmp/armory_client.pid ]; then pid=$(cat /tmp/armory_client.pid); kill -- -"$pid" >/dev/null 2>&1 || kill "$pid" >/dev/null 2>&1 || true; sleep 0.5; kill -9 -- -"$pid" >/dev/null 2>&1 || kill -9 "$pid" >/dev/null 2>&1 || true; rm -f /tmp/armory_client.pid; fi; pkill -f '"'"'"'"'"'"'"'"'[r]os2\ run\ piper\ piper_test_client'"'"'"'"'"'"'"'"' >/dev/null 2>&1 || true'"'"' >> /nethome/rbansal66/CS4803ARM_Lab/user_data/armory/logs/workstation_11-client.log 2>&1 || true; else echo '"'"'piper_env is not running'"'"' >> /nethome/rbansal66/CS4803ARM_Lab/user_data/armory/logs/workstation_11-client.log; fi; if [ -s /tmp/armory_client_docker_exec.pid ]; then host_pid=$(cat /tmp/armory_client_docker_exec.pid); kill "$host_pid" >/dev/null 2>&1 || true; rm -f /tmp/armory_client_docker_exec.pid; fi; echo '"'"'Piper client stopped; log: /nethome/rbansal66/CS4803ARM_Lab/user_data/armory/logs/workstation_11-client.log'"'"''
2026-04-15 00:03:17,311 [INFO] Starting Piper client with command: bash -lc 'mkdir -p /nethome/rbansal66/CS4803ARM_Lab/user_data/armory/logs; touch /nethome/rbansal66/CS4803ARM_Lab/user_data/armory/logs/workstation_11-client.log || exit 1; if ! docker ps --filter name=piper_env -q | grep -q .; then echo '"'"'piper_env is not running'"'"' >&2; exit 1; fi; if docker exec piper_env bash -lc '"'"'if [ -s /tmp/armory_client.pid ]; then pid=$(cat /tmp/armory_client.pid); kill -0 "$pid" >/dev/null 2>&1; else exit 1; fi'"'"'; then pid=$(docker exec piper_env cat /tmp/armory_client.pid); echo '"'"'Piper client already running (pid '"'"'"$pid"'"'"'); log: /nethome/rbansal66/CS4803ARM_Lab/user_data/armory/logs/workstation_11-client.log'"'"'; exit 0; fi; docker exec piper_env rm -f /tmp/armory_client.pid >/dev/null 2>&1 || true; printf '"'"'\n[%s] Starting Piper client: ros2 run piper piper_test_client\n'"'"' "$(date '"'"'+%F %T'"'"')" >> /nethome/rbansal66/CS4803ARM_Lab/user_data/armory/logs/workstation_11-client.log; nohup docker exec piper_env bash -lc '"'"'if command -v setsid >/dev/null 2>&1; then exec setsid bash -ic '"'"'"'"'"'"'"'"'source ~/.bashrc; cd /CS4803ARM_Lab/user_data/piper_ros || exit 1; echo $$ > /tmp/armory_client.pid; exec ros2 run piper piper_test_client'"'"'"'"'"'"'"'"'; else exec bash -ic '"'"'"'"'"'"'"'"'source ~/.bashrc; cd /CS4803ARM_Lab/user_data/piper_ros || exit 1; echo $$ > /tmp/armory_client.pid; exec ros2 run piper piper_test_client'"'"'"'"'"'"'"'"'; fi'"'"' >> /nethome/rbansal66/CS4803ARM_Lab/user_data/armory/logs/workstation_11-client.log 2>&1 < /dev/null & host_pid=$!; echo $host_pid > /tmp/armory_client_docker_exec.pid; sleep 0.5; if kill -0 "$host_pid" >/dev/null 2>&1; then pid=$(docker exec piper_env cat /tmp/armory_client.pid 2>/dev/null || echo "$host_pid"); echo '"'"'Piper client started (pid '"'"'"$pid"'"'"'); log: /nethome/rbansal66/CS4803ARM_Lab/user_data/armory/logs/workstation_11-client.log'"'"'; else rm -f /tmp/armory_client_docker_exec.pid; echo '"'"'Piper client exited immediately; check log: /nethome/rbansal66/CS4803ARM_Lab/user_data/armory/logs/workstation_11-client.log'"'"' >&2; tail -n 20 /nethome/rbansal66/CS4803ARM_Lab/user_data/armory/logs/workstation_11-client.log >&2 || true; exit 1; fi'
2026-04-15 00:03:38,606 [INFO] Stopping Piper client with command: bash -lc 'mkdir -p /nethome/rbansal66/CS4803ARM_Lab/user_data/armory/logs; touch /nethome/rbansal66/CS4803ARM_Lab/user_data/armory/logs/workstation_11-client.log || exit 1; printf '"'"'\n[%s] Stopping Piper client\n'"'"' "$(date '"'"'+%F %T'"'"')" >> /nethome/rbansal66/CS4803ARM_Lab/user_data/armory/logs/workstation_11-client.log; if docker ps --filter name=piper_env -q | grep -q .; then docker exec piper_env bash -lc '"'"'if [ -s /tmp/armory_client.pid ]; then pid=$(cat /tmp/armory_client.pid); kill -- -"$pid" >/dev/null 2>&1 || kill "$pid" >/dev/null 2>&1 || true; sleep 0.5; kill -9 -- -"$pid" >/dev/null 2>&1 || kill -9 "$pid" >/dev/null 2>&1 || true; rm -f /tmp/armory_client.pid; fi; pkill -f '"'"'"'"'"'"'"'"'[r]os2\ run\ piper\ piper_test_client'"'"'"'"'"'"'"'"' >/dev/null 2>&1 || true'"'"' >> /nethome/rbansal66/CS4803ARM_Lab/user_data/armory/logs/workstation_11-client.log 2>&1 || true; else echo '"'"'piper_env is not running'"'"' >> /nethome/rbansal66/CS4803ARM_Lab/user_data/armory/logs/workstation_11-client.log; fi; if [ -s /tmp/armory_client_docker_exec.pid ]; then host_pid=$(cat /tmp/armory_client_docker_exec.pid); kill "$host_pid" >/dev/null 2>&1 || true; rm -f /tmp/armory_client_docker_exec.pid; fi; echo '"'"'Piper client stopped; log: /nethome/rbansal66/CS4803ARM_Lab/user_data/armory/logs/workstation_11-client.log'"'"''
2026-04-15 00:03:48,588 [INFO] Executing: docker exec piper_env bash -ic 'source ~/.bashrc && p goto init'
2026-04-15 00:03:50,095 [INFO] stdout: Go to init complete.
2026-04-15 00:03:50,095 [WARNING] stderr: bash: cannot set terminal process group (-1): Inappropriate ioctl for device
bash: no job control in this shell
2026-04-15 00:06:38,215 [INFO] Starting Piper client with command: bash -lc 'mkdir -p /nethome/rbansal66/CS4803ARM_Lab/user_data/armory/logs; touch /nethome/rbansal66/CS4803ARM_Lab/user_data/armory/logs/workstation_11-client.log || exit 1; if ! docker ps --filter name=piper_env -q | grep -q .; then echo '"'"'piper_env is not running'"'"' >&2; exit 1; fi; if docker exec piper_env bash -lc '"'"'if [ -s /tmp/armory_client.pid ]; then pid=$(cat /tmp/armory_client.pid); kill -0 "$pid" >/dev/null 2>&1; else exit 1; fi'"'"'; then pid=$(docker exec piper_env cat /tmp/armory_client.pid); echo '"'"'Piper client already running (pid '"'"'"$pid"'"'"'); log: /nethome/rbansal66/CS4803ARM_Lab/user_data/armory/logs/workstation_11-client.log'"'"'; exit 0; fi; docker exec piper_env rm -f /tmp/armory_client.pid >/dev/null 2>&1 || true; printf '"'"'\n[%s] Starting Piper client: ros2 run piper piper_test_client\n'"'"' "$(date '"'"'+%F %T'"'"')" >> /nethome/rbansal66/CS4803ARM_Lab/user_data/armory/logs/workstation_11-client.log; nohup docker exec piper_env bash -lc '"'"'if command -v setsid >/dev/null 2>&1; then exec setsid bash -ic '"'"'"'"'"'"'"'"'source ~/.bashrc; cd /CS4803ARM_Lab/user_data/piper_ros || exit 1; echo $$ > /tmp/armory_client.pid; exec ros2 run piper piper_test_client'"'"'"'"'"'"'"'"'; else exec bash -ic '"'"'"'"'"'"'"'"'source ~/.bashrc; cd /CS4803ARM_Lab/user_data/piper_ros || exit 1; echo $$ > /tmp/armory_client.pid; exec ros2 run piper piper_test_client'"'"'"'"'"'"'"'"'; fi'"'"' >> /nethome/rbansal66/CS4803ARM_Lab/user_data/armory/logs/workstation_11-client.log 2>&1 < /dev/null & host_pid=$!; echo $host_pid > /tmp/armory_client_docker_exec.pid; sleep 0.5; if kill -0 "$host_pid" >/dev/null 2>&1; then pid=$(docker exec piper_env cat /tmp/armory_client.pid 2>/dev/null || echo "$host_pid"); echo '"'"'Piper client started (pid '"'"'"$pid"'"'"'); log: /nethome/rbansal66/CS4803ARM_Lab/user_data/armory/logs/workstation_11-client.log'"'"'; else rm -f /tmp/armory_client_docker_exec.pid; echo '"'"'Piper client exited immediately; check log: /nethome/rbansal66/CS4803ARM_Lab/user_data/armory/logs/workstation_11-client.log'"'"' >&2; tail -n 20 /nethome/rbansal66/CS4803ARM_Lab/user_data/armory/logs/workstation_11-client.log >&2 || true; exit 1; fi'
2026-04-15 00:06:47,869 [INFO] Stopping Piper client with command: bash -lc 'mkdir -p /nethome/rbansal66/CS4803ARM_Lab/user_data/armory/logs; touch /nethome/rbansal66/CS4803ARM_Lab/user_data/armory/logs/workstation_11-client.log || exit 1; printf '"'"'\n[%s] Stopping Piper client\n'"'"' "$(date '"'"'+%F %T'"'"')" >> /nethome/rbansal66/CS4803ARM_Lab/user_data/armory/logs/workstation_11-client.log; if docker ps --filter name=piper_env -q | grep -q .; then docker exec piper_env bash -lc '"'"'if [ -s /tmp/armory_client.pid ]; then pid=$(cat /tmp/armory_client.pid); kill -- -"$pid" >/dev/null 2>&1 || kill "$pid" >/dev/null 2>&1 || true; sleep 0.5; kill -9 -- -"$pid" >/dev/null 2>&1 || kill -9 "$pid" >/dev/null 2>&1 || true; rm -f /tmp/armory_client.pid; fi; pkill -f '"'"'"'"'"'"'"'"'[r]os2\ run\ piper\ piper_test_client'"'"'"'"'"'"'"'"' >/dev/null 2>&1 || true'"'"' >> /nethome/rbansal66/CS4803ARM_Lab/user_data/armory/logs/workstation_11-client.log 2>&1 || true; else echo '"'"'piper_env is not running'"'"' >> /nethome/rbansal66/CS4803ARM_Lab/user_data/armory/logs/workstation_11-client.log; fi; if [ -s /tmp/armory_client_docker_exec.pid ]; then host_pid=$(cat /tmp/armory_client_docker_exec.pid); kill "$host_pid" >/dev/null 2>&1 || true; rm -f /tmp/armory_client_docker_exec.pid; fi; echo '"'"'Piper client stopped; log: /nethome/rbansal66/CS4803ARM_Lab/user_data/armory/logs/workstation_11-client.log'"'"''
2026-04-15 00:06:56,532 [INFO] Executing: docker exec piper_env bash -ic 'source ~/.bashrc && p goto init'
2026-04-15 00:06:58,146 [INFO] stdout: Go to init complete.
2026-04-15 00:06:58,247 [WARNING] stderr: bash: cannot set terminal process group (-1): Inappropriate ioctl for device
bash: no job control in this shell
2026-04-15 00:07:17,813 [INFO] Executing: docker exec piper_env bash -ic 'source ~/.bashrc && p goto zero'
2026-04-15 00:07:19,527 [INFO] stdout: Go to zero complete.
2026-04-15 00:07:19,627 [WARNING] stderr: bash: cannot set terminal process group (-1): Inappropriate ioctl for device
bash: no job control in this shell
2026-04-15 00:07:35,980 [INFO] Executing: docker exec piper_env bash -ic 'source ~/.bashrc && p goto init'
2026-04-15 00:07:37,994 [INFO] stdout: Go to init complete.
2026-04-15 00:07:37,994 [WARNING] stderr: bash: cannot set terminal process group (-1): Inappropriate ioctl for device
bash: no job control in this shell
2026-04-15 00:07:43,182 [INFO] Starting Piper client with command: bash -lc 'mkdir -p /nethome/rbansal66/CS4803ARM_Lab/user_data/armory/logs; touch /nethome/rbansal66/CS4803ARM_Lab/user_data/armory/logs/workstation_11-client.log || exit 1; if ! docker ps --filter name=piper_env -q | grep -q .; then echo '"'"'piper_env is not running'"'"' >&2; exit 1; fi; if docker exec piper_env bash -lc '"'"'if [ -s /tmp/armory_client.pid ]; then pid=$(cat /tmp/armory_client.pid); kill -0 "$pid" >/dev/null 2>&1; else exit 1; fi'"'"'; then pid=$(docker exec piper_env cat /tmp/armory_client.pid); echo '"'"'Piper client already running (pid '"'"'"$pid"'"'"'); log: /nethome/rbansal66/CS4803ARM_Lab/user_data/armory/logs/workstation_11-client.log'"'"'; exit 0; fi; docker exec piper_env rm -f /tmp/armory_client.pid >/dev/null 2>&1 || true; printf '"'"'\n[%s] Starting Piper client: ros2 run piper piper_test_client\n'"'"' "$(date '"'"'+%F %T'"'"')" >> /nethome/rbansal66/CS4803ARM_Lab/user_data/armory/logs/workstation_11-client.log; nohup docker exec piper_env bash -lc '"'"'if command -v setsid >/dev/null 2>&1; then exec setsid bash -ic '"'"'"'"'"'"'"'"'source ~/.bashrc; cd /CS4803ARM_Lab/user_data/piper_ros || exit 1; echo $$ > /tmp/armory_client.pid; exec ros2 run piper piper_test_client'"'"'"'"'"'"'"'"'; else exec bash -ic '"'"'"'"'"'"'"'"'source ~/.bashrc; cd /CS4803ARM_Lab/user_data/piper_ros || exit 1; echo $$ > /tmp/armory_client.pid; exec ros2 run piper piper_test_client'"'"'"'"'"'"'"'"'; fi'"'"' >> /nethome/rbansal66/CS4803ARM_Lab/user_data/armory/logs/workstation_11-client.log 2>&1 < /dev/null & host_pid=$!; echo $host_pid > /tmp/armory_client_docker_exec.pid; sleep 0.5; if kill -0 "$host_pid" >/dev/null 2>&1; then pid=$(docker exec piper_env cat /tmp/armory_client.pid 2>/dev/null || echo "$host_pid"); echo '"'"'Piper client started (pid '"'"'"$pid"'"'"'); log: /nethome/rbansal66/CS4803ARM_Lab/user_data/armory/logs/workstation_11-client.log'"'"'; else rm -f /tmp/armory_client_docker_exec.pid; echo '"'"'Piper client exited immediately; check log: /nethome/rbansal66/CS4803ARM_Lab/user_data/armory/logs/workstation_11-client.log'"'"' >&2; tail -n 20 /nethome/rbansal66/CS4803ARM_Lab/user_data/armory/logs/workstation_11-client.log >&2 || true; exit 1; fi'
2026-04-15 00:08:42,259 [INFO] Stopping Piper client with command: bash -lc 'mkdir -p /nethome/rbansal66/CS4803ARM_Lab/user_data/armory/logs; touch /nethome/rbansal66/CS4803ARM_Lab/user_data/armory/logs/workstation_11-client.log || exit 1; printf '"'"'\n[%s] Stopping Piper client\n'"'"' "$(date '"'"'+%F %T'"'"')" >> /nethome/rbansal66/CS4803ARM_Lab/user_data/armory/logs/workstation_11-client.log; if docker ps --filter name=piper_env -q | grep -q .; then docker exec piper_env bash -lc '"'"'if [ -s /tmp/armory_client.pid ]; then pid=$(cat /tmp/armory_client.pid); kill -- -"$pid" >/dev/null 2>&1 || kill "$pid" >/dev/null 2>&1 || true; sleep 0.5; kill -9 -- -"$pid" >/dev/null 2>&1 || kill -9 "$pid" >/dev/null 2>&1 || true; rm -f /tmp/armory_client.pid; fi; pkill -f '"'"'"'"'"'"'"'"'[r]os2\ run\ piper\ piper_test_client'"'"'"'"'"'"'"'"' >/dev/null 2>&1 || true'"'"' >> /nethome/rbansal66/CS4803ARM_Lab/user_data/armory/logs/workstation_11-client.log 2>&1 || true; else echo '"'"'piper_env is not running'"'"' >> /nethome/rbansal66/CS4803ARM_Lab/user_data/armory/logs/workstation_11-client.log; fi; if [ -s /tmp/armory_client_docker_exec.pid ]; then host_pid=$(cat /tmp/armory_client_docker_exec.pid); kill "$host_pid" >/dev/null 2>&1 || true; rm -f /tmp/armory_client_docker_exec.pid; fi; echo '"'"'Piper client stopped; log: /nethome/rbansal66/CS4803ARM_Lab/user_data/armory/logs/workstation_11-client.log'"'"''
2026-04-15 00:08:51,379 [INFO] Executing: docker exec piper_env bash -ic 'source ~/.bashrc && p goto init'
2026-04-15 00:08:53,092 [INFO] stdout: Go to init complete.
2026-04-15 00:08:53,092 [WARNING] stderr: bash: cannot set terminal process group (-1): Inappropriate ioctl for device
bash: no job control in this shell
2026-04-15 00:08:57,771 [INFO] Executing: docker exec piper_env bash -ic 'source ~/.bashrc && p goto zero'
2026-04-15 00:08:59,485 [INFO] stdout: Go to zero complete.
2026-04-15 00:08:59,485 [WARNING] stderr: bash: cannot set terminal process group (-1): Inappropriate ioctl for device
bash: no job control in this shell
2026-04-15 00:09:16,464 [INFO] Stopping data listener with command: bash -lc 'mkdir -p /nethome/rbansal66/CS4803ARM_Lab/user_data/armory/logs; touch /nethome/rbansal66/CS4803ARM_Lab/user_data/armory/logs/workstation_11-listener.log || exit 1; printf '"'"'\n[%s] Stopping data listener\n'"'"' "$(date '"'"'+%F %T'"'"')" >> /nethome/rbansal66/CS4803ARM_Lab/user_data/armory/logs/workstation_11-listener.log; if docker ps --filter name=piper_env -q | grep -q .; then docker exec piper_env bash -lc '"'"'if [ -s /tmp/armory_listener.pid ]; then pid=$(cat /tmp/armory_listener.pid); kill -- -"$pid" >/dev/null 2>&1 || kill "$pid" >/dev/null 2>&1 || true; sleep 0.5; kill -9 -- -"$pid" >/dev/null 2>&1 || kill -9 "$pid" >/dev/null 2>&1 || true; rm -f /tmp/armory_listener.pid; fi; pkill -f '"'"'"'"'"'"'"'"'[r]os2\ launch\ run_follower\.launch\.py'"'"'"'"'"'"'"'"' >/dev/null 2>&1 || true'"'"' >> /nethome/rbansal66/CS4803ARM_Lab/user_data/armory/logs/workstation_11-listener.log 2>&1 || true; else echo '"'"'piper_env is not running'"'"' >> /nethome/rbansal66/CS4803ARM_Lab/user_data/armory/logs/workstation_11-listener.log; fi; if [ -s /tmp/armory_listener_docker_exec.pid ]; then host_pid=$(cat /tmp/armory_listener_docker_exec.pid); kill "$host_pid" >/dev/null 2>&1 || true; rm -f /tmp/armory_listener_docker_exec.pid; fi; echo '"'"'data listener stopped; log: /nethome/rbansal66/CS4803ARM_Lab/user_data/armory/logs/workstation_11-listener.log'"'"''
2026-04-15 00:10:19,884 [INFO] Executing: docker exec piper_env bash -ic 'source ~/.bashrc && p goto reset'
2026-04-15 00:10:21,598 [INFO] stdout: Go to reset complete.
2026-04-15 00:10:21,598 [WARNING] stderr: bash: cannot set terminal process group (-1): Inappropriate ioctl for device
bash: no job control in this shell
2026-04-15 00:10:22,204 [INFO] Executing: docker exec piper_env bash -ic 'source ~/.bashrc && p disable'
2026-04-15 00:10:23,717 [INFO] stdout: 失能成功!!!!
Piper disable sequence complete.
2026-04-15 00:10:23,717 [WARNING] stderr: bash: cannot set terminal process group (-1): Inappropriate ioctl for device
bash: no job control in this shell
2026-04-15 00:11:36,895 [INFO] Executing: docker exec piper_env bash -ic 'source ~/.bashrc && p goto reset'
2026-04-15 00:11:38,608 [INFO] stdout: Go to reset complete.
2026-04-15 00:11:38,609 [WARNING] stderr: bash: cannot set terminal process group (-1): Inappropriate ioctl for device
bash: no job control in this shell
2026-04-15 00:11:39,719 [INFO] Executing: docker exec piper_env bash -ic 'source ~/.bashrc && p disable'
2026-04-15 00:11:40,425 [INFO] stdout: 失能成功!!!!
Piper disable sequence complete.
2026-04-15 00:11:40,425 [WARNING] stderr: bash: cannot set terminal process group (-1): Inappropriate ioctl for device
bash: no job control in this shell
2026-04-15 00:11:41,835 [INFO] Killing tunnel with command: bash -lc 'ssh -S /tmp/armory_tunnel_dave_8080.sock -O exit rbansal66@dave >/dev/null 2>&1 || true; rm -f /tmp/armory_tunnel_dave_8080.sock; if command -v pkill >/dev/null 2>&1; then pkill -f '"'"'[s]sh .* -L 8080:dave:8080 .*rbansal66@dave'"'"' >/dev/null 2>&1 || true; fi; echo '"'"'Tunnel stopped'"'"''
2026-04-15 00:11:43,857 [INFO] Container stopped and removed
2026-04-18 17:21:43,596 [INFO] Docker container not running — status: offline
2026-04-18 17:21:57,970 [INFO] Starting Docker container in detached mode
2026-04-18 17:21:59,386 [INFO] docker run output: 76f82c0a4bb4719df8a10c416c72244dd10fd17888e6bd0e366671ba8ba01af9
2026-04-18 17:22:02,313 [INFO] Container started successfully
2026-04-18 17:22:09,057 [INFO] Executing: docker exec piper_env bash -ic 'source ~/.bashrc && p enable'
2026-04-18 17:22:09,864 [INFO] stdout: 使能成功!!!!
Piper enable sequence complete.
2026-04-18 17:22:09,865 [WARNING] stderr: bash: cannot set terminal process group (-1): Inappropriate ioctl for device
bash: no job control in this shell
bash: /piper_sdk/piper_sdk/can_activate.sh can0 1000000: No such file or directory
2026-04-18 17:22:10,875 [INFO] Executing: docker exec piper_env bash -ic 'source ~/.bashrc && p goto init'
2026-04-18 17:22:12,892 [INFO] stdout: Go to init complete.
2026-04-18 17:22:12,892 [WARNING] stderr: bash: cannot set terminal process group (-1): Inappropriate ioctl for device
bash: no job control in this shell
2026-04-18 17:22:25,981 [INFO] Executing: docker exec piper_env bash -ic 'source ~/.bashrc && p enable'
2026-04-18 17:22:26,894 [INFO] stdout: 使能成功!!!!
Piper enable sequence complete.
2026-04-18 17:22:26,894 [WARNING] stderr: bash: cannot set terminal process group (-1): Inappropriate ioctl for device
bash: no job control in this shell
bash: /piper_sdk/piper_sdk/can_activate.sh can0 1000000: No such file or directory
2026-04-18 17:22:29,114 [INFO] Executing: docker exec piper_env bash -ic 'source ~/.bashrc && p goto init'
2026-04-18 17:22:30,728 [INFO] stdout: Go to init complete.
2026-04-18 17:22:30,728 [WARNING] stderr: bash: cannot set terminal process group (-1): Inappropriate ioctl for device
bash: no job control in this shell
2026-04-18 17:22:39,171 [INFO] Executing: docker exec piper_env bash -ic 'source ~/.bashrc && p goto reset'
2026-04-18 17:22:40,791 [INFO] stdout: Go to reset complete.
2026-04-18 17:22:40,891 [WARNING] stderr: bash: cannot set terminal process group (-1): Inappropriate ioctl for device
bash: no job control in this shell
2026-04-18 17:22:41,395 [INFO] Executing: docker exec piper_env bash -ic 'source ~/.bashrc && p disable'
2026-04-18 17:22:43,718 [INFO] stdout: 失能成功!!!!
Piper disable sequence complete.
2026-04-18 17:22:43,718 [WARNING] stderr: bash: cannot set terminal process group (-1): Inappropriate ioctl for device
bash: no job control in this shell
2026-04-18 17:24:17,368 [INFO] Executing: docker exec piper_env bash -ic 'source ~/.bashrc && p goto reset'
2026-04-18 17:24:19,083 [INFO] stdout: Go to reset complete.
2026-04-18 17:24:19,083 [WARNING] stderr: bash: cannot set terminal process group (-1): Inappropriate ioctl for device
bash: no job control in this shell
2026-04-18 17:24:20,793 [INFO] Executing: docker exec piper_env bash -ic 'source ~/.bashrc && p disable'
2026-04-18 17:24:22,206 [INFO] stdout: 失能成功!!!!
Piper disable sequence complete.
2026-04-18 17:24:22,206 [WARNING] stderr: bash: cannot set terminal process group (-1): Inappropriate ioctl for device
bash: no job control in this shell
2026-04-18 17:24:26,077 [INFO] Executing: docker exec piper_env bash -ic 'source ~/.bashrc && p enable'
2026-04-18 17:24:26,786 [INFO] stdout: 使能成功!!!!
Piper enable sequence complete.
2026-04-18 17:24:26,787 [WARNING] stderr: bash: cannot set terminal process group (-1): Inappropriate ioctl for device
bash: no job control in this shell
bash: /piper_sdk/piper_sdk/can_activate.sh can0 1000000: No such file or directory
2026-04-18 17:24:27,694 [INFO] Executing: docker exec piper_env bash -ic 'source ~/.bashrc && p goto init'
2026-04-18 17:24:29,409 [INFO] stdout: Go to init complete.
2026-04-18 17:24:29,409 [WARNING] stderr: bash: cannot set terminal process group (-1): Inappropriate ioctl for device
bash: no job control in this shell
2026-04-18 17:24:37,597 [INFO] Executing: docker exec piper_env bash -ic 'source ~/.bashrc && p goto reset'
2026-04-18 17:24:39,215 [INFO] stdout: Go to reset complete.
2026-04-18 17:24:39,315 [WARNING] stderr: bash: cannot set terminal process group (-1): Inappropriate ioctl for device
bash: no job control in this shell
2026-04-18 17:24:40,722 [INFO] Executing: docker exec piper_env bash -ic 'source ~/.bashrc && p disable'
2026-04-18 17:24:42,338 [INFO] stdout: 失能成功!!!!
Piper disable sequence complete.
2026-04-18 17:24:42,338 [WARNING] stderr: bash: cannot set terminal process group (-1): Inappropriate ioctl for device
bash: no job control in this shell
2026-04-18 17:24:49,909 [INFO] Executing: docker exec piper_env bash -ic 'source ~/.bashrc && p enable'
2026-04-18 17:24:50,716 [INFO] stdout: 使能成功!!!!
Piper enable sequence complete.
2026-04-18 17:24:50,817 [WARNING] stderr: bash: cannot set terminal process group (-1): Inappropriate ioctl for device
bash: no job control in this shell
bash: /piper_sdk/piper_sdk/can_activate.sh can0 1000000: No such file or directory
2026-04-18 17:24:52,232 [INFO] Executing: docker exec piper_env bash -ic 'source ~/.bashrc && p goto init'
2026-04-18 17:24:53,950 [INFO] stdout: Go to init complete.
2026-04-18 17:24:53,950 [WARNING] stderr: bash: cannot set terminal process group (-1): Inappropriate ioctl for device
bash: no job control in this shell
2026-04-18 17:25:00,505 [INFO] Executing: docker exec piper_env bash -ic 'source ~/.bashrc && p goto init'
2026-04-18 17:25:02,123 [INFO] stdout: Go to init complete.
2026-04-18 17:25:02,223 [WARNING] stderr: bash: cannot set terminal process group (-1): Inappropriate ioctl for device
bash: no job control in this shell
2026-04-18 17:25:28,714 [INFO] Executing: docker exec piper_env bash -ic 'source ~/.bashrc && p goto reset'
2026-04-18 17:25:30,533 [INFO] stdout: Go to reset complete.
2026-04-18 17:25:30,534 [WARNING] stderr: bash: cannot set terminal process group (-1): Inappropriate ioctl for device
bash: no job control in this shell
2026-04-18 17:25:31,641 [INFO] Executing: docker exec piper_env bash -ic 'source ~/.bashrc && p disable'
2026-04-18 17:25:32,354 [INFO] stdout: 失能成功!!!!
Piper disable sequence complete.
2026-04-18 17:25:32,354 [WARNING] stderr: bash: cannot set terminal process group (-1): Inappropriate ioctl for device
bash: no job control in this shell
2026-04-18 17:25:35,942 [INFO] Executing: docker exec piper_env bash -ic 'source ~/.bashrc && p goto reset'
2026-04-18 17:25:37,557 [INFO] stdout: Go to reset complete.
2026-04-18 17:25:37,657 [WARNING] stderr: bash: cannot set terminal process group (-1): Inappropriate ioctl for device
bash: no job control in this shell
2026-04-18 17:25:38,967 [INFO] Executing: docker exec piper_env bash -ic 'source ~/.bashrc && p disable'
2026-04-18 17:25:39,877 [INFO] stdout: 失能成功!!!!
Piper disable sequence complete.
2026-04-18 17:25:39,877 [WARNING] stderr: bash: cannot set terminal process group (-1): Inappropriate ioctl for device
bash: no job control in this shell
2026-04-18 17:25:42,097 [INFO] Killing tunnel with command: bash -lc 'ssh -S /tmp/armory_tunnel_dave_8080.sock -O exit rbansal66@dave >/dev/null 2>&1 || true; rm -f /tmp/armory_tunnel_dave_8080.sock; if command -v pkill >/dev/null 2>&1; then pkill -f '"'"'[s]sh .* -L 8080:dave:8080 .*rbansal66@dave'"'"' >/dev/null 2>&1 || true; fi; echo '"'"'Tunnel stopped'"'"''
2026-04-18 17:25:44,015 [INFO] Container stopped and removed
2026-04-21 20:44:12,497 [INFO] Docker container not running — status: offline
2026-04-26 15:45:12,198 [INFO] Docker container not running — status: offline
2026-04-26 15:50:54,396 [INFO] Starting Docker container in detached mode
2026-04-26 15:50:55,406 [INFO] docker run output: 36f99c557eb3c1f7e6d4abce29c1e6b3c17d149f398016e7f7aa0de509dc39dd
2026-04-26 15:50:58,228 [INFO] Container started successfully
2026-04-26 15:51:06,590 [INFO] Executing: docker exec piper_env bash -ic 'source ~/.bashrc && p enable'
2026-04-26 15:51:07,497 [INFO] stdout: 使能成功!!!!
Piper enable sequence complete.
2026-04-26 15:51:07,497 [WARNING] stderr: bash: cannot set terminal process group (-1): Inappropriate ioctl for device
bash: no job control in this shell
bash: /piper_sdk/piper_sdk/can_activate.sh can0 1000000: No such file or directory
2026-04-26 15:51:09,312 [INFO] Executing: docker exec piper_env bash -ic 'source ~/.bashrc && p goto init'
2026-04-26 15:51:10,923 [INFO] stdout: Go to init complete.
2026-04-26 15:51:10,923 [WARNING] stderr: bash: cannot set terminal process group (-1): Inappropriate ioctl for device
bash: no job control in this shell
2026-04-26 15:52:17,194 [INFO] Starting data listener with command: bash -lc 'mkdir -p /nethome/rbansal66/CS4803ARM_Lab/user_data/armory/logs; touch /nethome/rbansal66/CS4803ARM_Lab/user_data/armory/logs/workstation_11-listener.log || exit 1; if ! docker ps --filter name=piper_env -q | grep -q .; then echo '"'"'piper_env is not running'"'"' >&2; exit 1; fi; if docker exec piper_env bash -lc '"'"'if [ -s /tmp/armory_listener.pid ]; then pid=$(cat /tmp/armory_listener.pid); kill -0 "$pid" >/dev/null 2>&1; else exit 1; fi'"'"'; then pid=$(docker exec piper_env cat /tmp/armory_listener.pid); echo '"'"'data listener already running (pid '"'"'"$pid"'"'"'); log: /nethome/rbansal66/CS4803ARM_Lab/user_data/armory/logs/workstation_11-listener.log'"'"'; exit 0; fi; docker exec piper_env rm -f /tmp/armory_listener.pid >/dev/null 2>&1 || true; printf '"'"'\n[%s] Starting data listener: ros2 launch run_follower.launch.py\n'"'"' "$(date '"'"'+%F %T'"'"')" >> /nethome/rbansal66/CS4803ARM_Lab/user_data/armory/logs/workstation_11-listener.log; nohup docker exec piper_env bash -lc '"'"'if command -v setsid >/dev/null 2>&1; then exec setsid bash -ic '"'"'"'"'"'"'"'"'source ~/.bashrc; cd /CS4803ARM_Lab/user_data/data_collection || exit 1; echo $$ > /tmp/armory_listener.pid; exec ros2 launch run_follower.launch.py'"'"'"'"'"'"'"'"'; else exec bash -ic '"'"'"'"'"'"'"'"'source ~/.bashrc; cd /CS4803ARM_Lab/user_data/data_collection || exit 1; echo $$ > /tmp/armory_listener.pid; exec ros2 launch run_follower.launch.py'"'"'"'"'"'"'"'"'; fi'"'"' >> /nethome/rbansal66/CS4803ARM_Lab/user_data/armory/logs/workstation_11-listener.log 2>&1 < /dev/null & host_pid=$!; echo $host_pid > /tmp/armory_listener_docker_exec.pid; sleep 0.5; if kill -0 "$host_pid" >/dev/null 2>&1; then pid=$(docker exec piper_env cat /tmp/armory_listener.pid 2>/dev/null || echo "$host_pid"); echo '"'"'data listener started (pid '"'"'"$pid"'"'"'); log: /nethome/rbansal66/CS4803ARM_Lab/user_data/armory/logs/workstation_11-listener.log'"'"'; else rm -f /tmp/armory_listener_docker_exec.pid; echo '"'"'data listener exited immediately; check log: /nethome/rbansal66/CS4803ARM_Lab/user_data/armory/logs/workstation_11-listener.log'"'"' >&2; tail -n 20 /nethome/rbansal66/CS4803ARM_Lab/user_data/armory/logs/workstation_11-listener.log >&2 || true; exit 1; fi'
2026-04-26 15:53:56,004 [INFO] Stopping data listener with command: bash -lc 'mkdir -p /nethome/rbansal66/CS4803ARM_Lab/user_data/armory/logs; touch /nethome/rbansal66/CS4803ARM_Lab/user_data/armory/logs/workstation_11-listener.log || exit 1; printf '"'"'\n[%s] Stopping data listener\n'"'"' "$(date '"'"'+%F %T'"'"')" >> /nethome/rbansal66/CS4803ARM_Lab/user_data/armory/logs/workstation_11-listener.log; if docker ps --filter name=piper_env -q | grep -q .; then docker exec piper_env bash -lc '"'"'if [ -s /tmp/armory_listener.pid ]; then pid=$(cat /tmp/armory_listener.pid); kill -- -"$pid" >/dev/null 2>&1 || kill "$pid" >/dev/null 2>&1 || true; sleep 0.5; kill -9 -- -"$pid" >/dev/null 2>&1 || kill -9 "$pid" >/dev/null 2>&1 || true; rm -f /tmp/armory_listener.pid; fi; pkill -f '"'"'"'"'"'"'"'"'[r]os2\ launch\ run_follower\.launch\.py'"'"'"'"'"'"'"'"' >/dev/null 2>&1 || true'"'"' >> /nethome/rbansal66/CS4803ARM_Lab/user_data/armory/logs/workstation_11-listener.log 2>&1 || true; else echo '"'"'piper_env is not running'"'"' >> /nethome/rbansal66/CS4803ARM_Lab/user_data/armory/logs/workstation_11-listener.log; fi; if [ -s /tmp/armory_listener_docker_exec.pid ]; then host_pid=$(cat /tmp/armory_listener_docker_exec.pid); kill "$host_pid" >/dev/null 2>&1 || true; rm -f /tmp/armory_listener_docker_exec.pid; fi; echo '"'"'data listener stopped; log: /nethome/rbansal66/CS4803ARM_Lab/user_data/armory/logs/workstation_11-listener.log'"'"''
2026-04-26 16:03:24,522 [INFO] Executing: docker exec piper_env bash -ic 'source ~/.bashrc && p goto zero'
2026-04-26 16:03:26,138 [INFO] stdout: Go to zero complete.
2026-04-26 16:03:26,138 [WARNING] stderr: bash: cannot set terminal process group (-1): Inappropriate ioctl for device
bash: no job control in this shell
2026-04-26 16:03:32,323 [INFO] Executing: docker exec piper_env bash -ic 'source ~/.bashrc && p goto reset'
2026-04-26 16:03:33,937 [INFO] stdout: Go to reset complete.
2026-04-26 16:03:33,937 [WARNING] stderr: bash: cannot set terminal process group (-1): Inappropriate ioctl for device
bash: no job control in this shell
2026-04-26 16:03:35,749 [INFO] Executing: docker exec piper_env bash -ic 'source ~/.bashrc && p disable'
2026-04-26 16:03:40,884 [INFO] stdout: Piper disable sequence complete.
2026-04-26 16:03:40,985 [WARNING] stderr: bash: cannot set terminal process group (-1): Inappropriate ioctl for device
bash: no job control in this shell
INFO:PiperInterface:Disabling Piper Arm...
INFO:PiperInterface:Target Joint Positions: [0.0, 0.0, 0.0, 0.0, 0.0, 0.0], Current Joint Positions: [-2, 6, -3, 4, 461, 0]
INFO:PiperInterface:Moving to zero position before disabling.
INFO:PiperInterface:Aligning joints to zero position.
INFO:PiperInterface:Releasing motors.
INFO:PiperInterface:Piper Arm Disabled!!!!
2026-04-26 16:04:00,835 [INFO] Executing: docker exec piper_env bash -ic 'source ~/.bashrc && p enable'
2026-04-26 16:04:02,347 [INFO] stdout: 使能成功!!!!
Piper enable sequence complete.
2026-04-26 16:04:02,347 [WARNING] stderr: bash: cannot set terminal process group (-1): Inappropriate ioctl for device
bash: no job control in this shell
bash: /piper_sdk/piper_sdk/can_activate.sh can0 1000000: No such file or directory
2026-04-26 16:04:03,563 [INFO] Executing: docker exec piper_env bash -ic 'source ~/.bashrc && p goto init'
2026-04-26 16:04:05,581 [INFO] stdout: Go to init complete.
2026-04-26 16:04:05,683 [WARNING] stderr: bash: cannot set terminal process group (-1): Inappropriate ioctl for device
bash: no job control in this shell
2026-04-26 16:05:43,556 [INFO] Starting data listener with command: bash -lc 'mkdir -p /nethome/rbansal66/CS4803ARM_Lab/user_data/armory/logs; touch /nethome/rbansal66/CS4803ARM_Lab/user_data/armory/logs/workstation_11-listener.log || exit 1; if ! docker ps --filter name=piper_env -q | grep -q .; then echo '"'"'piper_env is not running'"'"' >&2; exit 1; fi; if docker exec piper_env bash -lc '"'"'if [ -s /tmp/armory_listener.pid ]; then pid=$(cat /tmp/armory_listener.pid); kill -0 "$pid" >/dev/null 2>&1; else exit 1; fi'"'"'; then pid=$(docker exec piper_env cat /tmp/armory_listener.pid); echo '"'"'data listener already running (pid '"'"'"$pid"'"'"'); log: /nethome/rbansal66/CS4803ARM_Lab/user_data/armory/logs/workstation_11-listener.log'"'"'; exit 0; fi; docker exec piper_env rm -f /tmp/armory_listener.pid >/dev/null 2>&1 || true; printf '"'"'\n[%s] Starting data listener: ros2 launch run_follower.launch.py\n'"'"' "$(date '"'"'+%F %T'"'"')" >> /nethome/rbansal66/CS4803ARM_Lab/user_data/armory/logs/workstation_11-listener.log; nohup docker exec piper_env bash -lc '"'"'if command -v setsid >/dev/null 2>&1; then exec setsid bash -ic '"'"'"'"'"'"'"'"'source ~/.bashrc; cd /CS4803ARM_Lab/user_data/data_collection || exit 1; echo $$ > /tmp/armory_listener.pid; exec ros2 launch run_follower.launch.py'"'"'"'"'"'"'"'"'; else exec bash -ic '"'"'"'"'"'"'"'"'source ~/.bashrc; cd /CS4803ARM_Lab/user_data/data_collection || exit 1; echo $$ > /tmp/armory_listener.pid; exec ros2 launch run_follower.launch.py'"'"'"'"'"'"'"'"'; fi'"'"' >> /nethome/rbansal66/CS4803ARM_Lab/user_data/armory/logs/workstation_11-listener.log 2>&1 < /dev/null & host_pid=$!; echo $host_pid > /tmp/armory_listener_docker_exec.pid; sleep 0.5; if kill -0 "$host_pid" >/dev/null 2>&1; then pid=$(docker exec piper_env cat /tmp/armory_listener.pid 2>/dev/null || echo "$host_pid"); echo '"'"'data listener started (pid '"'"'"$pid"'"'"'); log: /nethome/rbansal66/CS4803ARM_Lab/user_data/armory/logs/workstation_11-listener.log'"'"'; else rm -f /tmp/armory_listener_docker_exec.pid; echo '"'"'data listener exited immediately; check log: /nethome/rbansal66/CS4803ARM_Lab/user_data/armory/logs/workstation_11-listener.log'"'"' >&2; tail -n 20 /nethome/rbansal66/CS4803ARM_Lab/user_data/armory/logs/workstation_11-listener.log >&2 || true; exit 1; fi'
2026-04-26 16:06:45,932 [INFO] Docker container running — status: booted
2026-04-26 16:07:13,251 [INFO] Starting tunnel with command: bash -lc 'mkdir -p /tmp; if ssh -S /tmp/armory_tunnel_zhurong_8080.sock -O check rbansal66@zhurong >/dev/null 2>&1; then echo '"'"'Tunnel already running'"'"'; exit 0; fi; rm -f /tmp/armory_tunnel_zhurong_8080.sock; ssh -f -N -M -S /tmp/armory_tunnel_zhurong_8080.sock -o ExitOnForwardFailure=yes -o ServerAliveInterval=30 -o ServerAliveCountMax=3 -L 8080:zhurong:8080 -J rbansal66@sky1.cc.gatech.edu rbansal66@zhurong; echo '"'"'Tunnel started'"'"''
2026-04-26 16:07:33,542 [ERROR] Tunnel start failed: 
2026-04-26 16:08:17,050 [INFO] Starting Piper client with command: bash -lc 'mkdir -p /nethome/rbansal66/CS4803ARM_Lab/user_data/armory/logs; touch /nethome/rbansal66/CS4803ARM_Lab/user_data/armory/logs/workstation_11-client.log || exit 1; if ! docker ps --filter name=piper_env -q | grep -q .; then echo '"'"'piper_env is not running'"'"' >&2; exit 1; fi; if docker exec piper_env bash -lc '"'"'if [ -s /tmp/armory_client.pid ]; then pid=$(cat /tmp/armory_client.pid); kill -0 "$pid" >/dev/null 2>&1; else exit 1; fi'"'"'; then pid=$(docker exec piper_env cat /tmp/armory_client.pid); echo '"'"'Piper client already running (pid '"'"'"$pid"'"'"'); log: /nethome/rbansal66/CS4803ARM_Lab/user_data/armory/logs/workstation_11-client.log'"'"'; exit 0; fi; docker exec piper_env rm -f /tmp/armory_client.pid >/dev/null 2>&1 || true; printf '"'"'\n[%s] Starting Piper client: ros2 run piper piper_test_client\n'"'"' "$(date '"'"'+%F %T'"'"')" >> /nethome/rbansal66/CS4803ARM_Lab/user_data/armory/logs/workstation_11-client.log; nohup docker exec piper_env bash -lc '"'"'if command -v setsid >/dev/null 2>&1; then exec setsid bash -ic '"'"'"'"'"'"'"'"'source ~/.bashrc; cd /CS4803ARM_Lab/user_data/piper_ros || exit 1; echo $$ > /tmp/armory_client.pid; exec ros2 run piper piper_test_client'"'"'"'"'"'"'"'"'; else exec bash -ic '"'"'"'"'"'"'"'"'source ~/.bashrc; cd /CS4803ARM_Lab/user_data/piper_ros || exit 1; echo $$ > /tmp/armory_client.pid; exec ros2 run piper piper_test_client'"'"'"'"'"'"'"'"'; fi'"'"' >> /nethome/rbansal66/CS4803ARM_Lab/user_data/armory/logs/workstation_11-client.log 2>&1 < /dev/null & host_pid=$!; echo $host_pid > /tmp/armory_client_docker_exec.pid; sleep 0.5; if kill -0 "$host_pid" >/dev/null 2>&1; then pid=$(docker exec piper_env cat /tmp/armory_client.pid 2>/dev/null || echo "$host_pid"); echo '"'"'Piper client started (pid '"'"'"$pid"'"'"'); log: /nethome/rbansal66/CS4803ARM_Lab/user_data/armory/logs/workstation_11-client.log'"'"'; else rm -f /tmp/armory_client_docker_exec.pid; echo '"'"'Piper client exited immediately; check log: /nethome/rbansal66/CS4803ARM_Lab/user_data/armory/logs/workstation_11-client.log'"'"' >&2; tail -n 20 /nethome/rbansal66/CS4803ARM_Lab/user_data/armory/logs/workstation_11-client.log >&2 || true; exit 1; fi'
2026-04-26 16:08:40,273 [INFO] Stopping Piper client with command: bash -lc 'mkdir -p /nethome/rbansal66/CS4803ARM_Lab/user_data/armory/logs; touch /nethome/rbansal66/CS4803ARM_Lab/user_data/armory/logs/workstation_11-client.log || exit 1; printf '"'"'\n[%s] Stopping Piper client\n'"'"' "$(date '"'"'+%F %T'"'"')" >> /nethome/rbansal66/CS4803ARM_Lab/user_data/armory/logs/workstation_11-client.log; if docker ps --filter name=piper_env -q | grep -q .; then docker exec piper_env bash -lc '"'"'if [ -s /tmp/armory_client.pid ]; then pid=$(cat /tmp/armory_client.pid); kill -- -"$pid" >/dev/null 2>&1 || kill "$pid" >/dev/null 2>&1 || true; sleep 0.5; kill -9 -- -"$pid" >/dev/null 2>&1 || kill -9 "$pid" >/dev/null 2>&1 || true; rm -f /tmp/armory_client.pid; fi; pkill -f '"'"'"'"'"'"'"'"'[r]os2\ run\ piper\ piper_test_client'"'"'"'"'"'"'"'"' >/dev/null 2>&1 || true'"'"' >> /nethome/rbansal66/CS4803ARM_Lab/user_data/armory/logs/workstation_11-client.log 2>&1 || true; else echo '"'"'piper_env is not running'"'"' >> /nethome/rbansal66/CS4803ARM_Lab/user_data/armory/logs/workstation_11-client.log; fi; if [ -s /tmp/armory_client_docker_exec.pid ]; then host_pid=$(cat /tmp/armory_client_docker_exec.pid); kill "$host_pid" >/dev/null 2>&1 || true; rm -f /tmp/armory_client_docker_exec.pid; fi; echo '"'"'Piper client stopped; log: /nethome/rbansal66/CS4803ARM_Lab/user_data/armory/logs/workstation_11-client.log'"'"''
2026-04-26 16:09:41,958 [INFO] Starting Piper client with command: bash -lc 'mkdir -p /nethome/rbansal66/CS4803ARM_Lab/user_data/armory/logs; touch /nethome/rbansal66/CS4803ARM_Lab/user_data/armory/logs/workstation_11-client.log || exit 1; if ! docker ps --filter name=piper_env -q | grep -q .; then echo '"'"'piper_env is not running'"'"' >&2; exit 1; fi; if docker exec piper_env bash -lc '"'"'if [ -s /tmp/armory_client.pid ]; then pid=$(cat /tmp/armory_client.pid); kill -0 "$pid" >/dev/null 2>&1; else exit 1; fi'"'"'; then pid=$(docker exec piper_env cat /tmp/armory_client.pid); echo '"'"'Piper client already running (pid '"'"'"$pid"'"'"'); log: /nethome/rbansal66/CS4803ARM_Lab/user_data/armory/logs/workstation_11-client.log'"'"'; exit 0; fi; docker exec piper_env rm -f /tmp/armory_client.pid >/dev/null 2>&1 || true; printf '"'"'\n[%s] Starting Piper client: ros2 run piper piper_test_client\n'"'"' "$(date '"'"'+%F %T'"'"')" >> /nethome/rbansal66/CS4803ARM_Lab/user_data/armory/logs/workstation_11-client.log; nohup docker exec piper_env bash -lc '"'"'if command -v setsid >/dev/null 2>&1; then exec setsid bash -ic '"'"'"'"'"'"'"'"'source ~/.bashrc; cd /CS4803ARM_Lab/user_data/piper_ros || exit 1; echo $$ > /tmp/armory_client.pid; exec ros2 run piper piper_test_client'"'"'"'"'"'"'"'"'; else exec bash -ic '"'"'"'"'"'"'"'"'source ~/.bashrc; cd /CS4803ARM_Lab/user_data/piper_ros || exit 1; echo $$ > /tmp/armory_client.pid; exec ros2 run piper piper_test_client'"'"'"'"'"'"'"'"'; fi'"'"' >> /nethome/rbansal66/CS4803ARM_Lab/user_data/armory/logs/workstation_11-client.log 2>&1 < /dev/null & host_pid=$!; echo $host_pid > /tmp/armory_client_docker_exec.pid; sleep 0.5; if kill -0 "$host_pid" >/dev/null 2>&1; then pid=$(docker exec piper_env cat /tmp/armory_client.pid 2>/dev/null || echo "$host_pid"); echo '"'"'Piper client started (pid '"'"'"$pid"'"'"'); log: /nethome/rbansal66/CS4803ARM_Lab/user_data/armory/logs/workstation_11-client.log'"'"'; else rm -f /tmp/armory_client_docker_exec.pid; echo '"'"'Piper client exited immediately; check log: /nethome/rbansal66/CS4803ARM_Lab/user_data/armory/logs/workstation_11-client.log'"'"' >&2; tail -n 20 /nethome/rbansal66/CS4803ARM_Lab/user_data/armory/logs/workstation_11-client.log >&2 || true; exit 1; fi'
2026-04-26 16:10:10,004 [INFO] Stopping Piper client with command: bash -lc 'mkdir -p /nethome/rbansal66/CS4803ARM_Lab/user_data/armory/logs; touch /nethome/rbansal66/CS4803ARM_Lab/user_data/armory/logs/workstation_11-client.log || exit 1; printf '"'"'\n[%s] Stopping Piper client\n'"'"' "$(date '"'"'+%F %T'"'"')" >> /nethome/rbansal66/CS4803ARM_Lab/user_data/armory/logs/workstation_11-client.log; if docker ps --filter name=piper_env -q | grep -q .; then docker exec piper_env bash -lc '"'"'if [ -s /tmp/armory_client.pid ]; then pid=$(cat /tmp/armory_client.pid); kill -- -"$pid" >/dev/null 2>&1 || kill "$pid" >/dev/null 2>&1 || true; sleep 0.5; kill -9 -- -"$pid" >/dev/null 2>&1 || kill -9 "$pid" >/dev/null 2>&1 || true; rm -f /tmp/armory_client.pid; fi; pkill -f '"'"'"'"'"'"'"'"'[r]os2\ run\ piper\ piper_test_client'"'"'"'"'"'"'"'"' >/dev/null 2>&1 || true'"'"' >> /nethome/rbansal66/CS4803ARM_Lab/user_data/armory/logs/workstation_11-client.log 2>&1 || true; else echo '"'"'piper_env is not running'"'"' >> /nethome/rbansal66/CS4803ARM_Lab/user_data/armory/logs/workstation_11-client.log; fi; if [ -s /tmp/armory_client_docker_exec.pid ]; then host_pid=$(cat /tmp/armory_client_docker_exec.pid); kill "$host_pid" >/dev/null 2>&1 || true; rm -f /tmp/armory_client_docker_exec.pid; fi; echo '"'"'Piper client stopped; log: /nethome/rbansal66/CS4803ARM_Lab/user_data/armory/logs/workstation_11-client.log'"'"''
2026-04-26 16:11:24,346 [INFO] Killing tunnel with command: bash -lc 'ssh -S /tmp/armory_tunnel_zhurong_8080.sock -O exit rbansal66@zhurong >/dev/null 2>&1 || true; rm -f /tmp/armory_tunnel_zhurong_8080.sock; if command -v pkill >/dev/null 2>&1; then pkill -f '"'"'[s]sh .* -L 8080:zhurong:8080 .*rbansal66@zhurong'"'"' >/dev/null 2>&1 || true; fi; echo '"'"'Tunnel stopped'"'"''
2026-04-26 16:11:30,841 [INFO] Executing: docker exec piper_env bash -ic 'source ~/.bashrc && p goto init'
2026-04-26 16:11:32,556 [INFO] stdout: Go to init complete.
2026-04-26 16:11:32,557 [WARNING] stderr: bash: cannot set terminal process group (-1): Inappropriate ioctl for device
bash: no job control in this shell
2026-04-26 16:16:25,911 [INFO] Starting Piper client with command: bash -lc 'mkdir -p /nethome/rbansal66/CS4803ARM_Lab/user_data/armory/logs; touch /nethome/rbansal66/CS4803ARM_Lab/user_data/armory/logs/workstation_11-client.log || exit 1; if ! docker ps --filter name=piper_env -q | grep -q .; then echo '"'"'piper_env is not running'"'"' >&2; exit 1; fi; if docker exec piper_env bash -lc '"'"'if [ -s /tmp/armory_client.pid ]; then pid=$(cat /tmp/armory_client.pid); kill -0 "$pid" >/dev/null 2>&1; else exit 1; fi'"'"'; then pid=$(docker exec piper_env cat /tmp/armory_client.pid); echo '"'"'Piper client already running (pid '"'"'"$pid"'"'"'); log: /nethome/rbansal66/CS4803ARM_Lab/user_data/armory/logs/workstation_11-client.log'"'"'; exit 0; fi; docker exec piper_env rm -f /tmp/armory_client.pid >/dev/null 2>&1 || true; printf '"'"'\n[%s] Starting Piper client: ros2 run piper piper_test_client\n'"'"' "$(date '"'"'+%F %T'"'"')" >> /nethome/rbansal66/CS4803ARM_Lab/user_data/armory/logs/workstation_11-client.log; nohup docker exec piper_env bash -lc '"'"'if command -v setsid >/dev/null 2>&1; then exec setsid bash -ic '"'"'"'"'"'"'"'"'source ~/.bashrc; cd /CS4803ARM_Lab/user_data/piper_ros || exit 1; echo $$ > /tmp/armory_client.pid; exec ros2 run piper piper_test_client'"'"'"'"'"'"'"'"'; else exec bash -ic '"'"'"'"'"'"'"'"'source ~/.bashrc; cd /CS4803ARM_Lab/user_data/piper_ros || exit 1; echo $$ > /tmp/armory_client.pid; exec ros2 run piper piper_test_client'"'"'"'"'"'"'"'"'; fi'"'"' >> /nethome/rbansal66/CS4803ARM_Lab/user_data/armory/logs/workstation_11-client.log 2>&1 < /dev/null & host_pid=$!; echo $host_pid > /tmp/armory_client_docker_exec.pid; sleep 0.5; if kill -0 "$host_pid" >/dev/null 2>&1; then pid=$(docker exec piper_env cat /tmp/armory_client.pid 2>/dev/null || echo "$host_pid"); echo '"'"'Piper client started (pid '"'"'"$pid"'"'"'); log: /nethome/rbansal66/CS4803ARM_Lab/user_data/armory/logs/workstation_11-client.log'"'"'; else rm -f /tmp/armory_client_docker_exec.pid; echo '"'"'Piper client exited immediately; check log: /nethome/rbansal66/CS4803ARM_Lab/user_data/armory/logs/workstation_11-client.log'"'"' >&2; tail -n 20 /nethome/rbansal66/CS4803ARM_Lab/user_data/armory/logs/workstation_11-client.log >&2 || true; exit 1; fi'
2026-04-26 16:17:11,546 [INFO] Stopping Piper client with command: bash -lc 'mkdir -p /nethome/rbansal66/CS4803ARM_Lab/user_data/armory/logs; touch /nethome/rbansal66/CS4803ARM_Lab/user_data/armory/logs/workstation_11-client.log || exit 1; printf '"'"'\n[%s] Stopping Piper client\n'"'"' "$(date '"'"'+%F %T'"'"')" >> /nethome/rbansal66/CS4803ARM_Lab/user_data/armory/logs/workstation_11-client.log; if docker ps --filter name=piper_env -q | grep -q .; then docker exec piper_env bash -lc '"'"'if [ -s /tmp/armory_client.pid ]; then pid=$(cat /tmp/armory_client.pid); kill -- -"$pid" >/dev/null 2>&1 || kill "$pid" >/dev/null 2>&1 || true; sleep 0.5; kill -9 -- -"$pid" >/dev/null 2>&1 || kill -9 "$pid" >/dev/null 2>&1 || true; rm -f /tmp/armory_client.pid; fi; pkill -f '"'"'"'"'"'"'"'"'[r]os2\ run\ piper\ piper_test_client'"'"'"'"'"'"'"'"' >/dev/null 2>&1 || true'"'"' >> /nethome/rbansal66/CS4803ARM_Lab/user_data/armory/logs/workstation_11-client.log 2>&1 || true; else echo '"'"'piper_env is not running'"'"' >> /nethome/rbansal66/CS4803ARM_Lab/user_data/armory/logs/workstation_11-client.log; fi; if [ -s /tmp/armory_client_docker_exec.pid ]; then host_pid=$(cat /tmp/armory_client_docker_exec.pid); kill "$host_pid" >/dev/null 2>&1 || true; rm -f /tmp/armory_client_docker_exec.pid; fi; echo '"'"'Piper client stopped; log: /nethome/rbansal66/CS4803ARM_Lab/user_data/armory/logs/workstation_11-client.log'"'"''
2026-04-26 16:17:47,731 [INFO] Executing: docker exec piper_env bash -ic 'source ~/.bashrc && p goto init'
2026-04-26 16:17:49,655 [INFO] stdout: Go to init complete.
2026-04-26 16:17:49,755 [WARNING] stderr: bash: cannot set terminal process group (-1): Inappropriate ioctl for device
bash: no job control in this shell
2026-04-26 16:18:11,059 [INFO] Starting Piper client with command: bash -lc 'mkdir -p /nethome/rbansal66/CS4803ARM_Lab/user_data/armory/logs; touch /nethome/rbansal66/CS4803ARM_Lab/user_data/armory/logs/workstation_11-client.log || exit 1; if ! docker ps --filter name=piper_env -q | grep -q .; then echo '"'"'piper_env is not running'"'"' >&2; exit 1; fi; if docker exec piper_env bash -lc '"'"'if [ -s /tmp/armory_client.pid ]; then pid=$(cat /tmp/armory_client.pid); kill -0 "$pid" >/dev/null 2>&1; else exit 1; fi'"'"'; then pid=$(docker exec piper_env cat /tmp/armory_client.pid); echo '"'"'Piper client already running (pid '"'"'"$pid"'"'"'); log: /nethome/rbansal66/CS4803ARM_Lab/user_data/armory/logs/workstation_11-client.log'"'"'; exit 0; fi; docker exec piper_env rm -f /tmp/armory_client.pid >/dev/null 2>&1 || true; printf '"'"'\n[%s] Starting Piper client: ros2 run piper piper_test_client\n'"'"' "$(date '"'"'+%F %T'"'"')" >> /nethome/rbansal66/CS4803ARM_Lab/user_data/armory/logs/workstation_11-client.log; nohup docker exec piper_env bash -lc '"'"'if command -v setsid >/dev/null 2>&1; then exec setsid bash -ic '"'"'"'"'"'"'"'"'source ~/.bashrc; cd /CS4803ARM_Lab/user_data/piper_ros || exit 1; echo $$ > /tmp/armory_client.pid; exec ros2 run piper piper_test_client'"'"'"'"'"'"'"'"'; else exec bash -ic '"'"'"'"'"'"'"'"'source ~/.bashrc; cd /CS4803ARM_Lab/user_data/piper_ros || exit 1; echo $$ > /tmp/armory_client.pid; exec ros2 run piper piper_test_client'"'"'"'"'"'"'"'"'; fi'"'"' >> /nethome/rbansal66/CS4803ARM_Lab/user_data/armory/logs/workstation_11-client.log 2>&1 < /dev/null & host_pid=$!; echo $host_pid > /tmp/armory_client_docker_exec.pid; sleep 0.5; if kill -0 "$host_pid" >/dev/null 2>&1; then pid=$(docker exec piper_env cat /tmp/armory_client.pid 2>/dev/null || echo "$host_pid"); echo '"'"'Piper client started (pid '"'"'"$pid"'"'"'); log: /nethome/rbansal66/CS4803ARM_Lab/user_data/armory/logs/workstation_11-client.log'"'"'; else rm -f /tmp/armory_client_docker_exec.pid; echo '"'"'Piper client exited immediately; check log: /nethome/rbansal66/CS4803ARM_Lab/user_data/armory/logs/workstation_11-client.log'"'"' >&2; tail -n 20 /nethome/rbansal66/CS4803ARM_Lab/user_data/armory/logs/workstation_11-client.log >&2 || true; exit 1; fi'
2026-04-26 16:19:22,605 [INFO] Stopping Piper client with command: bash -lc 'mkdir -p /nethome/rbansal66/CS4803ARM_Lab/user_data/armory/logs; touch /nethome/rbansal66/CS4803ARM_Lab/user_data/armory/logs/workstation_11-client.log || exit 1; printf '"'"'\n[%s] Stopping Piper client\n'"'"' "$(date '"'"'+%F %T'"'"')" >> /nethome/rbansal66/CS4803ARM_Lab/user_data/armory/logs/workstation_11-client.log; if docker ps --filter name=piper_env -q | grep -q .; then docker exec piper_env bash -lc '"'"'if [ -s /tmp/armory_client.pid ]; then pid=$(cat /tmp/armory_client.pid); kill -- -"$pid" >/dev/null 2>&1 || kill "$pid" >/dev/null 2>&1 || true; sleep 0.5; kill -9 -- -"$pid" >/dev/null 2>&1 || kill -9 "$pid" >/dev/null 2>&1 || true; rm -f /tmp/armory_client.pid; fi; pkill -f '"'"'"'"'"'"'"'"'[r]os2\ run\ piper\ piper_test_client'"'"'"'"'"'"'"'"' >/dev/null 2>&1 || true'"'"' >> /nethome/rbansal66/CS4803ARM_Lab/user_data/armory/logs/workstation_11-client.log 2>&1 || true; else echo '"'"'piper_env is not running'"'"' >> /nethome/rbansal66/CS4803ARM_Lab/user_data/armory/logs/workstation_11-client.log; fi; if [ -s /tmp/armory_client_docker_exec.pid ]; then host_pid=$(cat /tmp/armory_client_docker_exec.pid); kill "$host_pid" >/dev/null 2>&1 || true; rm -f /tmp/armory_client_docker_exec.pid; fi; echo '"'"'Piper client stopped; log: /nethome/rbansal66/CS4803ARM_Lab/user_data/armory/logs/workstation_11-client.log'"'"''
2026-04-26 16:19:28,396 [INFO] Executing: docker exec piper_env bash -ic 'source ~/.bashrc && p goto init'
2026-04-26 16:19:30,614 [INFO] stdout: Go to init complete.
2026-04-26 16:19:30,615 [WARNING] stderr: bash: cannot set terminal process group (-1): Inappropriate ioctl for device
bash: no job control in this shell
2026-04-26 16:52:00,175 [INFO] Stopping data listener with command: bash -lc 'mkdir -p /nethome/rbansal66/CS4803ARM_Lab/user_data/armory/logs; touch /nethome/rbansal66/CS4803ARM_Lab/user_data/armory/logs/workstation_11-listener.log || exit 1; printf '"'"'\n[%s] Stopping data listener\n'"'"' "$(date '"'"'+%F %T'"'"')" >> /nethome/rbansal66/CS4803ARM_Lab/user_data/armory/logs/workstation_11-listener.log; if docker ps --filter name=piper_env -q | grep -q .; then docker exec piper_env bash -lc '"'"'if [ -s /tmp/armory_listener.pid ]; then pid=$(cat /tmp/armory_listener.pid); kill -- -"$pid" >/dev/null 2>&1 || kill "$pid" >/dev/null 2>&1 || true; sleep 0.5; kill -9 -- -"$pid" >/dev/null 2>&1 || kill -9 "$pid" >/dev/null 2>&1 || true; rm -f /tmp/armory_listener.pid; fi; pkill -f '"'"'"'"'"'"'"'"'[r]os2\ launch\ run_follower\.launch\.py'"'"'"'"'"'"'"'"' >/dev/null 2>&1 || true'"'"' >> /nethome/rbansal66/CS4803ARM_Lab/user_data/armory/logs/workstation_11-listener.log 2>&1 || true; else echo '"'"'piper_env is not running'"'"' >> /nethome/rbansal66/CS4803ARM_Lab/user_data/armory/logs/workstation_11-listener.log; fi; if [ -s /tmp/armory_listener_docker_exec.pid ]; then host_pid=$(cat /tmp/armory_listener_docker_exec.pid); kill "$host_pid" >/dev/null 2>&1 || true; rm -f /tmp/armory_listener_docker_exec.pid; fi; echo '"'"'data listener stopped; log: /nethome/rbansal66/CS4803ARM_Lab/user_data/armory/logs/workstation_11-listener.log'"'"''
2026-04-26 16:52:11,001 [INFO] Executing: docker exec piper_env bash -ic 'source ~/.bashrc && p goto reset'
2026-04-26 16:52:12,612 [INFO] stdout: Go to reset complete.
2026-04-26 16:52:12,612 [WARNING] stderr: bash: cannot set terminal process group (-1): Inappropriate ioctl for device
bash: no job control in this shell
2026-04-26 16:52:13,926 [INFO] Executing: docker exec piper_env bash -ic 'source ~/.bashrc && p disable'
2026-04-26 16:52:18,960 [INFO] stdout: Piper disable sequence complete.
2026-04-26 16:52:18,960 [WARNING] stderr: bash: cannot set terminal process group (-1): Inappropriate ioctl for device
bash: no job control in this shell
INFO:PiperInterface:Disabling Piper Arm...
INFO:PiperInterface:Target Joint Positions: [0.0, 0.0, 0.0, 0.0, 0.0, 0.0], Current Joint Positions: [5, 12, -3, 2, 470, 7]
INFO:PiperInterface:Moving to zero position before disabling.
INFO:PiperInterface:Aligning joints to zero position.
INFO:PiperInterface:Releasing motors.
INFO:PiperInterface:Piper Arm Disabled!!!!
2026-04-29 21:02:07,565 [INFO] Docker container running — status: booted
2026-04-29 21:09:28,388 [INFO] Executing: docker exec piper_env bash -ic 'source ~/.bashrc && p enable'
2026-04-29 21:09:29,522 [INFO] stdout: 使能成功!!!!
Piper enable sequence complete.
2026-04-29 21:09:29,523 [WARNING] stderr: bash: cannot set terminal process group (-1): Inappropriate ioctl for device
bash: no job control in this shell
bash: /piper_sdk/piper_sdk/can_activate.sh can0 1000000: No such file or directory
2026-04-29 21:09:29,931 [INFO] Executing: docker exec piper_env bash -ic 'source ~/.bashrc && p goto init'
2026-04-29 21:09:31,964 [INFO] stdout: Go to init complete.
2026-04-29 21:09:31,964 [WARNING] stderr: bash: cannot set terminal process group (-1): Inappropriate ioctl for device
bash: no job control in this shell
2026-04-29 22:54:44,653 [INFO] Executing: docker exec piper_env bash -ic 'source ~/.bashrc && p goto reset'
2026-04-29 22:54:46,662 [INFO] stdout: Go to reset complete.
2026-04-29 22:54:46,662 [WARNING] stderr: bash: cannot set terminal process group (-1): Inappropriate ioctl for device
bash: no job control in this shell
2026-04-29 22:54:47,252 [INFO] Executing: docker exec piper_env bash -ic 'source ~/.bashrc && p disable'
2026-04-29 22:54:52,077 [INFO] stdout: Piper disable sequence complete.
2026-04-29 22:54:52,077 [WARNING] stderr: bash: cannot set terminal process group (-1): Inappropriate ioctl for device
bash: no job control in this shell
INFO:PiperInterface:Disabling Piper Arm...
INFO:PiperInterface:Target Joint Positions: [0.0, 0.0, 0.0, 0.0, 0.0, 0.0], Current Joint Positions: [-1, 0, 5, 9, 456, 8]
INFO:PiperInterface:Moving to zero position before disabling.
INFO:PiperInterface:Aligning joints to zero position.
INFO:PiperInterface:Releasing motors.
INFO:PiperInterface:Piper Arm Disabled!!!!
2026-04-29 22:54:52,278 [INFO] Killing tunnel with command: bash -lc 'ssh -S /tmp/armory_tunnel_zhurong_8080.sock -O exit rbansal66@zhurong >/dev/null 2>&1 || true; rm -f /tmp/armory_tunnel_zhurong_8080.sock; if command -v pkill >/dev/null 2>&1; then pkill -f '"'"'[s]sh .* -L 8080:zhurong:8080 .*rbansal66@zhurong'"'"' >/dev/null 2>&1 || true; fi; echo '"'"'Tunnel stopped'"'"''
2026-04-29 22:54:53,186 [INFO] Container stopped and removed
2026-04-29 22:55:40,459 [INFO] Docker container not running — status: offline
2026-04-29 22:55:52,263 [INFO] Starting Docker container in detached mode
2026-04-29 22:55:52,967 [INFO] docker run output: ff04c27da8d7b7db7c4e250f3989c2b4973ec8376a59148dd14e2304fcf766ee
2026-04-29 22:55:55,782 [INFO] Container started successfully
2026-04-29 22:56:01,243 [INFO] Executing: docker exec piper_env bash -ic 'source ~/.bashrc && p enable'
2026-04-29 22:56:02,251 [INFO] stdout: 使能成功!!!!
Piper enable sequence complete.
2026-04-29 22:56:02,251 [WARNING] stderr: bash: cannot set terminal process group (-1): Inappropriate ioctl for device
bash: no job control in this shell
bash: /piper_sdk/piper_sdk/can_activate.sh can0 1000000: No such file or directory
2026-04-29 22:56:32,578 [INFO] Executing: docker exec piper_env bash -ic 'source ~/.bashrc && p goto init'
2026-04-29 22:56:34,393 [INFO] stdout: Go to init complete.
2026-04-29 22:56:34,493 [WARNING] stderr: bash: cannot set terminal process group (-1): Inappropriate ioctl for device
bash: no job control in this shell
2026-04-29 22:57:20,226 [INFO] Executing: docker exec piper_env bash -ic 'source ~/.bashrc && p goto reset'
2026-04-29 22:57:21,733 [INFO] stdout: Go to reset complete.
2026-04-29 22:57:21,733 [WARNING] stderr: bash: cannot set terminal process group (-1): Inappropriate ioctl for device
bash: no job control in this shell
2026-04-29 22:57:21,837 [INFO] Executing: docker exec piper_env bash -ic 'source ~/.bashrc && p disable'
2026-04-29 22:57:27,262 [INFO] stdout: Piper disable sequence complete.
2026-04-29 22:57:27,263 [WARNING] stderr: bash: cannot set terminal process group (-1): Inappropriate ioctl for device
bash: no job control in this shell
INFO:PiperInterface:Disabling Piper Arm...
INFO:PiperInterface:Target Joint Positions: [0.0, 0.0, 0.0, 0.0, 0.0, 0.0], Current Joint Positions: [-1, 7, -2, 9, 471, 4]
INFO:PiperInterface:Moving to zero position before disabling.
INFO:PiperInterface:Aligning joints to zero position.
INFO:PiperInterface:Releasing motors.
INFO:PiperInterface:Piper Arm Disabled!!!!
2026-04-29 22:57:29,572 [INFO] Executing: docker exec piper_env bash -ic 'source ~/.bashrc && p goto reset'
2026-04-29 22:57:31,382 [INFO] stdout: Go to reset complete.
2026-04-29 22:57:31,482 [WARNING] stderr: bash: cannot set terminal process group (-1): Inappropriate ioctl for device
bash: no job control in this shell
2026-04-29 22:57:32,388 [INFO] Executing: docker exec piper_env bash -ic 'source ~/.bashrc && p disable'
2026-04-29 22:57:37,208 [INFO] stdout: Piper disable sequence complete.
2026-04-29 22:57:37,208 [WARNING] stderr: bash: cannot set terminal process group (-1): Inappropriate ioctl for device
bash: no job control in this shell
INFO:PiperInterface:Disabling Piper Arm...
INFO:PiperInterface:Target Joint Positions: [0.0, 0.0, 0.0, 0.0, 0.0, 0.0], Current Joint Positions: [0, 0, 5, 8, 456, 4]
INFO:PiperInterface:Moving to zero position before disabling.
INFO:PiperInterface:Aligning joints to zero position.
INFO:PiperInterface:Releasing motors.
INFO:PiperInterface:Piper Arm Disabled!!!!
2026-04-29 22:57:37,712 [INFO] Killing tunnel with command: bash -lc 'ssh -S /tmp/armory_tunnel_zhurong_8080.sock -O exit rbansal66@zhurong >/dev/null 2>&1 || true; rm -f /tmp/armory_tunnel_zhurong_8080.sock; if command -v pkill >/dev/null 2>&1; then pkill -f '"'"'[s]sh .* -L 8080:zhurong:8080 .*rbansal66@zhurong'"'"' >/dev/null 2>&1 || true; fi; echo '"'"'Tunnel stopped'"'"''
2026-04-29 22:57:38,821 [INFO] Container stopped and removed
2026-04-29 22:58:37,306 [INFO] Docker container not running — status: offline
2026-04-29 23:00:02,795 [INFO] Starting Docker container in detached mode
2026-04-29 23:00:03,400 [INFO] docker run output: 3e11c3dcad5e20ea58f691e8a582234cf4f8cf680207b35af419a079bff7c94e
2026-04-29 23:00:05,712 [INFO] Container started successfully
2026-04-29 23:00:12,539 [INFO] Executing: docker exec piper_env bash -ic 'source ~/.bashrc && p enable'
2026-04-29 23:00:13,545 [INFO] stdout: 使能成功!!!!
Piper enable sequence complete.
2026-04-29 23:00:13,545 [WARNING] stderr: bash: cannot set terminal process group (-1): Inappropriate ioctl for device
bash: no job control in this shell
bash: /piper_sdk/piper_sdk/can_activate.sh can0 1000000: No such file or directory
2026-04-29 23:00:13,747 [INFO] Executing: docker exec piper_env bash -ic 'source ~/.bashrc && p goto init'
2026-04-29 23:00:15,254 [INFO] stdout: Go to init complete.
2026-04-29 23:00:15,255 [WARNING] stderr: bash: cannot set terminal process group (-1): Inappropriate ioctl for device
bash: no job control in this shell
2026-04-29 23:00:23,433 [INFO] Starting data listener with command: bash -lc 'mkdir -p /nethome/rbansal66/CS4803ARM_Lab/user_data/armory/logs; touch /nethome/rbansal66/CS4803ARM_Lab/user_data/armory/logs/workstation_11-listener.log || exit 1; if ! docker ps --filter name=piper_env -q | grep -q .; then echo '"'"'piper_env is not running'"'"' >&2; exit 1; fi; if docker exec piper_env bash -lc '"'"'if [ -s /tmp/armory_listener.pid ]; then pid=$(cat /tmp/armory_listener.pid); kill -0 "$pid" >/dev/null 2>&1; else exit 1; fi'"'"'; then pid=$(docker exec piper_env cat /tmp/armory_listener.pid); echo '"'"'data listener already running (pid '"'"'"$pid"'"'"'); log: /nethome/rbansal66/CS4803ARM_Lab/user_data/armory/logs/workstation_11-listener.log'"'"'; exit 0; fi; docker exec piper_env rm -f /tmp/armory_listener.pid >/dev/null 2>&1 || true; printf '"'"'\n[%s] Starting data listener: ros2 launch run_follower.launch.py\n'"'"' "$(date '"'"'+%F %T'"'"')" >> /nethome/rbansal66/CS4803ARM_Lab/user_data/armory/logs/workstation_11-listener.log; nohup docker exec piper_env bash -lc '"'"'if command -v setsid >/dev/null 2>&1; then exec setsid bash -ic '"'"'"'"'"'"'"'"'source ~/.bashrc; cd /CS4803ARM_Lab/user_data/data_collection || exit 1; echo $$ > /tmp/armory_listener.pid; exec ros2 launch run_follower.launch.py'"'"'"'"'"'"'"'"'; else exec bash -ic '"'"'"'"'"'"'"'"'source ~/.bashrc; cd /CS4803ARM_Lab/user_data/data_collection || exit 1; echo $$ > /tmp/armory_listener.pid; exec ros2 launch run_follower.launch.py'"'"'"'"'"'"'"'"'; fi'"'"' >> /nethome/rbansal66/CS4803ARM_Lab/user_data/armory/logs/workstation_11-listener.log 2>&1 < /dev/null & host_pid=$!; echo $host_pid > /tmp/armory_listener_docker_exec.pid; sleep 0.5; if kill -0 "$host_pid" >/dev/null 2>&1; then pid=$(docker exec piper_env cat /tmp/armory_listener.pid 2>/dev/null || echo "$host_pid"); echo '"'"'data listener started (pid '"'"'"$pid"'"'"'); log: /nethome/rbansal66/CS4803ARM_Lab/user_data/armory/logs/workstation_11-listener.log'"'"'; else rm -f /tmp/armory_listener_docker_exec.pid; echo '"'"'data listener exited immediately; check log: /nethome/rbansal66/CS4803ARM_Lab/user_data/armory/logs/workstation_11-listener.log'"'"' >&2; tail -n 20 /nethome/rbansal66/CS4803ARM_Lab/user_data/armory/logs/workstation_11-listener.log >&2 || true; exit 1; fi'
2026-04-29 23:02:05,608 [INFO] Starting Piper client with command: bash -lc 'mkdir -p /nethome/rbansal66/CS4803ARM_Lab/user_data/armory/logs; touch /nethome/rbansal66/CS4803ARM_Lab/user_data/armory/logs/workstation_11-client.log || exit 1; if ! docker ps --filter name=piper_env -q | grep -q .; then echo '"'"'piper_env is not running'"'"' >&2; exit 1; fi; if docker exec piper_env bash -lc '"'"'if [ -s /tmp/armory_client.pid ]; then pid=$(cat /tmp/armory_client.pid); kill -0 "$pid" >/dev/null 2>&1; else exit 1; fi'"'"'; then pid=$(docker exec piper_env cat /tmp/armory_client.pid); echo '"'"'Piper client already running (pid '"'"'"$pid"'"'"'); log: /nethome/rbansal66/CS4803ARM_Lab/user_data/armory/logs/workstation_11-client.log'"'"'; exit 0; fi; docker exec piper_env rm -f /tmp/armory_client.pid >/dev/null 2>&1 || true; printf '"'"'\n[%s] Starting Piper client: ros2 run piper piper_client\n'"'"' "$(date '"'"'+%F %T'"'"')" >> /nethome/rbansal66/CS4803ARM_Lab/user_data/armory/logs/workstation_11-client.log; nohup docker exec piper_env bash -lc '"'"'if command -v setsid >/dev/null 2>&1; then exec setsid bash -ic '"'"'"'"'"'"'"'"'source ~/.bashrc; cd /CS4803ARM_Lab/user_data/piper_ros || exit 1; echo $$ > /tmp/armory_client.pid; exec ros2 run piper piper_client'"'"'"'"'"'"'"'"'; else exec bash -ic '"'"'"'"'"'"'"'"'source ~/.bashrc; cd /CS4803ARM_Lab/user_data/piper_ros || exit 1; echo $$ > /tmp/armory_client.pid; exec ros2 run piper piper_client'"'"'"'"'"'"'"'"'; fi'"'"' >> /nethome/rbansal66/CS4803ARM_Lab/user_data/armory/logs/workstation_11-client.log 2>&1 < /dev/null & host_pid=$!; echo $host_pid > /tmp/armory_client_docker_exec.pid; sleep 0.5; if kill -0 "$host_pid" >/dev/null 2>&1; then pid=$(docker exec piper_env cat /tmp/armory_client.pid 2>/dev/null || echo "$host_pid"); echo '"'"'Piper client started (pid '"'"'"$pid"'"'"'); log: /nethome/rbansal66/CS4803ARM_Lab/user_data/armory/logs/workstation_11-client.log'"'"'; else rm -f /tmp/armory_client_docker_exec.pid; echo '"'"'Piper client exited immediately; check log: /nethome/rbansal66/CS4803ARM_Lab/user_data/armory/logs/workstation_11-client.log'"'"' >&2; tail -n 20 /nethome/rbansal66/CS4803ARM_Lab/user_data/armory/logs/workstation_11-client.log >&2 || true; exit 1; fi'
2026-04-29 23:02:38,370 [INFO] Stopping Piper client with command: bash -lc 'mkdir -p /nethome/rbansal66/CS4803ARM_Lab/user_data/armory/logs; touch /nethome/rbansal66/CS4803ARM_Lab/user_data/armory/logs/workstation_11-client.log || exit 1; printf '"'"'\n[%s] Stopping Piper client\n'"'"' "$(date '"'"'+%F %T'"'"')" >> /nethome/rbansal66/CS4803ARM_Lab/user_data/armory/logs/workstation_11-client.log; if docker ps --filter name=piper_env -q | grep -q .; then docker exec piper_env bash -lc '"'"'if [ -s /tmp/armory_client.pid ]; then pid=$(cat /tmp/armory_client.pid); kill -- -"$pid" >/dev/null 2>&1 || kill "$pid" >/dev/null 2>&1 || true; sleep 0.5; kill -9 -- -"$pid" >/dev/null 2>&1 || kill -9 "$pid" >/dev/null 2>&1 || true; rm -f /tmp/armory_client.pid; fi; pkill -f '"'"'"'"'"'"'"'"'[r]os2\ run\ piper\ piper_client'"'"'"'"'"'"'"'"' >/dev/null 2>&1 || true'"'"' >> /nethome/rbansal66/CS4803ARM_Lab/user_data/armory/logs/workstation_11-client.log 2>&1 || true; else echo '"'"'piper_env is not running'"'"' >> /nethome/rbansal66/CS4803ARM_Lab/user_data/armory/logs/workstation_11-client.log; fi; if [ -s /tmp/armory_client_docker_exec.pid ]; then host_pid=$(cat /tmp/armory_client_docker_exec.pid); kill "$host_pid" >/dev/null 2>&1 || true; rm -f /tmp/armory_client_docker_exec.pid; fi; echo '"'"'Piper client stopped; log: /nethome/rbansal66/CS4803ARM_Lab/user_data/armory/logs/workstation_11-client.log'"'"''
2026-04-29 23:03:18,559 [INFO] Executing: docker exec piper_env bash -ic 'source ~/.bashrc && p goto init'
2026-04-29 23:03:20,275 [INFO] stdout: Go to init complete.
2026-04-29 23:03:20,476 [WARNING] stderr: bash: cannot set terminal process group (-1): Inappropriate ioctl for device
bash: no job control in this shell
2026-04-29 23:03:33,697 [INFO] Starting Piper client with command: bash -lc 'mkdir -p /nethome/rbansal66/CS4803ARM_Lab/user_data/armory/logs; touch /nethome/rbansal66/CS4803ARM_Lab/user_data/armory/logs/workstation_11-client.log || exit 1; if ! docker ps --filter name=piper_env -q | grep -q .; then echo '"'"'piper_env is not running'"'"' >&2; exit 1; fi; if docker exec piper_env bash -lc '"'"'if [ -s /tmp/armory_client.pid ]; then pid=$(cat /tmp/armory_client.pid); kill -0 "$pid" >/dev/null 2>&1; else exit 1; fi'"'"'; then pid=$(docker exec piper_env cat /tmp/armory_client.pid); echo '"'"'Piper client already running (pid '"'"'"$pid"'"'"'); log: /nethome/rbansal66/CS4803ARM_Lab/user_data/armory/logs/workstation_11-client.log'"'"'; exit 0; fi; docker exec piper_env rm -f /tmp/armory_client.pid >/dev/null 2>&1 || true; printf '"'"'\n[%s] Starting Piper client: ros2 run piper piper_client\n'"'"' "$(date '"'"'+%F %T'"'"')" >> /nethome/rbansal66/CS4803ARM_Lab/user_data/armory/logs/workstation_11-client.log; nohup docker exec piper_env bash -lc '"'"'if command -v setsid >/dev/null 2>&1; then exec setsid bash -ic '"'"'"'"'"'"'"'"'source ~/.bashrc; cd /CS4803ARM_Lab/user_data/piper_ros || exit 1; echo $$ > /tmp/armory_client.pid; exec ros2 run piper piper_client'"'"'"'"'"'"'"'"'; else exec bash -ic '"'"'"'"'"'"'"'"'source ~/.bashrc; cd /CS4803ARM_Lab/user_data/piper_ros || exit 1; echo $$ > /tmp/armory_client.pid; exec ros2 run piper piper_client'"'"'"'"'"'"'"'"'; fi'"'"' >> /nethome/rbansal66/CS4803ARM_Lab/user_data/armory/logs/workstation_11-client.log 2>&1 < /dev/null & host_pid=$!; echo $host_pid > /tmp/armory_client_docker_exec.pid; sleep 0.5; if kill -0 "$host_pid" >/dev/null 2>&1; then pid=$(docker exec piper_env cat /tmp/armory_client.pid 2>/dev/null || echo "$host_pid"); echo '"'"'Piper client started (pid '"'"'"$pid"'"'"'); log: /nethome/rbansal66/CS4803ARM_Lab/user_data/armory/logs/workstation_11-client.log'"'"'; else rm -f /tmp/armory_client_docker_exec.pid; echo '"'"'Piper client exited immediately; check log: /nethome/rbansal66/CS4803ARM_Lab/user_data/armory/logs/workstation_11-client.log'"'"' >&2; tail -n 20 /nethome/rbansal66/CS4803ARM_Lab/user_data/armory/logs/workstation_11-client.log >&2 || true; exit 1; fi'
2026-04-29 23:05:22,969 [INFO] Stopping Piper client with command: bash -lc 'mkdir -p /nethome/rbansal66/CS4803ARM_Lab/user_data/armory/logs; touch /nethome/rbansal66/CS4803ARM_Lab/user_data/armory/logs/workstation_11-client.log || exit 1; printf '"'"'\n[%s] Stopping Piper client\n'"'"' "$(date '"'"'+%F %T'"'"')" >> /nethome/rbansal66/CS4803ARM_Lab/user_data/armory/logs/workstation_11-client.log; if docker ps --filter name=piper_env -q | grep -q .; then docker exec piper_env bash -lc '"'"'if [ -s /tmp/armory_client.pid ]; then pid=$(cat /tmp/armory_client.pid); kill -- -"$pid" >/dev/null 2>&1 || kill "$pid" >/dev/null 2>&1 || true; sleep 0.5; kill -9 -- -"$pid" >/dev/null 2>&1 || kill -9 "$pid" >/dev/null 2>&1 || true; rm -f /tmp/armory_client.pid; fi; pkill -f '"'"'"'"'"'"'"'"'[r]os2\ run\ piper\ piper_client'"'"'"'"'"'"'"'"' >/dev/null 2>&1 || true'"'"' >> /nethome/rbansal66/CS4803ARM_Lab/user_data/armory/logs/workstation_11-client.log 2>&1 || true; else echo '"'"'piper_env is not running'"'"' >> /nethome/rbansal66/CS4803ARM_Lab/user_data/armory/logs/workstation_11-client.log; fi; if [ -s /tmp/armory_client_docker_exec.pid ]; then host_pid=$(cat /tmp/armory_client_docker_exec.pid); kill "$host_pid" >/dev/null 2>&1 || true; rm -f /tmp/armory_client_docker_exec.pid; fi; echo '"'"'Piper client stopped; log: /nethome/rbansal66/CS4803ARM_Lab/user_data/armory/logs/workstation_11-client.log'"'"''
2026-04-29 23:06:43,359 [INFO] Executing: docker exec piper_env bash -ic 'source ~/.bashrc && p goto init'
2026-04-29 23:06:44,873 [INFO] stdout: Go to init complete.
2026-04-29 23:06:44,973 [WARNING] stderr: bash: cannot set terminal process group (-1): Inappropriate ioctl for device
bash: no job control in this shell
2026-04-29 23:07:23,454 [INFO] Starting Piper client with command: bash -lc 'mkdir -p /nethome/rbansal66/CS4803ARM_Lab/user_data/armory/logs; touch /nethome/rbansal66/CS4803ARM_Lab/user_data/armory/logs/workstation_11-client.log || exit 1; if ! docker ps --filter name=piper_env -q | grep -q .; then echo '"'"'piper_env is not running'"'"' >&2; exit 1; fi; if docker exec piper_env bash -lc '"'"'if [ -s /tmp/armory_client.pid ]; then pid=$(cat /tmp/armory_client.pid); kill -0 "$pid" >/dev/null 2>&1; else exit 1; fi'"'"'; then pid=$(docker exec piper_env cat /tmp/armory_client.pid); echo '"'"'Piper client already running (pid '"'"'"$pid"'"'"'); log: /nethome/rbansal66/CS4803ARM_Lab/user_data/armory/logs/workstation_11-client.log'"'"'; exit 0; fi; docker exec piper_env rm -f /tmp/armory_client.pid >/dev/null 2>&1 || true; printf '"'"'\n[%s] Starting Piper client: ros2 run piper piper_client\n'"'"' "$(date '"'"'+%F %T'"'"')" >> /nethome/rbansal66/CS4803ARM_Lab/user_data/armory/logs/workstation_11-client.log; nohup docker exec piper_env bash -lc '"'"'if command -v setsid >/dev/null 2>&1; then exec setsid bash -ic '"'"'"'"'"'"'"'"'source ~/.bashrc; cd /CS4803ARM_Lab/user_data/piper_ros || exit 1; echo $$ > /tmp/armory_client.pid; exec ros2 run piper piper_client'"'"'"'"'"'"'"'"'; else exec bash -ic '"'"'"'"'"'"'"'"'source ~/.bashrc; cd /CS4803ARM_Lab/user_data/piper_ros || exit 1; echo $$ > /tmp/armory_client.pid; exec ros2 run piper piper_client'"'"'"'"'"'"'"'"'; fi'"'"' >> /nethome/rbansal66/CS4803ARM_Lab/user_data/armory/logs/workstation_11-client.log 2>&1 < /dev/null & host_pid=$!; echo $host_pid > /tmp/armory_client_docker_exec.pid; sleep 0.5; if kill -0 "$host_pid" >/dev/null 2>&1; then pid=$(docker exec piper_env cat /tmp/armory_client.pid 2>/dev/null || echo "$host_pid"); echo '"'"'Piper client started (pid '"'"'"$pid"'"'"'); log: /nethome/rbansal66/CS4803ARM_Lab/user_data/armory/logs/workstation_11-client.log'"'"'; else rm -f /tmp/armory_client_docker_exec.pid; echo '"'"'Piper client exited immediately; check log: /nethome/rbansal66/CS4803ARM_Lab/user_data/armory/logs/workstation_11-client.log'"'"' >&2; tail -n 20 /nethome/rbansal66/CS4803ARM_Lab/user_data/armory/logs/workstation_11-client.log >&2 || true; exit 1; fi'
2026-04-29 23:08:16,085 [INFO] Stopping Piper client with command: bash -lc 'mkdir -p /nethome/rbansal66/CS4803ARM_Lab/user_data/armory/logs; touch /nethome/rbansal66/CS4803ARM_Lab/user_data/armory/logs/workstation_11-client.log || exit 1; printf '"'"'\n[%s] Stopping Piper client\n'"'"' "$(date '"'"'+%F %T'"'"')" >> /nethome/rbansal66/CS4803ARM_Lab/user_data/armory/logs/workstation_11-client.log; if docker ps --filter name=piper_env -q | grep -q .; then docker exec piper_env bash -lc '"'"'if [ -s /tmp/armory_client.pid ]; then pid=$(cat /tmp/armory_client.pid); kill -- -"$pid" >/dev/null 2>&1 || kill "$pid" >/dev/null 2>&1 || true; sleep 0.5; kill -9 -- -"$pid" >/dev/null 2>&1 || kill -9 "$pid" >/dev/null 2>&1 || true; rm -f /tmp/armory_client.pid; fi; pkill -f '"'"'"'"'"'"'"'"'[r]os2\ run\ piper\ piper_client'"'"'"'"'"'"'"'"' >/dev/null 2>&1 || true'"'"' >> /nethome/rbansal66/CS4803ARM_Lab/user_data/armory/logs/workstation_11-client.log 2>&1 || true; else echo '"'"'piper_env is not running'"'"' >> /nethome/rbansal66/CS4803ARM_Lab/user_data/armory/logs/workstation_11-client.log; fi; if [ -s /tmp/armory_client_docker_exec.pid ]; then host_pid=$(cat /tmp/armory_client_docker_exec.pid); kill "$host_pid" >/dev/null 2>&1 || true; rm -f /tmp/armory_client_docker_exec.pid; fi; echo '"'"'Piper client stopped; log: /nethome/rbansal66/CS4803ARM_Lab/user_data/armory/logs/workstation_11-client.log'"'"''
2026-04-29 23:08:23,188 [INFO] Executing: docker exec piper_env bash -ic 'source ~/.bashrc && p goto init'
2026-04-29 23:08:24,902 [INFO] stdout: Go to init complete.
2026-04-29 23:08:25,003 [WARNING] stderr: bash: cannot set terminal process group (-1): Inappropriate ioctl for device
bash: no job control in this shell
2026-04-29 23:09:07,566 [INFO] Executing: docker exec piper_env bash -ic 'source ~/.bashrc && p goto reset'
2026-04-29 23:09:09,179 [INFO] stdout: Go to reset complete.
2026-04-29 23:09:09,279 [WARNING] stderr: bash: cannot set terminal process group (-1): Inappropriate ioctl for device
bash: no job control in this shell
2026-04-29 23:09:10,388 [INFO] Executing: docker exec piper_env bash -ic 'source ~/.bashrc && p disable'
2026-04-29 23:09:15,321 [INFO] stdout: Piper disable sequence complete.
2026-04-29 23:09:15,421 [WARNING] stderr: bash: cannot set terminal process group (-1): Inappropriate ioctl for device
bash: no job control in this shell
INFO:PiperInterface:Disabling Piper Arm...
INFO:PiperInterface:Target Joint Positions: [0.0, 0.0, 0.0, 0.0, 0.0, 0.0], Current Joint Positions: [-1, 11, -1, 6, 472, 9]
INFO:PiperInterface:Moving to zero position before disabling.
INFO:PiperInterface:Aligning joints to zero position.
INFO:PiperInterface:Releasing motors.
INFO:PiperInterface:Piper Arm Disabled!!!!
2026-04-29 23:09:42,469 [INFO] Stopping data listener with command: bash -lc 'mkdir -p /nethome/rbansal66/CS4803ARM_Lab/user_data/armory/logs; touch /nethome/rbansal66/CS4803ARM_Lab/user_data/armory/logs/workstation_11-listener.log || exit 1; printf '"'"'\n[%s] Stopping data listener\n'"'"' "$(date '"'"'+%F %T'"'"')" >> /nethome/rbansal66/CS4803ARM_Lab/user_data/armory/logs/workstation_11-listener.log; if docker ps --filter name=piper_env -q | grep -q .; then docker exec piper_env bash -lc '"'"'if [ -s /tmp/armory_listener.pid ]; then pid=$(cat /tmp/armory_listener.pid); kill -- -"$pid" >/dev/null 2>&1 || kill "$pid" >/dev/null 2>&1 || true; sleep 0.5; kill -9 -- -"$pid" >/dev/null 2>&1 || kill -9 "$pid" >/dev/null 2>&1 || true; rm -f /tmp/armory_listener.pid; fi; pkill -f '"'"'"'"'"'"'"'"'[r]os2\ launch\ run_follower\.launch\.py'"'"'"'"'"'"'"'"' >/dev/null 2>&1 || true'"'"' >> /nethome/rbansal66/CS4803ARM_Lab/user_data/armory/logs/workstation_11-listener.log 2>&1 || true; else echo '"'"'piper_env is not running'"'"' >> /nethome/rbansal66/CS4803ARM_Lab/user_data/armory/logs/workstation_11-listener.log; fi; if [ -s /tmp/armory_listener_docker_exec.pid ]; then host_pid=$(cat /tmp/armory_listener_docker_exec.pid); kill "$host_pid" >/dev/null 2>&1 || true; rm -f /tmp/armory_listener_docker_exec.pid; fi; echo '"'"'data listener stopped; log: /nethome/rbansal66/CS4803ARM_Lab/user_data/armory/logs/workstation_11-listener.log'"'"''
2026-04-29 23:11:45,309 [INFO] Executing: docker exec piper_env bash -ic 'source ~/.bashrc && p goto reset'
2026-04-29 23:11:46,926 [INFO] stdout: Go to reset complete.
2026-04-29 23:11:47,027 [WARNING] stderr: bash: cannot set terminal process group (-1): Inappropriate ioctl for device
bash: no job control in this shell
2026-04-29 23:11:48,840 [INFO] Executing: docker exec piper_env bash -ic 'source ~/.bashrc && p disable'
2026-04-29 23:11:53,976 [INFO] stdout: Piper disable sequence complete.
2026-04-29 23:11:54,077 [WARNING] stderr: bash: cannot set terminal process group (-1): Inappropriate ioctl for device
bash: no job control in this shell
INFO:PiperInterface:Disabling Piper Arm...
INFO:PiperInterface:Target Joint Positions: [0.0, 0.0, 0.0, 0.0, 0.0, 0.0], Current Joint Positions: [0, 3, 6, 7, 456, 5]
INFO:PiperInterface:Moving to zero position before disabling.
INFO:PiperInterface:Aligning joints to zero position.
INFO:PiperInterface:Releasing motors.
INFO:PiperInterface:Piper Arm Disabled!!!!
2026-04-29 23:11:55,786 [INFO] Killing tunnel with command: bash -lc 'ssh -S /tmp/armory_tunnel_zhurong_8080.sock -O exit rbansal66@zhurong >/dev/null 2>&1 || true; rm -f /tmp/armory_tunnel_zhurong_8080.sock; if command -v pkill >/dev/null 2>&1; then pkill -f '"'"'[s]sh .* -L 8080:zhurong:8080 .*rbansal66@zhurong'"'"' >/dev/null 2>&1 || true; fi; echo '"'"'Tunnel stopped'"'"''
2026-04-29 23:11:58,813 [INFO] Container stopped and removed
2026-05-03 18:49:20,253 [INFO] Docker container not running — status: offline
2026-05-03 18:49:44,978 [INFO] Starting Docker container in detached mode
2026-05-03 18:49:45,583 [INFO] docker run output: 450d646495a8bb611c8c2a021143a05c10baa354a6fdee9343174e3aa6c96602
2026-05-03 18:49:48,408 [INFO] Container started successfully
2026-05-03 19:01:26,912 [INFO] Starting data listener with command: bash -lc 'mkdir -p /nethome/rbansal66/CS4803ARM_Lab/user_data/armory/logs; touch /nethome/rbansal66/CS4803ARM_Lab/user_data/armory/logs/workstation_11-listener.log || exit 1; if ! docker ps --filter name=piper_env -q | grep -q .; then echo '"'"'piper_env is not running'"'"' >&2; exit 1; fi; if docker exec piper_env bash -lc '"'"'if [ -s /tmp/armory_listener.pid ]; then pid=$(cat /tmp/armory_listener.pid); kill -0 "$pid" >/dev/null 2>&1; else exit 1; fi'"'"'; then pid=$(docker exec piper_env cat /tmp/armory_listener.pid); echo '"'"'data listener already running (pid '"'"'"$pid"'"'"'); log: /nethome/rbansal66/CS4803ARM_Lab/user_data/armory/logs/workstation_11-listener.log'"'"'; exit 0; fi; docker exec piper_env rm -f /tmp/armory_listener.pid >/dev/null 2>&1 || true; printf '"'"'\n[%s] Starting data listener: ros2 launch run_follower.launch.py\n'"'"' "$(date '"'"'+%F %T'"'"')" >> /nethome/rbansal66/CS4803ARM_Lab/user_data/armory/logs/workstation_11-listener.log; nohup docker exec piper_env bash -lc '"'"'if command -v setsid >/dev/null 2>&1; then exec setsid bash -ic '"'"'"'"'"'"'"'"'source ~/.bashrc; cd /CS4803ARM_Lab/user_data/data_collection || exit 1; echo $$ > /tmp/armory_listener.pid; exec ros2 launch run_follower.launch.py'"'"'"'"'"'"'"'"'; else exec bash -ic '"'"'"'"'"'"'"'"'source ~/.bashrc; cd /CS4803ARM_Lab/user_data/data_collection || exit 1; echo $$ > /tmp/armory_listener.pid; exec ros2 launch run_follower.launch.py'"'"'"'"'"'"'"'"'; fi'"'"' >> /nethome/rbansal66/CS4803ARM_Lab/user_data/armory/logs/workstation_11-listener.log 2>&1 < /dev/null & host_pid=$!; echo $host_pid > /tmp/armory_listener_docker_exec.pid; sleep 0.5; if kill -0 "$host_pid" >/dev/null 2>&1; then pid=$(docker exec piper_env cat /tmp/armory_listener.pid 2>/dev/null || echo "$host_pid"); echo '"'"'data listener started (pid '"'"'"$pid"'"'"'); log: /nethome/rbansal66/CS4803ARM_Lab/user_data/armory/logs/workstation_11-listener.log'"'"'; else rm -f /tmp/armory_listener_docker_exec.pid; echo '"'"'data listener exited immediately; check log: /nethome/rbansal66/CS4803ARM_Lab/user_data/armory/logs/workstation_11-listener.log'"'"' >&2; tail -n 20 /nethome/rbansal66/CS4803ARM_Lab/user_data/armory/logs/workstation_11-listener.log >&2 || true; exit 1; fi'
2026-05-03 19:02:03,033 [INFO] Executing: docker exec piper_env bash -ic 'source ~/.bashrc && p enable'
2026-05-03 19:02:33,369 [ERROR] Command 'p enable' failed: 
2026-05-03 19:02:34,780 [INFO] Executing: docker exec piper_env bash -ic 'source ~/.bashrc && p goto init'
2026-05-03 19:02:57,287 [WARNING] stderr: bash: cannot set terminal process group (-1): Inappropriate ioctl for device
bash: no job control in this shell
2026-05-03 19:03:05,103 [INFO] Docker container running — status: booted
2026-05-03 19:03:24,022 [INFO] Executing: docker exec piper_env bash -ic 'source ~/.bashrc && p goto reset'
2026-05-03 19:03:35,879 [WARNING] stderr: bash: cannot set terminal process group (-1): Inappropriate ioctl for device
bash: no job control in this shell
2026-05-03 19:03:42,700 [INFO] Docker container running — status: booted
2026-05-03 19:06:35,576 [INFO] Docker container not running — status: offline
2026-05-03 19:07:35,145 [INFO] Starting Docker container in detached mode
2026-05-03 19:07:36,050 [INFO] docker run output: ebf47a7ab78bd156dd324207d798d802f3001f8d67e9dcb1f081c1fee88db6ae
2026-05-03 19:07:38,767 [INFO] Container started successfully
2026-05-03 19:12:07,274 [INFO] Executing: docker exec piper_env bash -ic 'source ~/.bashrc && p enable'
2026-05-03 19:12:08,381 [INFO] stdout: 使能成功!!!!
Piper enable sequence complete.
2026-05-03 19:12:08,482 [WARNING] stderr: bash: cannot set terminal process group (-1): Inappropriate ioctl for device
bash: no job control in this shell
bash: /piper_sdk/piper_sdk/can_activate.sh can0 1000000: No such file or directory
2026-05-03 19:12:08,985 [INFO] Executing: docker exec piper_env bash -ic 'source ~/.bashrc && p goto init'
2026-05-03 19:12:10,795 [INFO] stdout: Go to init complete.
2026-05-03 19:12:10,795 [WARNING] stderr: bash: cannot set terminal process group (-1): Inappropriate ioctl for device
bash: no job control in this shell
2026-05-03 19:12:14,526 [INFO] Executing: docker exec piper_env bash -ic 'source ~/.bashrc && p goto reset'
2026-05-03 19:12:16,334 [INFO] stdout: Go to reset complete.
2026-05-03 19:12:16,334 [WARNING] stderr: bash: cannot set terminal process group (-1): Inappropriate ioctl for device
bash: no job control in this shell
2026-05-03 19:12:16,636 [INFO] Executing: docker exec piper_env bash -ic 'source ~/.bashrc && p disable'
2026-05-03 19:12:21,563 [INFO] stdout: Piper disable sequence complete.
2026-05-03 19:12:21,564 [WARNING] stderr: bash: cannot set terminal process group (-1): Inappropriate ioctl for device
bash: no job control in this shell
INFO:PiperInterface:Disabling Piper Arm...
INFO:PiperInterface:Target Joint Positions: [0.0, 0.0, 0.0, 0.0, 0.0, 0.0], Current Joint Positions: [1, 12, -3, 0, 468, 2]
INFO:PiperInterface:Moving to zero position before disabling.
INFO:PiperInterface:Aligning joints to zero position.
INFO:PiperInterface:Releasing motors.
INFO:PiperInterface:Piper Arm Disabled!!!!
2026-05-03 19:14:19,104 [INFO] Executing: docker exec piper_env bash -ic 'source ~/.bashrc && p enable'
2026-05-03 19:14:20,113 [INFO] stdout: 使能成功!!!!
Piper enable sequence complete.
2026-05-03 19:14:20,114 [WARNING] stderr: bash: cannot set terminal process group (-1): Inappropriate ioctl for device
bash: no job control in this shell
bash: /piper_sdk/piper_sdk/can_activate.sh can0 1000000: No such file or directory
2026-05-03 19:14:21,832 [INFO] Executing: docker exec piper_env bash -ic 'source ~/.bashrc && p goto init'
2026-05-03 19:14:23,445 [INFO] stdout: Go to init complete.
2026-05-03 19:14:23,546 [WARNING] stderr: bash: cannot set terminal process group (-1): Inappropriate ioctl for device
bash: no job control in this shell
2026-05-03 19:14:45,631 [INFO] Starting data listener with command: bash -lc 'mkdir -p /nethome/rbansal66/CS4803ARM_Lab/user_data/armory/logs; touch /nethome/rbansal66/CS4803ARM_Lab/user_data/armory/logs/workstation_11-listener.log || exit 1; if ! docker ps --filter name=piper_env -q | grep -q .; then echo '"'"'piper_env is not running'"'"' >&2; exit 1; fi; if docker exec piper_env bash -lc '"'"'if [ -s /tmp/armory_listener.pid ]; then pid=$(cat /tmp/armory_listener.pid); kill -0 "$pid" >/dev/null 2>&1; else exit 1; fi'"'"'; then pid=$(docker exec piper_env cat /tmp/armory_listener.pid); echo '"'"'data listener already running (pid '"'"'"$pid"'"'"'); log: /nethome/rbansal66/CS4803ARM_Lab/user_data/armory/logs/workstation_11-listener.log'"'"'; exit 0; fi; docker exec piper_env rm -f /tmp/armory_listener.pid >/dev/null 2>&1 || true; printf '"'"'\n[%s] Starting data listener: ros2 launch run_follower.launch.py\n'"'"' "$(date '"'"'+%F %T'"'"')" >> /nethome/rbansal66/CS4803ARM_Lab/user_data/armory/logs/workstation_11-listener.log; nohup docker exec piper_env bash -lc '"'"'if command -v setsid >/dev/null 2>&1; then exec setsid bash -ic '"'"'"'"'"'"'"'"'source ~/.bashrc; cd /CS4803ARM_Lab/user_data/data_collection || exit 1; echo $$ > /tmp/armory_listener.pid; exec ros2 launch run_follower.launch.py'"'"'"'"'"'"'"'"'; else exec bash -ic '"'"'"'"'"'"'"'"'source ~/.bashrc; cd /CS4803ARM_Lab/user_data/data_collection || exit 1; echo $$ > /tmp/armory_listener.pid; exec ros2 launch run_follower.launch.py'"'"'"'"'"'"'"'"'; fi'"'"' >> /nethome/rbansal66/CS4803ARM_Lab/user_data/armory/logs/workstation_11-listener.log 2>&1 < /dev/null & host_pid=$!; echo $host_pid > /tmp/armory_listener_docker_exec.pid; sleep 0.5; if kill -0 "$host_pid" >/dev/null 2>&1; then pid=$(docker exec piper_env cat /tmp/armory_listener.pid 2>/dev/null || echo "$host_pid"); echo '"'"'data listener started (pid '"'"'"$pid"'"'"'); log: /nethome/rbansal66/CS4803ARM_Lab/user_data/armory/logs/workstation_11-listener.log'"'"'; else rm -f /tmp/armory_listener_docker_exec.pid; echo '"'"'data listener exited immediately; check log: /nethome/rbansal66/CS4803ARM_Lab/user_data/armory/logs/workstation_11-listener.log'"'"' >&2; tail -n 20 /nethome/rbansal66/CS4803ARM_Lab/user_data/armory/logs/workstation_11-listener.log >&2 || true; exit 1; fi'
2026-05-03 19:14:58,539 [INFO] Starting Piper client with command: bash -lc 'mkdir -p /nethome/rbansal66/CS4803ARM_Lab/user_data/armory/logs; touch /nethome/rbansal66/CS4803ARM_Lab/user_data/armory/logs/workstation_11-client.log || exit 1; if ! docker ps --filter name=piper_env -q | grep -q .; then echo '"'"'piper_env is not running'"'"' >&2; exit 1; fi; if docker exec piper_env bash -lc '"'"'if [ -s /tmp/armory_client.pid ]; then pid=$(cat /tmp/armory_client.pid); kill -0 "$pid" >/dev/null 2>&1; else exit 1; fi'"'"'; then pid=$(docker exec piper_env cat /tmp/armory_client.pid); echo '"'"'Piper client already running (pid '"'"'"$pid"'"'"'); log: /nethome/rbansal66/CS4803ARM_Lab/user_data/armory/logs/workstation_11-client.log'"'"'; exit 0; fi; docker exec piper_env rm -f /tmp/armory_client.pid >/dev/null 2>&1 || true; printf '"'"'\n[%s] Starting Piper client: ros2 run piper piper_client\n'"'"' "$(date '"'"'+%F %T'"'"')" >> /nethome/rbansal66/CS4803ARM_Lab/user_data/armory/logs/workstation_11-client.log; nohup docker exec piper_env bash -lc '"'"'if command -v setsid >/dev/null 2>&1; then exec setsid bash -ic '"'"'"'"'"'"'"'"'source ~/.bashrc; cd /CS4803ARM_Lab/user_data/piper_ros || exit 1; echo $$ > /tmp/armory_client.pid; exec ros2 run piper piper_client'"'"'"'"'"'"'"'"'; else exec bash -ic '"'"'"'"'"'"'"'"'source ~/.bashrc; cd /CS4803ARM_Lab/user_data/piper_ros || exit 1; echo $$ > /tmp/armory_client.pid; exec ros2 run piper piper_client'"'"'"'"'"'"'"'"'; fi'"'"' >> /nethome/rbansal66/CS4803ARM_Lab/user_data/armory/logs/workstation_11-client.log 2>&1 < /dev/null & host_pid=$!; echo $host_pid > /tmp/armory_client_docker_exec.pid; sleep 0.5; if kill -0 "$host_pid" >/dev/null 2>&1; then pid=$(docker exec piper_env cat /tmp/armory_client.pid 2>/dev/null || echo "$host_pid"); echo '"'"'Piper client started (pid '"'"'"$pid"'"'"'); log: /nethome/rbansal66/CS4803ARM_Lab/user_data/armory/logs/workstation_11-client.log'"'"'; else rm -f /tmp/armory_client_docker_exec.pid; echo '"'"'Piper client exited immediately; check log: /nethome/rbansal66/CS4803ARM_Lab/user_data/armory/logs/workstation_11-client.log'"'"' >&2; tail -n 20 /nethome/rbansal66/CS4803ARM_Lab/user_data/armory/logs/workstation_11-client.log >&2 || true; exit 1; fi'
2026-05-03 19:17:58,724 [INFO] Stopping Piper client with command: bash -lc 'mkdir -p /nethome/rbansal66/CS4803ARM_Lab/user_data/armory/logs; touch /nethome/rbansal66/CS4803ARM_Lab/user_data/armory/logs/workstation_11-client.log || exit 1; printf '"'"'\n[%s] Stopping Piper client\n'"'"' "$(date '"'"'+%F %T'"'"')" >> /nethome/rbansal66/CS4803ARM_Lab/user_data/armory/logs/workstation_11-client.log; if docker ps --filter name=piper_env -q | grep -q .; then docker exec piper_env bash -lc '"'"'if [ -s /tmp/armory_client.pid ]; then pid=$(cat /tmp/armory_client.pid); kill -- -"$pid" >/dev/null 2>&1 || kill "$pid" >/dev/null 2>&1 || true; sleep 0.5; kill -9 -- -"$pid" >/dev/null 2>&1 || kill -9 "$pid" >/dev/null 2>&1 || true; rm -f /tmp/armory_client.pid; fi; pkill -f '"'"'"'"'"'"'"'"'[r]os2\ run\ piper\ piper_client'"'"'"'"'"'"'"'"' >/dev/null 2>&1 || true'"'"' >> /nethome/rbansal66/CS4803ARM_Lab/user_data/armory/logs/workstation_11-client.log 2>&1 || true; else echo '"'"'piper_env is not running'"'"' >> /nethome/rbansal66/CS4803ARM_Lab/user_data/armory/logs/workstation_11-client.log; fi; if [ -s /tmp/armory_client_docker_exec.pid ]; then host_pid=$(cat /tmp/armory_client_docker_exec.pid); kill "$host_pid" >/dev/null 2>&1 || true; rm -f /tmp/armory_client_docker_exec.pid; fi; echo '"'"'Piper client stopped; log: /nethome/rbansal66/CS4803ARM_Lab/user_data/armory/logs/workstation_11-client.log'"'"''
2026-05-03 19:19:12,999 [INFO] Executing: docker exec piper_env bash -ic 'source ~/.bashrc && p goto init'
2026-05-03 19:19:15,019 [INFO] stdout: Go to init complete.
2026-05-03 19:19:15,119 [WARNING] stderr: bash: cannot set terminal process group (-1): Inappropriate ioctl for device
bash: no job control in this shell
