2026-04-10 01:35:15,171 [INFO] Docker container not running — status: offline
2026-04-10 01:35:24,174 [INFO] Starting Docker container in detached mode
2026-04-10 01:35:54,598 [ERROR] Boot failed: 
2026-04-10 01:36:07,849 [INFO] Docker container running — status: booted
2026-04-10 01:37:49,547 [INFO] Container stopped and removed
2026-04-10 02:02:46,800 [INFO] Docker container not running — status: offline
2026-04-10 02:03:07,238 [INFO] Starting Docker container in detached mode
2026-04-10 02:03:08,144 [INFO] docker run output: fffc1ab551d39fe26e9e9115d4bcf2d7784553163b90962ae66c31722a8dccbc
2026-04-10 02:03:10,862 [INFO] Container started successfully
2026-04-10 02:03:39,773 [INFO] Container stopped and removed
2026-04-10 02:06:45,530 [INFO] Docker container not running — status: offline
2026-04-10 02:07:23,468 [INFO] Docker container not running — status: offline
2026-04-10 02:07:27,618 [INFO] Starting Docker container in detached mode
2026-04-10 02:07:28,222 [INFO] docker run output: 0d71dea6b5a401b122488682a09c1a6405cfe7b3bd3508dccf9ee505d258e303
2026-04-10 02:07:30,938 [INFO] Container started successfully
2026-04-10 02:08:10,447 [INFO] Docker container running — status: booted
2026-04-10 02:08:22,647 [INFO] Docker container running — status: booted
2026-04-10 02:13:21,989 [INFO] Container stopped and removed
2026-04-10 02:15:30,655 [INFO] Docker container not running — status: offline
2026-04-10 11:01:52,335 [ERROR] Status check failed: SSH connection closed
2026-04-10 11:08:46,964 [INFO] Docker container not running — status: offline
2026-04-10 11:08:55,152 [INFO] Starting Docker container in detached mode
2026-04-10 11:08:55,958 [INFO] docker run output: b781bc6b9783556860cd0b5d2268a5716493d783dac0d9314424f4ebf0e41542
2026-04-10 11:08:58,777 [INFO] Container started successfully
2026-04-10 11:09:14,845 [INFO] Docker container running — status: booted
2026-04-10 11:09:21,034 [INFO] Container stopped and removed
2026-04-10 11:35:21,434 [INFO] Docker container not running — status: offline
2026-04-10 11:36:40,817 [INFO] Docker container not running — status: offline
2026-04-10 11:36:57,029 [INFO] Starting Docker container in detached mode
2026-04-10 11:36:57,633 [INFO] docker run output: 82808f3e00ecb26efff919ebd041e65a13e564129c6f46aec44abe2395208d74
2026-04-10 11:37:00,049 [INFO] Container started successfully
2026-04-10 11:39:59,012 [INFO] Container stopped and removed
2026-04-10 11:43:28,232 [INFO] Docker container not running — status: offline
2026-04-10 11:45:04,317 [ERROR] Status check failed: SSH connection closed
2026-04-10 11:45:32,871 [INFO] Docker container not running — status: offline
2026-04-10 12:17:44,973 [INFO] Docker container not running — status: offline
2026-04-10 12:17:54,970 [INFO] Starting Docker container in detached mode
2026-04-10 12:17:55,473 [INFO] docker run output: a7dd72c41b16145060447830158cffca7f6badf57fe9bb95266532581b291450
2026-04-10 12:17:57,994 [INFO] Container started successfully
2026-04-10 12:20:14,102 [INFO] Docker container running — status: booted
2026-04-10 12:20:51,839 [INFO] Container stopped and removed
2026-04-10 14:29:26,686 [INFO] Docker container not running — status: offline
2026-04-10 14:29:36,113 [INFO] Starting Docker container in detached mode
2026-04-10 14:29:36,717 [INFO] docker run output: a918d9101079bacb1fb56fe17c88ad1e1ae0057b4afe4a8891fc492baf186bc7
2026-04-10 14:29:40,048 [INFO] Container started successfully
2026-04-10 14:36:54,451 [INFO] Container stopped and removed
2026-04-11 16:13:37,557 [ERROR] Status check failed: SSH connection closed
2026-04-12 16:30:38,223 [INFO] Docker container not running — status: offline
2026-04-12 16:31:02,859 [INFO] Starting Docker container in detached mode
2026-04-12 16:31:03,563 [INFO] docker run output: 97de85e3a359c12aa029344158ec228bac0cb1dfc4ec92577499a339132f33b7
2026-04-12 16:31:06,486 [INFO] Container started successfully
2026-04-12 16:31:38,600 [INFO] Executing: docker exec piper_env bash -ic 'source ~/.bashrc && p enable'
2026-04-12 16:31:41,718 [INFO] stdout: 使能成功!!!!
Piper enable sequence complete.
2026-04-12 16:31:41,718 [WARNING] stderr: bash: cannot set terminal process group (-1): Inappropriate ioctl for device
bash: no job control in this shell
bash: /piper_sdk/piper_sdk/can_activate.sh can0 1000000: No such file or directory
2026-04-12 16:31:43,129 [INFO] Executing: docker exec piper_env bash -ic 'source ~/.bashrc && p goto init'
2026-04-12 16:31:44,741 [INFO] stdout: Go to init complete.
2026-04-12 16:31:44,741 [WARNING] stderr: bash: cannot set terminal process group (-1): Inappropriate ioctl for device
bash: no job control in this shell
2026-04-12 16:35:06,161 [INFO] Executing: docker exec piper_env bash -ic 'source ~/.bashrc && p goto reset'
2026-04-12 16:35:08,376 [INFO] stdout: Go to reset complete.
2026-04-12 16:35:08,477 [WARNING] stderr: bash: cannot set terminal process group (-1): Inappropriate ioctl for device
bash: no job control in this shell
2026-04-12 16:35:10,393 [INFO] Executing: docker exec piper_env bash -ic 'source ~/.bashrc && p disable'
2026-04-12 16:35:12,105 [INFO] stdout: 失能成功!!!!
Piper disable sequence complete.
2026-04-12 16:35:12,206 [WARNING] stderr: bash: cannot set terminal process group (-1): Inappropriate ioctl for device
bash: no job control in this shell
2026-04-12 16:35:37,315 [INFO] Executing: docker exec piper_env bash -ic 'source ~/.bashrc && p enable'
2026-04-12 16:35:38,323 [INFO] stdout: 使能成功!!!!
Piper enable sequence complete.
2026-04-12 16:35:38,324 [WARNING] stderr: bash: cannot set terminal process group (-1): Inappropriate ioctl for device
bash: no job control in this shell
bash: /piper_sdk/piper_sdk/can_activate.sh can0 1000000: No such file or directory
2026-04-12 16:35:39,333 [INFO] Executing: docker exec piper_env bash -ic 'source ~/.bashrc && p goto init'
2026-04-12 16:35:40,842 [INFO] stdout: Go to init complete.
2026-04-12 16:35:40,843 [WARNING] stderr: bash: cannot set terminal process group (-1): Inappropriate ioctl for device
bash: no job control in this shell
2026-04-12 16:36:35,137 [INFO] Executing: docker exec piper_env bash -ic 'source ~/.bashrc && p goto reset'
2026-04-12 16:36:36,747 [INFO] stdout: Go to reset complete.
2026-04-12 16:36:36,747 [WARNING] stderr: bash: cannot set terminal process group (-1): Inappropriate ioctl for device
bash: no job control in this shell
2026-04-12 16:36:39,063 [INFO] Executing: docker exec piper_env bash -ic 'source ~/.bashrc && p disable'
2026-04-12 16:36:39,568 [INFO] stdout: 失能成功!!!!
Piper disable sequence complete.
2026-04-12 16:36:39,669 [WARNING] stderr: bash: cannot set terminal process group (-1): Inappropriate ioctl for device
bash: no job control in this shell
2026-04-12 17:09:19,838 [INFO] Docker container running — status: booted
2026-04-12 17:10:01,046 [INFO] Container stopped and removed
2026-04-12 17:30:31,149 [INFO] Docker container not running — status: offline
2026-04-12 17:33:16,190 [INFO] Docker container not running — status: offline
2026-04-12 17:33:39,398 [INFO] Killing tunnel with command: bash -lc 'ssh -S /tmp/armory_tunnel_grom_8999.sock -O exit rbansal66@grom >/dev/null 2>&1 || true; rm -f /tmp/armory_tunnel_grom_8999.sock; if command -v pkill >/dev/null 2>&1; then pkill -f '"'"'[s]sh .* -L 8999:grom:8999 .*rbansal66@grom'"'"' >/dev/null 2>&1 || true; fi; echo '"'"'Tunnel stopped'"'"''
2026-04-12 18:03:23,558 [INFO] Docker container not running — status: offline
2026-04-12 18:15:31,214 [INFO] Docker container not running — status: offline
2026-04-12 18:17:29,235 [INFO] Docker container not running — status: offline
2026-04-12 18:23:55,878 [INFO] Docker container not running — status: offline
2026-04-12 18:28:37,543 [INFO] Docker container not running — status: offline
2026-04-12 18:29:01,736 [INFO] Docker container not running — status: offline
2026-04-13 15:24:40,322 [INFO] Docker container not running — status: offline
2026-04-13 15:24:45,116 [INFO] Starting Docker container in detached mode
2026-04-13 15:24:45,721 [INFO] docker run output: bb167dba2fcac4b5be2f1e078eef0a96b3c24e2534e48377f80b7da46bf8911e
2026-04-13 15:24:48,342 [INFO] Container started successfully
2026-04-13 15:24:55,199 [INFO] Executing: docker exec piper_env bash -ic 'source ~/.bashrc && p enable'
2026-04-13 15:24:56,105 [INFO] stdout: 使能成功!!!!
Piper enable sequence complete.
2026-04-13 15:24:56,306 [WARNING] stderr: bash: cannot set terminal process group (-1): Inappropriate ioctl for device
bash: no job control in this shell
bash: /piper_ros/install/setup.bash: No such file or directory
bash: /piper_ros/install/setup.bash: No such file or directory
bash: /piper_sdk/piper_sdk/can_activate.sh can0 1000000: No such file or directory
2026-04-13 15:24:58,225 [INFO] Executing: docker exec piper_env bash -ic 'source ~/.bashrc && p goto init'
2026-04-13 15:24:59,835 [INFO] stdout: Go to init complete.
2026-04-13 15:24:59,936 [WARNING] stderr: bash: cannot set terminal process group (-1): Inappropriate ioctl for device
bash: no job control in this shell
bash: /piper_ros/install/setup.bash: No such file or directory
bash: /piper_ros/install/setup.bash: No such file or directory
2026-04-13 15:25:39,229 [INFO] Starting data listener with command: bash -lc 'mkdir -p /nethome/rbansal66/CS4803ARM_Lab/user_data/armory/logs; touch /nethome/rbansal66/CS4803ARM_Lab/user_data/armory/logs/workstation_14-listener.log || exit 1; if ! docker ps --filter name=piper_env -q | grep -q .; then echo '"'"'piper_env is not running'"'"' >&2; exit 1; fi; if docker exec piper_env bash -lc '"'"'if [ -s /tmp/armory_listener.pid ]; then pid=$(cat /tmp/armory_listener.pid); kill -0 "$pid" >/dev/null 2>&1; else exit 1; fi'"'"'; then pid=$(docker exec piper_env cat /tmp/armory_listener.pid); echo '"'"'data listener already running (pid '"'"'"$pid"'"'"'); log: /nethome/rbansal66/CS4803ARM_Lab/user_data/armory/logs/workstation_14-listener.log'"'"'; exit 0; fi; docker exec piper_env rm -f /tmp/armory_listener.pid >/dev/null 2>&1 || true; printf '"'"'\n[%s] Starting data listener: ros2 launch data_collection_new.launch.py\n'"'"' "$(date '"'"'+%F %T'"'"')" >> /nethome/rbansal66/CS4803ARM_Lab/user_data/armory/logs/workstation_14-listener.log; nohup docker exec piper_env bash -lc '"'"'if command -v setsid >/dev/null 2>&1; then exec setsid bash -ic '"'"'"'"'"'"'"'"'source ~/.bashrc; cd /CS4803ARM_Lab/user_data/data_collection || exit 1; echo $$ > /tmp/armory_listener.pid; exec ros2 launch data_collection_new.launch.py'"'"'"'"'"'"'"'"'; else exec bash -ic '"'"'"'"'"'"'"'"'source ~/.bashrc; cd /CS4803ARM_Lab/user_data/data_collection || exit 1; echo $$ > /tmp/armory_listener.pid; exec ros2 launch data_collection_new.launch.py'"'"'"'"'"'"'"'"'; fi'"'"' >> /nethome/rbansal66/CS4803ARM_Lab/user_data/armory/logs/workstation_14-listener.log 2>&1 < /dev/null & host_pid=$!; echo $host_pid > /tmp/armory_listener_docker_exec.pid; sleep 0.5; if kill -0 "$host_pid" >/dev/null 2>&1; then pid=$(docker exec piper_env cat /tmp/armory_listener.pid 2>/dev/null || echo "$host_pid"); echo '"'"'data listener started (pid '"'"'"$pid"'"'"'); log: /nethome/rbansal66/CS4803ARM_Lab/user_data/armory/logs/workstation_14-listener.log'"'"'; else rm -f /tmp/armory_listener_docker_exec.pid; echo '"'"'data listener exited immediately; check log: /nethome/rbansal66/CS4803ARM_Lab/user_data/armory/logs/workstation_14-listener.log'"'"' >&2; tail -n 20 /nethome/rbansal66/CS4803ARM_Lab/user_data/armory/logs/workstation_14-listener.log >&2 || true; exit 1; fi'
2026-04-13 15:25:59,858 [INFO] Starting data listener with command: bash -lc 'mkdir -p /nethome/rbansal66/CS4803ARM_Lab/user_data/armory/logs; touch /nethome/rbansal66/CS4803ARM_Lab/user_data/armory/logs/workstation_14-listener.log || exit 1; if ! docker ps --filter name=piper_env -q | grep -q .; then echo '"'"'piper_env is not running'"'"' >&2; exit 1; fi; if docker exec piper_env bash -lc '"'"'if [ -s /tmp/armory_listener.pid ]; then pid=$(cat /tmp/armory_listener.pid); kill -0 "$pid" >/dev/null 2>&1; else exit 1; fi'"'"'; then pid=$(docker exec piper_env cat /tmp/armory_listener.pid); echo '"'"'data listener already running (pid '"'"'"$pid"'"'"'); log: /nethome/rbansal66/CS4803ARM_Lab/user_data/armory/logs/workstation_14-listener.log'"'"'; exit 0; fi; docker exec piper_env rm -f /tmp/armory_listener.pid >/dev/null 2>&1 || true; printf '"'"'\n[%s] Starting data listener: ros2 launch data_collection_new.launch.py\n'"'"' "$(date '"'"'+%F %T'"'"')" >> /nethome/rbansal66/CS4803ARM_Lab/user_data/armory/logs/workstation_14-listener.log; nohup docker exec piper_env bash -lc '"'"'if command -v setsid >/dev/null 2>&1; then exec setsid bash -ic '"'"'"'"'"'"'"'"'source ~/.bashrc; cd /CS4803ARM_Lab/user_data/data_collection || exit 1; echo $$ > /tmp/armory_listener.pid; exec ros2 launch data_collection_new.launch.py'"'"'"'"'"'"'"'"'; else exec bash -ic '"'"'"'"'"'"'"'"'source ~/.bashrc; cd /CS4803ARM_Lab/user_data/data_collection || exit 1; echo $$ > /tmp/armory_listener.pid; exec ros2 launch data_collection_new.launch.py'"'"'"'"'"'"'"'"'; fi'"'"' >> /nethome/rbansal66/CS4803ARM_Lab/user_data/armory/logs/workstation_14-listener.log 2>&1 < /dev/null & host_pid=$!; echo $host_pid > /tmp/armory_listener_docker_exec.pid; sleep 0.5; if kill -0 "$host_pid" >/dev/null 2>&1; then pid=$(docker exec piper_env cat /tmp/armory_listener.pid 2>/dev/null || echo "$host_pid"); echo '"'"'data listener started (pid '"'"'"$pid"'"'"'); log: /nethome/rbansal66/CS4803ARM_Lab/user_data/armory/logs/workstation_14-listener.log'"'"'; else rm -f /tmp/armory_listener_docker_exec.pid; echo '"'"'data listener exited immediately; check log: /nethome/rbansal66/CS4803ARM_Lab/user_data/armory/logs/workstation_14-listener.log'"'"' >&2; tail -n 20 /nethome/rbansal66/CS4803ARM_Lab/user_data/armory/logs/workstation_14-listener.log >&2 || true; exit 1; fi'
2026-04-13 15:26:35,168 [INFO] Stopping data listener with command: bash -lc 'mkdir -p /nethome/rbansal66/CS4803ARM_Lab/user_data/armory/logs; touch /nethome/rbansal66/CS4803ARM_Lab/user_data/armory/logs/workstation_14-listener.log || exit 1; printf '"'"'\n[%s] Stopping data listener\n'"'"' "$(date '"'"'+%F %T'"'"')" >> /nethome/rbansal66/CS4803ARM_Lab/user_data/armory/logs/workstation_14-listener.log; if docker ps --filter name=piper_env -q | grep -q .; then docker exec piper_env bash -lc '"'"'if [ -s /tmp/armory_listener.pid ]; then pid=$(cat /tmp/armory_listener.pid); kill -- -"$pid" >/dev/null 2>&1 || kill "$pid" >/dev/null 2>&1 || true; sleep 0.5; kill -9 -- -"$pid" >/dev/null 2>&1 || kill -9 "$pid" >/dev/null 2>&1 || true; rm -f /tmp/armory_listener.pid; fi; pkill -f '"'"'"'"'"'"'"'"'[r]os2\ launch\ data_collection_new\.launch\.py'"'"'"'"'"'"'"'"' >/dev/null 2>&1 || true'"'"' >> /nethome/rbansal66/CS4803ARM_Lab/user_data/armory/logs/workstation_14-listener.log 2>&1 || true; else echo '"'"'piper_env is not running'"'"' >> /nethome/rbansal66/CS4803ARM_Lab/user_data/armory/logs/workstation_14-listener.log; fi; if [ -s /tmp/armory_listener_docker_exec.pid ]; then host_pid=$(cat /tmp/armory_listener_docker_exec.pid); kill "$host_pid" >/dev/null 2>&1 || true; rm -f /tmp/armory_listener_docker_exec.pid; fi; echo '"'"'data listener stopped; log: /nethome/rbansal66/CS4803ARM_Lab/user_data/armory/logs/workstation_14-listener.log'"'"''
2026-04-13 15:26:44,831 [INFO] Starting data listener with command: bash -lc 'mkdir -p /nethome/rbansal66/CS4803ARM_Lab/user_data/armory/logs; touch /nethome/rbansal66/CS4803ARM_Lab/user_data/armory/logs/workstation_14-listener.log || exit 1; if ! docker ps --filter name=piper_env -q | grep -q .; then echo '"'"'piper_env is not running'"'"' >&2; exit 1; fi; if docker exec piper_env bash -lc '"'"'if [ -s /tmp/armory_listener.pid ]; then pid=$(cat /tmp/armory_listener.pid); kill -0 "$pid" >/dev/null 2>&1; else exit 1; fi'"'"'; then pid=$(docker exec piper_env cat /tmp/armory_listener.pid); echo '"'"'data listener already running (pid '"'"'"$pid"'"'"'); log: /nethome/rbansal66/CS4803ARM_Lab/user_data/armory/logs/workstation_14-listener.log'"'"'; exit 0; fi; docker exec piper_env rm -f /tmp/armory_listener.pid >/dev/null 2>&1 || true; printf '"'"'\n[%s] Starting data listener: ros2 launch data_collection_new.launch.py\n'"'"' "$(date '"'"'+%F %T'"'"')" >> /nethome/rbansal66/CS4803ARM_Lab/user_data/armory/logs/workstation_14-listener.log; nohup docker exec piper_env bash -lc '"'"'if command -v setsid >/dev/null 2>&1; then exec setsid bash -ic '"'"'"'"'"'"'"'"'source ~/.bashrc; cd /CS4803ARM_Lab/user_data/data_collection || exit 1; echo $$ > /tmp/armory_listener.pid; exec ros2 launch data_collection_new.launch.py'"'"'"'"'"'"'"'"'; else exec bash -ic '"'"'"'"'"'"'"'"'source ~/.bashrc; cd /CS4803ARM_Lab/user_data/data_collection || exit 1; echo $$ > /tmp/armory_listener.pid; exec ros2 launch data_collection_new.launch.py'"'"'"'"'"'"'"'"'; fi'"'"' >> /nethome/rbansal66/CS4803ARM_Lab/user_data/armory/logs/workstation_14-listener.log 2>&1 < /dev/null & host_pid=$!; echo $host_pid > /tmp/armory_listener_docker_exec.pid; sleep 0.5; if kill -0 "$host_pid" >/dev/null 2>&1; then pid=$(docker exec piper_env cat /tmp/armory_listener.pid 2>/dev/null || echo "$host_pid"); echo '"'"'data listener started (pid '"'"'"$pid"'"'"'); log: /nethome/rbansal66/CS4803ARM_Lab/user_data/armory/logs/workstation_14-listener.log'"'"'; else rm -f /tmp/armory_listener_docker_exec.pid; echo '"'"'data listener exited immediately; check log: /nethome/rbansal66/CS4803ARM_Lab/user_data/armory/logs/workstation_14-listener.log'"'"' >&2; tail -n 20 /nethome/rbansal66/CS4803ARM_Lab/user_data/armory/logs/workstation_14-listener.log >&2 || true; exit 1; fi'
2026-04-13 15:27:19,157 [INFO] Stopping data listener with command: bash -lc 'mkdir -p /nethome/rbansal66/CS4803ARM_Lab/user_data/armory/logs; touch /nethome/rbansal66/CS4803ARM_Lab/user_data/armory/logs/workstation_14-listener.log || exit 1; printf '"'"'\n[%s] Stopping data listener\n'"'"' "$(date '"'"'+%F %T'"'"')" >> /nethome/rbansal66/CS4803ARM_Lab/user_data/armory/logs/workstation_14-listener.log; if docker ps --filter name=piper_env -q | grep -q .; then docker exec piper_env bash -lc '"'"'if [ -s /tmp/armory_listener.pid ]; then pid=$(cat /tmp/armory_listener.pid); kill -- -"$pid" >/dev/null 2>&1 || kill "$pid" >/dev/null 2>&1 || true; sleep 0.5; kill -9 -- -"$pid" >/dev/null 2>&1 || kill -9 "$pid" >/dev/null 2>&1 || true; rm -f /tmp/armory_listener.pid; fi; pkill -f '"'"'"'"'"'"'"'"'[r]os2\ launch\ data_collection_new\.launch\.py'"'"'"'"'"'"'"'"' >/dev/null 2>&1 || true'"'"' >> /nethome/rbansal66/CS4803ARM_Lab/user_data/armory/logs/workstation_14-listener.log 2>&1 || true; else echo '"'"'piper_env is not running'"'"' >> /nethome/rbansal66/CS4803ARM_Lab/user_data/armory/logs/workstation_14-listener.log; fi; if [ -s /tmp/armory_listener_docker_exec.pid ]; then host_pid=$(cat /tmp/armory_listener_docker_exec.pid); kill "$host_pid" >/dev/null 2>&1 || true; rm -f /tmp/armory_listener_docker_exec.pid; fi; echo '"'"'data listener stopped; log: /nethome/rbansal66/CS4803ARM_Lab/user_data/armory/logs/workstation_14-listener.log'"'"''
2026-04-13 15:29:40,346 [INFO] Docker container running — status: booted
2026-04-13 15:30:12,311 [INFO] Executing: docker exec piper_env bash -ic 'source ~/.bashrc && p goto zero'
2026-04-13 15:30:13,722 [INFO] stdout: Go to zero complete.
2026-04-13 15:30:13,722 [WARNING] stderr: bash: cannot set terminal process group (-1): Inappropriate ioctl for device
bash: no job control in this shell
bash: /piper_ros/install/setup.bash: No such file or directory
bash: /piper_ros/install/setup.bash: No such file or directory
2026-04-13 15:30:17,674 [INFO] Executing: docker exec piper_env bash -ic 'source ~/.bashrc && p goto init'
2026-04-13 15:30:19,183 [INFO] stdout: Go to init complete.
2026-04-13 15:30:19,183 [WARNING] stderr: bash: cannot set terminal process group (-1): Inappropriate ioctl for device
bash: no job control in this shell
bash: /piper_ros/install/setup.bash: No such file or directory
bash: /piper_ros/install/setup.bash: No such file or directory
2026-04-13 15:30:30,495 [INFO] Starting tunnel with command: bash -lc 'mkdir -p /tmp; if ssh -S /tmp/armory_tunnel_dynamics_8999.sock -O check rbansal66@dynamics >/dev/null 2>&1; then echo '"'"'Tunnel already running'"'"'; exit 0; fi; rm -f /tmp/armory_tunnel_dynamics_8999.sock; ssh -f -N -M -S /tmp/armory_tunnel_dynamics_8999.sock -o ExitOnForwardFailure=yes -o ServerAliveInterval=30 -o ServerAliveCountMax=3 -L 8999:dynamics:8999 -J rbansal66@sky1.cc.gatech.edu rbansal66@dynamics; echo '"'"'Tunnel started'"'"''
2026-04-13 15:30:43,967 [INFO] Starting data listener with command: bash -lc 'mkdir -p /nethome/rbansal66/CS4803ARM_Lab/user_data/armory/logs; touch /nethome/rbansal66/CS4803ARM_Lab/user_data/armory/logs/workstation_14-listener.log || exit 1; if ! docker ps --filter name=piper_env -q | grep -q .; then echo '"'"'piper_env is not running'"'"' >&2; exit 1; fi; if docker exec piper_env bash -lc '"'"'if [ -s /tmp/armory_listener.pid ]; then pid=$(cat /tmp/armory_listener.pid); kill -0 "$pid" >/dev/null 2>&1; else exit 1; fi'"'"'; then pid=$(docker exec piper_env cat /tmp/armory_listener.pid); echo '"'"'data listener already running (pid '"'"'"$pid"'"'"'); log: /nethome/rbansal66/CS4803ARM_Lab/user_data/armory/logs/workstation_14-listener.log'"'"'; exit 0; fi; docker exec piper_env rm -f /tmp/armory_listener.pid >/dev/null 2>&1 || true; printf '"'"'\n[%s] Starting data listener: ros2 launch data_collection_new.launch.py\n'"'"' "$(date '"'"'+%F %T'"'"')" >> /nethome/rbansal66/CS4803ARM_Lab/user_data/armory/logs/workstation_14-listener.log; nohup docker exec piper_env bash -lc '"'"'if command -v setsid >/dev/null 2>&1; then exec setsid bash -ic '"'"'"'"'"'"'"'"'source ~/.bashrc; cd /CS4803ARM_Lab/user_data/data_collection || exit 1; echo $$ > /tmp/armory_listener.pid; exec ros2 launch data_collection_new.launch.py'"'"'"'"'"'"'"'"'; else exec bash -ic '"'"'"'"'"'"'"'"'source ~/.bashrc; cd /CS4803ARM_Lab/user_data/data_collection || exit 1; echo $$ > /tmp/armory_listener.pid; exec ros2 launch data_collection_new.launch.py'"'"'"'"'"'"'"'"'; fi'"'"' >> /nethome/rbansal66/CS4803ARM_Lab/user_data/armory/logs/workstation_14-listener.log 2>&1 < /dev/null & host_pid=$!; echo $host_pid > /tmp/armory_listener_docker_exec.pid; sleep 0.5; if kill -0 "$host_pid" >/dev/null 2>&1; then pid=$(docker exec piper_env cat /tmp/armory_listener.pid 2>/dev/null || echo "$host_pid"); echo '"'"'data listener started (pid '"'"'"$pid"'"'"'); log: /nethome/rbansal66/CS4803ARM_Lab/user_data/armory/logs/workstation_14-listener.log'"'"'; else rm -f /tmp/armory_listener_docker_exec.pid; echo '"'"'data listener exited immediately; check log: /nethome/rbansal66/CS4803ARM_Lab/user_data/armory/logs/workstation_14-listener.log'"'"' >&2; tail -n 20 /nethome/rbansal66/CS4803ARM_Lab/user_data/armory/logs/workstation_14-listener.log >&2 || true; exit 1; fi'
2026-04-13 15:32:08,851 [INFO] Killing tunnel with command: bash -lc 'ssh -S /tmp/armory_tunnel_dynamics_8999.sock -O exit rbansal66@dynamics >/dev/null 2>&1 || true; rm -f /tmp/armory_tunnel_dynamics_8999.sock; if command -v pkill >/dev/null 2>&1; then pkill -f '"'"'[s]sh .* -L 8999:dynamics:8999 .*rbansal66@dynamics'"'"' >/dev/null 2>&1 || true; fi; echo '"'"'Tunnel stopped'"'"''
2026-04-13 15:32:22,954 [INFO] Executing: docker exec piper_env bash -ic 'source ~/.bashrc && p goto reset'
2026-04-13 15:32:24,363 [INFO] stdout: Go to reset complete.
2026-04-13 15:32:24,463 [WARNING] stderr: bash: cannot set terminal process group (-1): Inappropriate ioctl for device
bash: no job control in this shell
bash: /piper_ros/install/setup.bash: No such file or directory
bash: /piper_ros/install/setup.bash: No such file or directory
2026-04-13 15:32:25,877 [INFO] Executing: docker exec piper_env bash -ic 'source ~/.bashrc && p disable'
2026-04-13 15:32:27,083 [INFO] stdout: 失能成功!!!!
Piper disable sequence complete.
2026-04-13 15:32:27,083 [WARNING] stderr: bash: cannot set terminal process group (-1): Inappropriate ioctl for device
bash: no job control in this shell
bash: /piper_ros/install/setup.bash: No such file or directory
bash: /piper_ros/install/setup.bash: No such file or directory
2026-04-13 15:32:45,321 [INFO] Executing: docker exec piper_env bash -ic 'source ~/.bashrc && p goto reset'
2026-04-13 15:32:46,830 [INFO] stdout: Go to reset complete.
2026-04-13 15:32:46,830 [WARNING] stderr: bash: cannot set terminal process group (-1): Inappropriate ioctl for device
bash: no job control in this shell
bash: /piper_ros/install/setup.bash: No such file or directory
bash: /piper_ros/install/setup.bash: No such file or directory
2026-04-13 15:32:47,943 [INFO] Executing: docker exec piper_env bash -ic 'source ~/.bashrc && p disable'
2026-04-13 15:32:48,950 [INFO] stdout: 失能成功!!!!
Piper disable sequence complete.
2026-04-13 15:32:48,950 [WARNING] stderr: bash: cannot set terminal process group (-1): Inappropriate ioctl for device
bash: no job control in this shell
bash: /piper_ros/install/setup.bash: No such file or directory
bash: /piper_ros/install/setup.bash: No such file or directory
2026-04-13 15:32:50,363 [INFO] Killing tunnel with command: bash -lc 'ssh -S /tmp/armory_tunnel_dynamics_8999.sock -O exit rbansal66@dynamics >/dev/null 2>&1 || true; rm -f /tmp/armory_tunnel_dynamics_8999.sock; if command -v pkill >/dev/null 2>&1; then pkill -f '"'"'[s]sh .* -L 8999:dynamics:8999 .*rbansal66@dynamics'"'"' >/dev/null 2>&1 || true; fi; echo '"'"'Tunnel stopped'"'"''
2026-04-13 15:32:52,286 [INFO] Container stopped and removed
2026-04-13 15:33:30,902 [INFO] Starting Docker container in detached mode
2026-04-13 15:33:31,508 [INFO] docker run output: 0b6e1e4ae374faf0d1297a30bf5444940f9e5a79863cbea9b2061e02a6c59107
2026-04-13 15:33:34,532 [INFO] Container started successfully
2026-04-13 15:33:49,969 [INFO] Executing: docker exec piper_env bash -ic 'source ~/.bashrc && p enable'
2026-04-13 15:33:50,472 [INFO] stdout: 使能成功!!!!
Piper enable sequence complete.
2026-04-13 15:33:50,472 [WARNING] stderr: bash: cannot set terminal process group (-1): Inappropriate ioctl for device
bash: no job control in this shell
bash: /piper_ros/install/setup.bash: No such file or directory
bash: /piper_ros/install/setup.bash: No such file or directory
bash: /piper_sdk/piper_sdk/can_activate.sh can0 1000000: No such file or directory
2026-04-13 15:33:50,674 [INFO] Executing: docker exec piper_env bash -ic 'source ~/.bashrc && p goto init'
2026-04-13 15:33:52,182 [INFO] stdout: Go to init complete.
2026-04-13 15:33:52,182 [WARNING] stderr: bash: cannot set terminal process group (-1): Inappropriate ioctl for device
bash: no job control in this shell
bash: /piper_ros/install/setup.bash: No such file or directory
bash: /piper_ros/install/setup.bash: No such file or directory
2026-04-13 15:33:58,734 [INFO] Starting data listener with command: bash -lc 'mkdir -p /nethome/rbansal66/CS4803ARM_Lab/user_data/armory/logs; touch /nethome/rbansal66/CS4803ARM_Lab/user_data/armory/logs/workstation_14-listener.log || exit 1; if ! docker ps --filter name=piper_env -q | grep -q .; then echo '"'"'piper_env is not running'"'"' >&2; exit 1; fi; if docker exec piper_env bash -lc '"'"'if [ -s /tmp/armory_listener.pid ]; then pid=$(cat /tmp/armory_listener.pid); kill -0 "$pid" >/dev/null 2>&1; else exit 1; fi'"'"'; then pid=$(docker exec piper_env cat /tmp/armory_listener.pid); echo '"'"'data listener already running (pid '"'"'"$pid"'"'"'); log: /nethome/rbansal66/CS4803ARM_Lab/user_data/armory/logs/workstation_14-listener.log'"'"'; exit 0; fi; docker exec piper_env rm -f /tmp/armory_listener.pid >/dev/null 2>&1 || true; printf '"'"'\n[%s] Starting data listener: ros2 launch data_collection_new.launch.py\n'"'"' "$(date '"'"'+%F %T'"'"')" >> /nethome/rbansal66/CS4803ARM_Lab/user_data/armory/logs/workstation_14-listener.log; nohup docker exec piper_env bash -lc '"'"'if command -v setsid >/dev/null 2>&1; then exec setsid bash -ic '"'"'"'"'"'"'"'"'source ~/.bashrc; cd /CS4803ARM_Lab/user_data/data_collection || exit 1; echo $$ > /tmp/armory_listener.pid; exec ros2 launch data_collection_new.launch.py'"'"'"'"'"'"'"'"'; else exec bash -ic '"'"'"'"'"'"'"'"'source ~/.bashrc; cd /CS4803ARM_Lab/user_data/data_collection || exit 1; echo $$ > /tmp/armory_listener.pid; exec ros2 launch data_collection_new.launch.py'"'"'"'"'"'"'"'"'; fi'"'"' >> /nethome/rbansal66/CS4803ARM_Lab/user_data/armory/logs/workstation_14-listener.log 2>&1 < /dev/null & host_pid=$!; echo $host_pid > /tmp/armory_listener_docker_exec.pid; sleep 0.5; if kill -0 "$host_pid" >/dev/null 2>&1; then pid=$(docker exec piper_env cat /tmp/armory_listener.pid 2>/dev/null || echo "$host_pid"); echo '"'"'data listener started (pid '"'"'"$pid"'"'"'); log: /nethome/rbansal66/CS4803ARM_Lab/user_data/armory/logs/workstation_14-listener.log'"'"'; else rm -f /tmp/armory_listener_docker_exec.pid; echo '"'"'data listener exited immediately; check log: /nethome/rbansal66/CS4803ARM_Lab/user_data/armory/logs/workstation_14-listener.log'"'"' >&2; tail -n 20 /nethome/rbansal66/CS4803ARM_Lab/user_data/armory/logs/workstation_14-listener.log >&2 || true; exit 1; fi'
2026-04-13 15:34:35,524 [INFO] Stopping data listener with command: bash -lc 'mkdir -p /nethome/rbansal66/CS4803ARM_Lab/user_data/armory/logs; touch /nethome/rbansal66/CS4803ARM_Lab/user_data/armory/logs/workstation_14-listener.log || exit 1; printf '"'"'\n[%s] Stopping data listener\n'"'"' "$(date '"'"'+%F %T'"'"')" >> /nethome/rbansal66/CS4803ARM_Lab/user_data/armory/logs/workstation_14-listener.log; if docker ps --filter name=piper_env -q | grep -q .; then docker exec piper_env bash -lc '"'"'if [ -s /tmp/armory_listener.pid ]; then pid=$(cat /tmp/armory_listener.pid); kill -- -"$pid" >/dev/null 2>&1 || kill "$pid" >/dev/null 2>&1 || true; sleep 0.5; kill -9 -- -"$pid" >/dev/null 2>&1 || kill -9 "$pid" >/dev/null 2>&1 || true; rm -f /tmp/armory_listener.pid; fi; pkill -f '"'"'"'"'"'"'"'"'[r]os2\ launch\ data_collection_new\.launch\.py'"'"'"'"'"'"'"'"' >/dev/null 2>&1 || true'"'"' >> /nethome/rbansal66/CS4803ARM_Lab/user_data/armory/logs/workstation_14-listener.log 2>&1 || true; else echo '"'"'piper_env is not running'"'"' >> /nethome/rbansal66/CS4803ARM_Lab/user_data/armory/logs/workstation_14-listener.log; fi; if [ -s /tmp/armory_listener_docker_exec.pid ]; then host_pid=$(cat /tmp/armory_listener_docker_exec.pid); kill "$host_pid" >/dev/null 2>&1 || true; rm -f /tmp/armory_listener_docker_exec.pid; fi; echo '"'"'data listener stopped; log: /nethome/rbansal66/CS4803ARM_Lab/user_data/armory/logs/workstation_14-listener.log'"'"''
2026-04-13 15:36:29,164 [INFO] Starting data listener with command: bash -lc 'mkdir -p /nethome/rbansal66/CS4803ARM_Lab/user_data/armory/logs; touch /nethome/rbansal66/CS4803ARM_Lab/user_data/armory/logs/workstation_14-listener.log || exit 1; if ! docker ps --filter name=piper_env -q | grep -q .; then echo '"'"'piper_env is not running'"'"' >&2; exit 1; fi; if docker exec piper_env bash -lc '"'"'if [ -s /tmp/armory_listener.pid ]; then pid=$(cat /tmp/armory_listener.pid); kill -0 "$pid" >/dev/null 2>&1; else exit 1; fi'"'"'; then pid=$(docker exec piper_env cat /tmp/armory_listener.pid); echo '"'"'data listener already running (pid '"'"'"$pid"'"'"'); log: /nethome/rbansal66/CS4803ARM_Lab/user_data/armory/logs/workstation_14-listener.log'"'"'; exit 0; fi; docker exec piper_env rm -f /tmp/armory_listener.pid >/dev/null 2>&1 || true; printf '"'"'\n[%s] Starting data listener: ros2 launch data_collection_new.launch.py\n'"'"' "$(date '"'"'+%F %T'"'"')" >> /nethome/rbansal66/CS4803ARM_Lab/user_data/armory/logs/workstation_14-listener.log; nohup docker exec piper_env bash -lc '"'"'if command -v setsid >/dev/null 2>&1; then exec setsid bash -ic '"'"'"'"'"'"'"'"'source ~/.bashrc; cd /CS4803ARM_Lab/user_data/data_collection || exit 1; echo $$ > /tmp/armory_listener.pid; exec ros2 launch data_collection_new.launch.py'"'"'"'"'"'"'"'"'; else exec bash -ic '"'"'"'"'"'"'"'"'source ~/.bashrc; cd /CS4803ARM_Lab/user_data/data_collection || exit 1; echo $$ > /tmp/armory_listener.pid; exec ros2 launch data_collection_new.launch.py'"'"'"'"'"'"'"'"'; fi'"'"' >> /nethome/rbansal66/CS4803ARM_Lab/user_data/armory/logs/workstation_14-listener.log 2>&1 < /dev/null & host_pid=$!; echo $host_pid > /tmp/armory_listener_docker_exec.pid; sleep 0.5; if kill -0 "$host_pid" >/dev/null 2>&1; then pid=$(docker exec piper_env cat /tmp/armory_listener.pid 2>/dev/null || echo "$host_pid"); echo '"'"'data listener started (pid '"'"'"$pid"'"'"'); log: /nethome/rbansal66/CS4803ARM_Lab/user_data/armory/logs/workstation_14-listener.log'"'"'; else rm -f /tmp/armory_listener_docker_exec.pid; echo '"'"'data listener exited immediately; check log: /nethome/rbansal66/CS4803ARM_Lab/user_data/armory/logs/workstation_14-listener.log'"'"' >&2; tail -n 20 /nethome/rbansal66/CS4803ARM_Lab/user_data/armory/logs/workstation_14-listener.log >&2 || true; exit 1; fi'
2026-04-13 15:50:01,596 [INFO] Starting Piper client with command: bash -lc 'mkdir -p /nethome/rbansal66/CS4803ARM_Lab/user_data/armory/logs; touch /nethome/rbansal66/CS4803ARM_Lab/user_data/armory/logs/workstation_14-client.log || exit 1; if ! docker ps --filter name=piper_env -q | grep -q .; then echo '"'"'piper_env is not running'"'"' >&2; exit 1; fi; if docker exec piper_env bash -lc '"'"'if [ -s /tmp/armory_client.pid ]; then pid=$(cat /tmp/armory_client.pid); kill -0 "$pid" >/dev/null 2>&1; else exit 1; fi'"'"'; then pid=$(docker exec piper_env cat /tmp/armory_client.pid); echo '"'"'Piper client already running (pid '"'"'"$pid"'"'"'); log: /nethome/rbansal66/CS4803ARM_Lab/user_data/armory/logs/workstation_14-client.log'"'"'; exit 0; fi; docker exec piper_env rm -f /tmp/armory_client.pid >/dev/null 2>&1 || true; printf '"'"'\n[%s] Starting Piper client: ros2 run piper piper_client\n'"'"' "$(date '"'"'+%F %T'"'"')" >> /nethome/rbansal66/CS4803ARM_Lab/user_data/armory/logs/workstation_14-client.log; nohup docker exec piper_env bash -lc '"'"'if command -v setsid >/dev/null 2>&1; then exec setsid bash -ic '"'"'"'"'"'"'"'"'source ~/.bashrc; cd /CS4803ARM_Lab/user_data/piper_ros || exit 1; echo $$ > /tmp/armory_client.pid; exec ros2 run piper piper_client'"'"'"'"'"'"'"'"'; else exec bash -ic '"'"'"'"'"'"'"'"'source ~/.bashrc; cd /CS4803ARM_Lab/user_data/piper_ros || exit 1; echo $$ > /tmp/armory_client.pid; exec ros2 run piper piper_client'"'"'"'"'"'"'"'"'; fi'"'"' >> /nethome/rbansal66/CS4803ARM_Lab/user_data/armory/logs/workstation_14-client.log 2>&1 < /dev/null & host_pid=$!; echo $host_pid > /tmp/armory_client_docker_exec.pid; sleep 0.5; if kill -0 "$host_pid" >/dev/null 2>&1; then pid=$(docker exec piper_env cat /tmp/armory_client.pid 2>/dev/null || echo "$host_pid"); echo '"'"'Piper client started (pid '"'"'"$pid"'"'"'); log: /nethome/rbansal66/CS4803ARM_Lab/user_data/armory/logs/workstation_14-client.log'"'"'; else rm -f /tmp/armory_client_docker_exec.pid; echo '"'"'Piper client exited immediately; check log: /nethome/rbansal66/CS4803ARM_Lab/user_data/armory/logs/workstation_14-client.log'"'"' >&2; tail -n 20 /nethome/rbansal66/CS4803ARM_Lab/user_data/armory/logs/workstation_14-client.log >&2 || true; exit 1; fi'
2026-04-13 15:50:28,815 [INFO] Stopping Piper client with command: bash -lc 'mkdir -p /nethome/rbansal66/CS4803ARM_Lab/user_data/armory/logs; touch /nethome/rbansal66/CS4803ARM_Lab/user_data/armory/logs/workstation_14-client.log || exit 1; printf '"'"'\n[%s] Stopping Piper client\n'"'"' "$(date '"'"'+%F %T'"'"')" >> /nethome/rbansal66/CS4803ARM_Lab/user_data/armory/logs/workstation_14-client.log; if docker ps --filter name=piper_env -q | grep -q .; then docker exec piper_env bash -lc '"'"'if [ -s /tmp/armory_client.pid ]; then pid=$(cat /tmp/armory_client.pid); kill -- -"$pid" >/dev/null 2>&1 || kill "$pid" >/dev/null 2>&1 || true; sleep 0.5; kill -9 -- -"$pid" >/dev/null 2>&1 || kill -9 "$pid" >/dev/null 2>&1 || true; rm -f /tmp/armory_client.pid; fi; pkill -f '"'"'"'"'"'"'"'"'[r]os2\ run\ piper\ piper_client'"'"'"'"'"'"'"'"' >/dev/null 2>&1 || true'"'"' >> /nethome/rbansal66/CS4803ARM_Lab/user_data/armory/logs/workstation_14-client.log 2>&1 || true; else echo '"'"'piper_env is not running'"'"' >> /nethome/rbansal66/CS4803ARM_Lab/user_data/armory/logs/workstation_14-client.log; fi; if [ -s /tmp/armory_client_docker_exec.pid ]; then host_pid=$(cat /tmp/armory_client_docker_exec.pid); kill "$host_pid" >/dev/null 2>&1 || true; rm -f /tmp/armory_client_docker_exec.pid; fi; echo '"'"'Piper client stopped; log: /nethome/rbansal66/CS4803ARM_Lab/user_data/armory/logs/workstation_14-client.log'"'"''
2026-04-13 15:50:46,137 [INFO] Starting tunnel with command: bash -lc 'mkdir -p /tmp; if ssh -S /tmp/armory_tunnel_dynamics_8999.sock -O check rbansal66@dynamics >/dev/null 2>&1; then echo '"'"'Tunnel already running'"'"'; exit 0; fi; rm -f /tmp/armory_tunnel_dynamics_8999.sock; ssh -f -N -M -S /tmp/armory_tunnel_dynamics_8999.sock -o ExitOnForwardFailure=yes -o ServerAliveInterval=30 -o ServerAliveCountMax=3 -L 8999:dynamics:8999 -J rbansal66@sky1.cc.gatech.edu rbansal66@dynamics; echo '"'"'Tunnel started'"'"''
2026-04-13 15:50:55,273 [INFO] Starting Piper client with command: bash -lc 'mkdir -p /nethome/rbansal66/CS4803ARM_Lab/user_data/armory/logs; touch /nethome/rbansal66/CS4803ARM_Lab/user_data/armory/logs/workstation_14-client.log || exit 1; if ! docker ps --filter name=piper_env -q | grep -q .; then echo '"'"'piper_env is not running'"'"' >&2; exit 1; fi; if docker exec piper_env bash -lc '"'"'if [ -s /tmp/armory_client.pid ]; then pid=$(cat /tmp/armory_client.pid); kill -0 "$pid" >/dev/null 2>&1; else exit 1; fi'"'"'; then pid=$(docker exec piper_env cat /tmp/armory_client.pid); echo '"'"'Piper client already running (pid '"'"'"$pid"'"'"'); log: /nethome/rbansal66/CS4803ARM_Lab/user_data/armory/logs/workstation_14-client.log'"'"'; exit 0; fi; docker exec piper_env rm -f /tmp/armory_client.pid >/dev/null 2>&1 || true; printf '"'"'\n[%s] Starting Piper client: ros2 run piper piper_client\n'"'"' "$(date '"'"'+%F %T'"'"')" >> /nethome/rbansal66/CS4803ARM_Lab/user_data/armory/logs/workstation_14-client.log; nohup docker exec piper_env bash -lc '"'"'if command -v setsid >/dev/null 2>&1; then exec setsid bash -ic '"'"'"'"'"'"'"'"'source ~/.bashrc; cd /CS4803ARM_Lab/user_data/piper_ros || exit 1; echo $$ > /tmp/armory_client.pid; exec ros2 run piper piper_client'"'"'"'"'"'"'"'"'; else exec bash -ic '"'"'"'"'"'"'"'"'source ~/.bashrc; cd /CS4803ARM_Lab/user_data/piper_ros || exit 1; echo $$ > /tmp/armory_client.pid; exec ros2 run piper piper_client'"'"'"'"'"'"'"'"'; fi'"'"' >> /nethome/rbansal66/CS4803ARM_Lab/user_data/armory/logs/workstation_14-client.log 2>&1 < /dev/null & host_pid=$!; echo $host_pid > /tmp/armory_client_docker_exec.pid; sleep 0.5; if kill -0 "$host_pid" >/dev/null 2>&1; then pid=$(docker exec piper_env cat /tmp/armory_client.pid 2>/dev/null || echo "$host_pid"); echo '"'"'Piper client started (pid '"'"'"$pid"'"'"'); log: /nethome/rbansal66/CS4803ARM_Lab/user_data/armory/logs/workstation_14-client.log'"'"'; else rm -f /tmp/armory_client_docker_exec.pid; echo '"'"'Piper client exited immediately; check log: /nethome/rbansal66/CS4803ARM_Lab/user_data/armory/logs/workstation_14-client.log'"'"' >&2; tail -n 20 /nethome/rbansal66/CS4803ARM_Lab/user_data/armory/logs/workstation_14-client.log >&2 || true; exit 1; fi'
2026-04-13 15:51:38,925 [INFO] Killing tunnel with command: bash -lc 'ssh -S /tmp/armory_tunnel_dynamics_8999.sock -O exit rbansal66@dynamics >/dev/null 2>&1 || true; rm -f /tmp/armory_tunnel_dynamics_8999.sock; if command -v pkill >/dev/null 2>&1; then pkill -f '"'"'[s]sh .* -L 8999:dynamics:8999 .*rbansal66@dynamics'"'"' >/dev/null 2>&1 || true; fi; echo '"'"'Tunnel stopped'"'"''
2026-04-13 15:52:04,406 [INFO] Docker container running — status: booted
2026-04-13 15:52:08,453 [INFO] Starting tunnel with command: bash -lc 'mkdir -p /tmp; if ssh -S /tmp/armory_tunnel_dynamics_8080.sock -O check rbansal66@dynamics >/dev/null 2>&1; then echo '"'"'Tunnel already running'"'"'; exit 0; fi; rm -f /tmp/armory_tunnel_dynamics_8080.sock; ssh -f -N -M -S /tmp/armory_tunnel_dynamics_8080.sock -o ExitOnForwardFailure=yes -o ServerAliveInterval=30 -o ServerAliveCountMax=3 -L 8080:dynamics:8080 -J rbansal66@sky1.cc.gatech.edu rbansal66@dynamics; echo '"'"'Tunnel started'"'"''
2026-04-13 15:52:37,170 [INFO] Starting Piper client with command: bash -lc 'mkdir -p /nethome/rbansal66/CS4803ARM_Lab/user_data/armory/logs; touch /nethome/rbansal66/CS4803ARM_Lab/user_data/armory/logs/workstation_14-client.log || exit 1; if ! docker ps --filter name=piper_env -q | grep -q .; then echo '"'"'piper_env is not running'"'"' >&2; exit 1; fi; if docker exec piper_env bash -lc '"'"'if [ -s /tmp/armory_client.pid ]; then pid=$(cat /tmp/armory_client.pid); kill -0 "$pid" >/dev/null 2>&1; else exit 1; fi'"'"'; then pid=$(docker exec piper_env cat /tmp/armory_client.pid); echo '"'"'Piper client already running (pid '"'"'"$pid"'"'"'); log: /nethome/rbansal66/CS4803ARM_Lab/user_data/armory/logs/workstation_14-client.log'"'"'; exit 0; fi; docker exec piper_env rm -f /tmp/armory_client.pid >/dev/null 2>&1 || true; printf '"'"'\n[%s] Starting Piper client: ros2 run piper piper_client\n'"'"' "$(date '"'"'+%F %T'"'"')" >> /nethome/rbansal66/CS4803ARM_Lab/user_data/armory/logs/workstation_14-client.log; nohup docker exec piper_env bash -lc '"'"'if command -v setsid >/dev/null 2>&1; then exec setsid bash -ic '"'"'"'"'"'"'"'"'source ~/.bashrc; cd /CS4803ARM_Lab/user_data/piper_ros || exit 1; echo $$ > /tmp/armory_client.pid; exec ros2 run piper piper_client'"'"'"'"'"'"'"'"'; else exec bash -ic '"'"'"'"'"'"'"'"'source ~/.bashrc; cd /CS4803ARM_Lab/user_data/piper_ros || exit 1; echo $$ > /tmp/armory_client.pid; exec ros2 run piper piper_client'"'"'"'"'"'"'"'"'; fi'"'"' >> /nethome/rbansal66/CS4803ARM_Lab/user_data/armory/logs/workstation_14-client.log 2>&1 < /dev/null & host_pid=$!; echo $host_pid > /tmp/armory_client_docker_exec.pid; sleep 0.5; if kill -0 "$host_pid" >/dev/null 2>&1; then pid=$(docker exec piper_env cat /tmp/armory_client.pid 2>/dev/null || echo "$host_pid"); echo '"'"'Piper client started (pid '"'"'"$pid"'"'"'); log: /nethome/rbansal66/CS4803ARM_Lab/user_data/armory/logs/workstation_14-client.log'"'"'; else rm -f /tmp/armory_client_docker_exec.pid; echo '"'"'Piper client exited immediately; check log: /nethome/rbansal66/CS4803ARM_Lab/user_data/armory/logs/workstation_14-client.log'"'"' >&2; tail -n 20 /nethome/rbansal66/CS4803ARM_Lab/user_data/armory/logs/workstation_14-client.log >&2 || true; exit 1; fi'
2026-04-13 15:53:03,421 [INFO] Stopping Piper client with command: bash -lc 'mkdir -p /nethome/rbansal66/CS4803ARM_Lab/user_data/armory/logs; touch /nethome/rbansal66/CS4803ARM_Lab/user_data/armory/logs/workstation_14-client.log || exit 1; printf '"'"'\n[%s] Stopping Piper client\n'"'"' "$(date '"'"'+%F %T'"'"')" >> /nethome/rbansal66/CS4803ARM_Lab/user_data/armory/logs/workstation_14-client.log; if docker ps --filter name=piper_env -q | grep -q .; then docker exec piper_env bash -lc '"'"'if [ -s /tmp/armory_client.pid ]; then pid=$(cat /tmp/armory_client.pid); kill -- -"$pid" >/dev/null 2>&1 || kill "$pid" >/dev/null 2>&1 || true; sleep 0.5; kill -9 -- -"$pid" >/dev/null 2>&1 || kill -9 "$pid" >/dev/null 2>&1 || true; rm -f /tmp/armory_client.pid; fi; pkill -f '"'"'"'"'"'"'"'"'[r]os2\ run\ piper\ piper_client'"'"'"'"'"'"'"'"' >/dev/null 2>&1 || true'"'"' >> /nethome/rbansal66/CS4803ARM_Lab/user_data/armory/logs/workstation_14-client.log 2>&1 || true; else echo '"'"'piper_env is not running'"'"' >> /nethome/rbansal66/CS4803ARM_Lab/user_data/armory/logs/workstation_14-client.log; fi; if [ -s /tmp/armory_client_docker_exec.pid ]; then host_pid=$(cat /tmp/armory_client_docker_exec.pid); kill "$host_pid" >/dev/null 2>&1 || true; rm -f /tmp/armory_client_docker_exec.pid; fi; echo '"'"'Piper client stopped; log: /nethome/rbansal66/CS4803ARM_Lab/user_data/armory/logs/workstation_14-client.log'"'"''
2026-04-13 15:55:12,778 [INFO] Starting tunnel with command: bash -lc 'mkdir -p /tmp; if ssh -S /tmp/armory_tunnel_dynamics_8080.sock -O check rbansal66@dynamics >/dev/null 2>&1; then echo '"'"'Tunnel already running'"'"'; exit 0; fi; rm -f /tmp/armory_tunnel_dynamics_8080.sock; ssh -f -N -M -S /tmp/armory_tunnel_dynamics_8080.sock -o ExitOnForwardFailure=yes -o ServerAliveInterval=30 -o ServerAliveCountMax=3 -L 8080:dynamics:8080 -J rbansal66@sky1.cc.gatech.edu rbansal66@dynamics; echo '"'"'Tunnel started'"'"''
2026-04-13 15:55:33,272 [ERROR] Tunnel start failed: 
2026-04-13 15:55:36,116 [INFO] Starting data listener with command: bash -lc 'mkdir -p /nethome/rbansal66/CS4803ARM_Lab/user_data/armory/logs; touch /nethome/rbansal66/CS4803ARM_Lab/user_data/armory/logs/workstation_14-listener.log || exit 1; if ! docker ps --filter name=piper_env -q | grep -q .; then echo '"'"'piper_env is not running'"'"' >&2; exit 1; fi; if docker exec piper_env bash -lc '"'"'if [ -s /tmp/armory_listener.pid ]; then pid=$(cat /tmp/armory_listener.pid); kill -0 "$pid" >/dev/null 2>&1; else exit 1; fi'"'"'; then pid=$(docker exec piper_env cat /tmp/armory_listener.pid); echo '"'"'data listener already running (pid '"'"'"$pid"'"'"'); log: /nethome/rbansal66/CS4803ARM_Lab/user_data/armory/logs/workstation_14-listener.log'"'"'; exit 0; fi; docker exec piper_env rm -f /tmp/armory_listener.pid >/dev/null 2>&1 || true; printf '"'"'\n[%s] Starting data listener: ros2 launch data_collection_new.launch.py\n'"'"' "$(date '"'"'+%F %T'"'"')" >> /nethome/rbansal66/CS4803ARM_Lab/user_data/armory/logs/workstation_14-listener.log; nohup docker exec piper_env bash -lc '"'"'if command -v setsid >/dev/null 2>&1; then exec setsid bash -ic '"'"'"'"'"'"'"'"'source ~/.bashrc; cd /CS4803ARM_Lab/user_data/data_collection || exit 1; echo $$ > /tmp/armory_listener.pid; exec ros2 launch data_collection_new.launch.py'"'"'"'"'"'"'"'"'; else exec bash -ic '"'"'"'"'"'"'"'"'source ~/.bashrc; cd /CS4803ARM_Lab/user_data/data_collection || exit 1; echo $$ > /tmp/armory_listener.pid; exec ros2 launch data_collection_new.launch.py'"'"'"'"'"'"'"'"'; fi'"'"' >> /nethome/rbansal66/CS4803ARM_Lab/user_data/armory/logs/workstation_14-listener.log 2>&1 < /dev/null & host_pid=$!; echo $host_pid > /tmp/armory_listener_docker_exec.pid; sleep 0.5; if kill -0 "$host_pid" >/dev/null 2>&1; then pid=$(docker exec piper_env cat /tmp/armory_listener.pid 2>/dev/null || echo "$host_pid"); echo '"'"'data listener started (pid '"'"'"$pid"'"'"'); log: /nethome/rbansal66/CS4803ARM_Lab/user_data/armory/logs/workstation_14-listener.log'"'"'; else rm -f /tmp/armory_listener_docker_exec.pid; echo '"'"'data listener exited immediately; check log: /nethome/rbansal66/CS4803ARM_Lab/user_data/armory/logs/workstation_14-listener.log'"'"' >&2; tail -n 20 /nethome/rbansal66/CS4803ARM_Lab/user_data/armory/logs/workstation_14-listener.log >&2 || true; exit 1; fi'
2026-04-13 15:55:41,795 [INFO] Starting Piper client with command: bash -lc 'mkdir -p /nethome/rbansal66/CS4803ARM_Lab/user_data/armory/logs; touch /nethome/rbansal66/CS4803ARM_Lab/user_data/armory/logs/workstation_14-client.log || exit 1; if ! docker ps --filter name=piper_env -q | grep -q .; then echo '"'"'piper_env is not running'"'"' >&2; exit 1; fi; if docker exec piper_env bash -lc '"'"'if [ -s /tmp/armory_client.pid ]; then pid=$(cat /tmp/armory_client.pid); kill -0 "$pid" >/dev/null 2>&1; else exit 1; fi'"'"'; then pid=$(docker exec piper_env cat /tmp/armory_client.pid); echo '"'"'Piper client already running (pid '"'"'"$pid"'"'"'); log: /nethome/rbansal66/CS4803ARM_Lab/user_data/armory/logs/workstation_14-client.log'"'"'; exit 0; fi; docker exec piper_env rm -f /tmp/armory_client.pid >/dev/null 2>&1 || true; printf '"'"'\n[%s] Starting Piper client: ros2 run piper piper_client\n'"'"' "$(date '"'"'+%F %T'"'"')" >> /nethome/rbansal66/CS4803ARM_Lab/user_data/armory/logs/workstation_14-client.log; nohup docker exec piper_env bash -lc '"'"'if command -v setsid >/dev/null 2>&1; then exec setsid bash -ic '"'"'"'"'"'"'"'"'source ~/.bashrc; cd /CS4803ARM_Lab/user_data/piper_ros || exit 1; echo $$ > /tmp/armory_client.pid; exec ros2 run piper piper_client'"'"'"'"'"'"'"'"'; else exec bash -ic '"'"'"'"'"'"'"'"'source ~/.bashrc; cd /CS4803ARM_Lab/user_data/piper_ros || exit 1; echo $$ > /tmp/armory_client.pid; exec ros2 run piper piper_client'"'"'"'"'"'"'"'"'; fi'"'"' >> /nethome/rbansal66/CS4803ARM_Lab/user_data/armory/logs/workstation_14-client.log 2>&1 < /dev/null & host_pid=$!; echo $host_pid > /tmp/armory_client_docker_exec.pid; sleep 0.5; if kill -0 "$host_pid" >/dev/null 2>&1; then pid=$(docker exec piper_env cat /tmp/armory_client.pid 2>/dev/null || echo "$host_pid"); echo '"'"'Piper client started (pid '"'"'"$pid"'"'"'); log: /nethome/rbansal66/CS4803ARM_Lab/user_data/armory/logs/workstation_14-client.log'"'"'; else rm -f /tmp/armory_client_docker_exec.pid; echo '"'"'Piper client exited immediately; check log: /nethome/rbansal66/CS4803ARM_Lab/user_data/armory/logs/workstation_14-client.log'"'"' >&2; tail -n 20 /nethome/rbansal66/CS4803ARM_Lab/user_data/armory/logs/workstation_14-client.log >&2 || true; exit 1; fi'
2026-04-13 15:56:44,748 [INFO] Starting Piper client with command: bash -lc 'mkdir -p /nethome/rbansal66/CS4803ARM_Lab/user_data/armory/logs; touch /nethome/rbansal66/CS4803ARM_Lab/user_data/armory/logs/workstation_14-client.log || exit 1; if ! docker ps --filter name=piper_env -q | grep -q .; then echo '"'"'piper_env is not running'"'"' >&2; exit 1; fi; if docker exec piper_env bash -lc '"'"'if [ -s /tmp/armory_client.pid ]; then pid=$(cat /tmp/armory_client.pid); kill -0 "$pid" >/dev/null 2>&1; else exit 1; fi'"'"'; then pid=$(docker exec piper_env cat /tmp/armory_client.pid); echo '"'"'Piper client already running (pid '"'"'"$pid"'"'"'); log: /nethome/rbansal66/CS4803ARM_Lab/user_data/armory/logs/workstation_14-client.log'"'"'; exit 0; fi; docker exec piper_env rm -f /tmp/armory_client.pid >/dev/null 2>&1 || true; printf '"'"'\n[%s] Starting Piper client: ros2 run piper piper_client\n'"'"' "$(date '"'"'+%F %T'"'"')" >> /nethome/rbansal66/CS4803ARM_Lab/user_data/armory/logs/workstation_14-client.log; nohup docker exec piper_env bash -lc '"'"'if command -v setsid >/dev/null 2>&1; then exec setsid bash -ic '"'"'"'"'"'"'"'"'source ~/.bashrc; cd /CS4803ARM_Lab/user_data/piper_ros || exit 1; echo $$ > /tmp/armory_client.pid; exec ros2 run piper piper_client'"'"'"'"'"'"'"'"'; else exec bash -ic '"'"'"'"'"'"'"'"'source ~/.bashrc; cd /CS4803ARM_Lab/user_data/piper_ros || exit 1; echo $$ > /tmp/armory_client.pid; exec ros2 run piper piper_client'"'"'"'"'"'"'"'"'; fi'"'"' >> /nethome/rbansal66/CS4803ARM_Lab/user_data/armory/logs/workstation_14-client.log 2>&1 < /dev/null & host_pid=$!; echo $host_pid > /tmp/armory_client_docker_exec.pid; sleep 0.5; if kill -0 "$host_pid" >/dev/null 2>&1; then pid=$(docker exec piper_env cat /tmp/armory_client.pid 2>/dev/null || echo "$host_pid"); echo '"'"'Piper client started (pid '"'"'"$pid"'"'"'); log: /nethome/rbansal66/CS4803ARM_Lab/user_data/armory/logs/workstation_14-client.log'"'"'; else rm -f /tmp/armory_client_docker_exec.pid; echo '"'"'Piper client exited immediately; check log: /nethome/rbansal66/CS4803ARM_Lab/user_data/armory/logs/workstation_14-client.log'"'"' >&2; tail -n 20 /nethome/rbansal66/CS4803ARM_Lab/user_data/armory/logs/workstation_14-client.log >&2 || true; exit 1; fi'
2026-04-13 15:56:51,770 [INFO] Stopping Piper client with command: bash -lc 'mkdir -p /nethome/rbansal66/CS4803ARM_Lab/user_data/armory/logs; touch /nethome/rbansal66/CS4803ARM_Lab/user_data/armory/logs/workstation_14-client.log || exit 1; printf '"'"'\n[%s] Stopping Piper client\n'"'"' "$(date '"'"'+%F %T'"'"')" >> /nethome/rbansal66/CS4803ARM_Lab/user_data/armory/logs/workstation_14-client.log; if docker ps --filter name=piper_env -q | grep -q .; then docker exec piper_env bash -lc '"'"'if [ -s /tmp/armory_client.pid ]; then pid=$(cat /tmp/armory_client.pid); kill -- -"$pid" >/dev/null 2>&1 || kill "$pid" >/dev/null 2>&1 || true; sleep 0.5; kill -9 -- -"$pid" >/dev/null 2>&1 || kill -9 "$pid" >/dev/null 2>&1 || true; rm -f /tmp/armory_client.pid; fi; pkill -f '"'"'"'"'"'"'"'"'[r]os2\ run\ piper\ piper_client'"'"'"'"'"'"'"'"' >/dev/null 2>&1 || true'"'"' >> /nethome/rbansal66/CS4803ARM_Lab/user_data/armory/logs/workstation_14-client.log 2>&1 || true; else echo '"'"'piper_env is not running'"'"' >> /nethome/rbansal66/CS4803ARM_Lab/user_data/armory/logs/workstation_14-client.log; fi; if [ -s /tmp/armory_client_docker_exec.pid ]; then host_pid=$(cat /tmp/armory_client_docker_exec.pid); kill "$host_pid" >/dev/null 2>&1 || true; rm -f /tmp/armory_client_docker_exec.pid; fi; echo '"'"'Piper client stopped; log: /nethome/rbansal66/CS4803ARM_Lab/user_data/armory/logs/workstation_14-client.log'"'"''
2026-04-13 15:59:40,127 [INFO] Starting Piper client with command: bash -lc 'mkdir -p /nethome/rbansal66/CS4803ARM_Lab/user_data/armory/logs; touch /nethome/rbansal66/CS4803ARM_Lab/user_data/armory/logs/workstation_14-client.log || exit 1; if ! docker ps --filter name=piper_env -q | grep -q .; then echo '"'"'piper_env is not running'"'"' >&2; exit 1; fi; if docker exec piper_env bash -lc '"'"'if [ -s /tmp/armory_client.pid ]; then pid=$(cat /tmp/armory_client.pid); kill -0 "$pid" >/dev/null 2>&1; else exit 1; fi'"'"'; then pid=$(docker exec piper_env cat /tmp/armory_client.pid); echo '"'"'Piper client already running (pid '"'"'"$pid"'"'"'); log: /nethome/rbansal66/CS4803ARM_Lab/user_data/armory/logs/workstation_14-client.log'"'"'; exit 0; fi; docker exec piper_env rm -f /tmp/armory_client.pid >/dev/null 2>&1 || true; printf '"'"'\n[%s] Starting Piper client: ros2 run piper piper_client\n'"'"' "$(date '"'"'+%F %T'"'"')" >> /nethome/rbansal66/CS4803ARM_Lab/user_data/armory/logs/workstation_14-client.log; nohup docker exec piper_env bash -lc '"'"'if command -v setsid >/dev/null 2>&1; then exec setsid bash -ic '"'"'"'"'"'"'"'"'source ~/.bashrc; cd /CS4803ARM_Lab/user_data/piper_ros || exit 1; echo $$ > /tmp/armory_client.pid; exec ros2 run piper piper_client'"'"'"'"'"'"'"'"'; else exec bash -ic '"'"'"'"'"'"'"'"'source ~/.bashrc; cd /CS4803ARM_Lab/user_data/piper_ros || exit 1; echo $$ > /tmp/armory_client.pid; exec ros2 run piper piper_client'"'"'"'"'"'"'"'"'; fi'"'"' >> /nethome/rbansal66/CS4803ARM_Lab/user_data/armory/logs/workstation_14-client.log 2>&1 < /dev/null & host_pid=$!; echo $host_pid > /tmp/armory_client_docker_exec.pid; sleep 0.5; if kill -0 "$host_pid" >/dev/null 2>&1; then pid=$(docker exec piper_env cat /tmp/armory_client.pid 2>/dev/null || echo "$host_pid"); echo '"'"'Piper client started (pid '"'"'"$pid"'"'"'); log: /nethome/rbansal66/CS4803ARM_Lab/user_data/armory/logs/workstation_14-client.log'"'"'; else rm -f /tmp/armory_client_docker_exec.pid; echo '"'"'Piper client exited immediately; check log: /nethome/rbansal66/CS4803ARM_Lab/user_data/armory/logs/workstation_14-client.log'"'"' >&2; tail -n 20 /nethome/rbansal66/CS4803ARM_Lab/user_data/armory/logs/workstation_14-client.log >&2 || true; exit 1; fi'
2026-04-13 16:00:36,212 [INFO] Stopping Piper client with command: bash -lc 'mkdir -p /nethome/rbansal66/CS4803ARM_Lab/user_data/armory/logs; touch /nethome/rbansal66/CS4803ARM_Lab/user_data/armory/logs/workstation_14-client.log || exit 1; printf '"'"'\n[%s] Stopping Piper client\n'"'"' "$(date '"'"'+%F %T'"'"')" >> /nethome/rbansal66/CS4803ARM_Lab/user_data/armory/logs/workstation_14-client.log; if docker ps --filter name=piper_env -q | grep -q .; then docker exec piper_env bash -lc '"'"'if [ -s /tmp/armory_client.pid ]; then pid=$(cat /tmp/armory_client.pid); kill -- -"$pid" >/dev/null 2>&1 || kill "$pid" >/dev/null 2>&1 || true; sleep 0.5; kill -9 -- -"$pid" >/dev/null 2>&1 || kill -9 "$pid" >/dev/null 2>&1 || true; rm -f /tmp/armory_client.pid; fi; pkill -f '"'"'"'"'"'"'"'"'[r]os2\ run\ piper\ piper_client'"'"'"'"'"'"'"'"' >/dev/null 2>&1 || true'"'"' >> /nethome/rbansal66/CS4803ARM_Lab/user_data/armory/logs/workstation_14-client.log 2>&1 || true; else echo '"'"'piper_env is not running'"'"' >> /nethome/rbansal66/CS4803ARM_Lab/user_data/armory/logs/workstation_14-client.log; fi; if [ -s /tmp/armory_client_docker_exec.pid ]; then host_pid=$(cat /tmp/armory_client_docker_exec.pid); kill "$host_pid" >/dev/null 2>&1 || true; rm -f /tmp/armory_client_docker_exec.pid; fi; echo '"'"'Piper client stopped; log: /nethome/rbansal66/CS4803ARM_Lab/user_data/armory/logs/workstation_14-client.log'"'"''
2026-04-13 16:00:40,234 [INFO] Executing: docker exec piper_env bash -ic 'source ~/.bashrc && p goto init'
2026-04-13 16:00:41,841 [INFO] stdout: Go to init complete.
2026-04-13 16:00:41,942 [WARNING] stderr: bash: cannot set terminal process group (-1): Inappropriate ioctl for device
bash: no job control in this shell
2026-04-13 16:01:02,702 [INFO] Starting Piper client with command: bash -lc 'mkdir -p /nethome/rbansal66/CS4803ARM_Lab/user_data/armory/logs; touch /nethome/rbansal66/CS4803ARM_Lab/user_data/armory/logs/workstation_14-client.log || exit 1; if ! docker ps --filter name=piper_env -q | grep -q .; then echo '"'"'piper_env is not running'"'"' >&2; exit 1; fi; if docker exec piper_env bash -lc '"'"'if [ -s /tmp/armory_client.pid ]; then pid=$(cat /tmp/armory_client.pid); kill -0 "$pid" >/dev/null 2>&1; else exit 1; fi'"'"'; then pid=$(docker exec piper_env cat /tmp/armory_client.pid); echo '"'"'Piper client already running (pid '"'"'"$pid"'"'"'); log: /nethome/rbansal66/CS4803ARM_Lab/user_data/armory/logs/workstation_14-client.log'"'"'; exit 0; fi; docker exec piper_env rm -f /tmp/armory_client.pid >/dev/null 2>&1 || true; printf '"'"'\n[%s] Starting Piper client: ros2 run piper piper_client\n'"'"' "$(date '"'"'+%F %T'"'"')" >> /nethome/rbansal66/CS4803ARM_Lab/user_data/armory/logs/workstation_14-client.log; nohup docker exec piper_env bash -lc '"'"'if command -v setsid >/dev/null 2>&1; then exec setsid bash -ic '"'"'"'"'"'"'"'"'source ~/.bashrc; cd /CS4803ARM_Lab/user_data/piper_ros || exit 1; echo $$ > /tmp/armory_client.pid; exec ros2 run piper piper_client'"'"'"'"'"'"'"'"'; else exec bash -ic '"'"'"'"'"'"'"'"'source ~/.bashrc; cd /CS4803ARM_Lab/user_data/piper_ros || exit 1; echo $$ > /tmp/armory_client.pid; exec ros2 run piper piper_client'"'"'"'"'"'"'"'"'; fi'"'"' >> /nethome/rbansal66/CS4803ARM_Lab/user_data/armory/logs/workstation_14-client.log 2>&1 < /dev/null & host_pid=$!; echo $host_pid > /tmp/armory_client_docker_exec.pid; sleep 0.5; if kill -0 "$host_pid" >/dev/null 2>&1; then pid=$(docker exec piper_env cat /tmp/armory_client.pid 2>/dev/null || echo "$host_pid"); echo '"'"'Piper client started (pid '"'"'"$pid"'"'"'); log: /nethome/rbansal66/CS4803ARM_Lab/user_data/armory/logs/workstation_14-client.log'"'"'; else rm -f /tmp/armory_client_docker_exec.pid; echo '"'"'Piper client exited immediately; check log: /nethome/rbansal66/CS4803ARM_Lab/user_data/armory/logs/workstation_14-client.log'"'"' >&2; tail -n 20 /nethome/rbansal66/CS4803ARM_Lab/user_data/armory/logs/workstation_14-client.log >&2 || true; exit 1; fi'
2026-04-13 16:02:37,977 [INFO] Stopping Piper client with command: bash -lc 'mkdir -p /nethome/rbansal66/CS4803ARM_Lab/user_data/armory/logs; touch /nethome/rbansal66/CS4803ARM_Lab/user_data/armory/logs/workstation_14-client.log || exit 1; printf '"'"'\n[%s] Stopping Piper client\n'"'"' "$(date '"'"'+%F %T'"'"')" >> /nethome/rbansal66/CS4803ARM_Lab/user_data/armory/logs/workstation_14-client.log; if docker ps --filter name=piper_env -q | grep -q .; then docker exec piper_env bash -lc '"'"'if [ -s /tmp/armory_client.pid ]; then pid=$(cat /tmp/armory_client.pid); kill -- -"$pid" >/dev/null 2>&1 || kill "$pid" >/dev/null 2>&1 || true; sleep 0.5; kill -9 -- -"$pid" >/dev/null 2>&1 || kill -9 "$pid" >/dev/null 2>&1 || true; rm -f /tmp/armory_client.pid; fi; pkill -f '"'"'"'"'"'"'"'"'[r]os2\ run\ piper\ piper_client'"'"'"'"'"'"'"'"' >/dev/null 2>&1 || true'"'"' >> /nethome/rbansal66/CS4803ARM_Lab/user_data/armory/logs/workstation_14-client.log 2>&1 || true; else echo '"'"'piper_env is not running'"'"' >> /nethome/rbansal66/CS4803ARM_Lab/user_data/armory/logs/workstation_14-client.log; fi; if [ -s /tmp/armory_client_docker_exec.pid ]; then host_pid=$(cat /tmp/armory_client_docker_exec.pid); kill "$host_pid" >/dev/null 2>&1 || true; rm -f /tmp/armory_client_docker_exec.pid; fi; echo '"'"'Piper client stopped; log: /nethome/rbansal66/CS4803ARM_Lab/user_data/armory/logs/workstation_14-client.log'"'"''
2026-04-13 16:02:44,177 [INFO] Executing: docker exec piper_env bash -ic 'source ~/.bashrc && p goto init'
2026-04-13 16:02:45,885 [INFO] stdout: Go to init complete.
2026-04-13 16:02:45,885 [WARNING] stderr: bash: cannot set terminal process group (-1): Inappropriate ioctl for device
bash: no job control in this shell
2026-04-13 16:03:19,683 [INFO] Killing tunnel with command: bash -lc 'ssh -S /tmp/armory_tunnel_dynamics_8080.sock -O exit rbansal66@dynamics >/dev/null 2>&1 || true; rm -f /tmp/armory_tunnel_dynamics_8080.sock; if command -v pkill >/dev/null 2>&1; then pkill -f '"'"'[s]sh .* -L 8080:dynamics:8080 .*rbansal66@dynamics'"'"' >/dev/null 2>&1 || true; fi; echo '"'"'Tunnel stopped'"'"''
2026-04-13 16:03:25,282 [INFO] Stopping data listener with command: bash -lc 'mkdir -p /nethome/rbansal66/CS4803ARM_Lab/user_data/armory/logs; touch /nethome/rbansal66/CS4803ARM_Lab/user_data/armory/logs/workstation_14-listener.log || exit 1; printf '"'"'\n[%s] Stopping data listener\n'"'"' "$(date '"'"'+%F %T'"'"')" >> /nethome/rbansal66/CS4803ARM_Lab/user_data/armory/logs/workstation_14-listener.log; if docker ps --filter name=piper_env -q | grep -q .; then docker exec piper_env bash -lc '"'"'if [ -s /tmp/armory_listener.pid ]; then pid=$(cat /tmp/armory_listener.pid); kill -- -"$pid" >/dev/null 2>&1 || kill "$pid" >/dev/null 2>&1 || true; sleep 0.5; kill -9 -- -"$pid" >/dev/null 2>&1 || kill -9 "$pid" >/dev/null 2>&1 || true; rm -f /tmp/armory_listener.pid; fi; pkill -f '"'"'"'"'"'"'"'"'[r]os2\ launch\ data_collection_new\.launch\.py'"'"'"'"'"'"'"'"' >/dev/null 2>&1 || true'"'"' >> /nethome/rbansal66/CS4803ARM_Lab/user_data/armory/logs/workstation_14-listener.log 2>&1 || true; else echo '"'"'piper_env is not running'"'"' >> /nethome/rbansal66/CS4803ARM_Lab/user_data/armory/logs/workstation_14-listener.log; fi; if [ -s /tmp/armory_listener_docker_exec.pid ]; then host_pid=$(cat /tmp/armory_listener_docker_exec.pid); kill "$host_pid" >/dev/null 2>&1 || true; rm -f /tmp/armory_listener_docker_exec.pid; fi; echo '"'"'data listener stopped; log: /nethome/rbansal66/CS4803ARM_Lab/user_data/armory/logs/workstation_14-listener.log'"'"''
2026-04-13 16:10:52,924 [INFO] Executing: docker exec piper_env bash -ic 'source ~/.bashrc && p goto reset'
2026-04-13 16:10:54,536 [INFO] stdout: Go to reset complete.
2026-04-13 16:10:54,536 [WARNING] stderr: bash: cannot set terminal process group (-1): Inappropriate ioctl for device
bash: no job control in this shell
2026-04-13 16:10:55,342 [INFO] Executing: docker exec piper_env bash -ic 'source ~/.bashrc && p disable'
2026-04-13 16:10:56,750 [INFO] stdout: 失能成功!!!!
Piper disable sequence complete.
2026-04-13 16:10:56,750 [WARNING] stderr: bash: cannot set terminal process group (-1): Inappropriate ioctl for device
bash: no job control in this shell
2026-04-13 16:11:03,423 [INFO] Executing: docker exec piper_env bash -ic 'source ~/.bashrc && p enable'
2026-04-13 16:11:04,229 [INFO] stdout: 使能成功!!!!
Piper enable sequence complete.
2026-04-13 16:11:04,229 [WARNING] stderr: bash: cannot set terminal process group (-1): Inappropriate ioctl for device
bash: no job control in this shell
bash: /piper_sdk/piper_sdk/can_activate.sh can0 1000000: No such file or directory
2026-04-13 16:11:05,638 [INFO] Executing: docker exec piper_env bash -ic 'source ~/.bashrc && p goto init'
2026-04-13 16:11:07,355 [INFO] stdout: Go to init complete.
2026-04-13 16:11:07,456 [WARNING] stderr: bash: cannot set terminal process group (-1): Inappropriate ioctl for device
bash: no job control in this shell
2026-04-13 16:11:17,208 [INFO] Starting tunnel with command: bash -lc 'mkdir -p /tmp; if ssh -S /tmp/armory_tunnel_dynamics_8080.sock -O check rbansal66@dynamics >/dev/null 2>&1; then echo '"'"'Tunnel already running'"'"'; exit 0; fi; rm -f /tmp/armory_tunnel_dynamics_8080.sock; ssh -f -N -M -S /tmp/armory_tunnel_dynamics_8080.sock -o ExitOnForwardFailure=yes -o ServerAliveInterval=30 -o ServerAliveCountMax=3 -L 8080:dynamics:8080 -J rbansal66@sky1.cc.gatech.edu rbansal66@dynamics; echo '"'"'Tunnel started'"'"''
2026-04-13 16:11:37,601 [ERROR] Tunnel start failed: 
2026-04-13 16:12:05,233 [INFO] Starting data listener with command: bash -lc 'mkdir -p /nethome/rbansal66/CS4803ARM_Lab/user_data/armory/logs; touch /nethome/rbansal66/CS4803ARM_Lab/user_data/armory/logs/workstation_14-listener.log || exit 1; if ! docker ps --filter name=piper_env -q | grep -q .; then echo '"'"'piper_env is not running'"'"' >&2; exit 1; fi; if docker exec piper_env bash -lc '"'"'if [ -s /tmp/armory_listener.pid ]; then pid=$(cat /tmp/armory_listener.pid); kill -0 "$pid" >/dev/null 2>&1; else exit 1; fi'"'"'; then pid=$(docker exec piper_env cat /tmp/armory_listener.pid); echo '"'"'data listener already running (pid '"'"'"$pid"'"'"'); log: /nethome/rbansal66/CS4803ARM_Lab/user_data/armory/logs/workstation_14-listener.log'"'"'; exit 0; fi; docker exec piper_env rm -f /tmp/armory_listener.pid >/dev/null 2>&1 || true; printf '"'"'\n[%s] Starting data listener: ros2 launch data_collection_new.launch.py\n'"'"' "$(date '"'"'+%F %T'"'"')" >> /nethome/rbansal66/CS4803ARM_Lab/user_data/armory/logs/workstation_14-listener.log; nohup docker exec piper_env bash -lc '"'"'if command -v setsid >/dev/null 2>&1; then exec setsid bash -ic '"'"'"'"'"'"'"'"'source ~/.bashrc; cd /CS4803ARM_Lab/user_data/data_collection || exit 1; echo $$ > /tmp/armory_listener.pid; exec ros2 launch data_collection_new.launch.py'"'"'"'"'"'"'"'"'; else exec bash -ic '"'"'"'"'"'"'"'"'source ~/.bashrc; cd /CS4803ARM_Lab/user_data/data_collection || exit 1; echo $$ > /tmp/armory_listener.pid; exec ros2 launch data_collection_new.launch.py'"'"'"'"'"'"'"'"'; fi'"'"' >> /nethome/rbansal66/CS4803ARM_Lab/user_data/armory/logs/workstation_14-listener.log 2>&1 < /dev/null & host_pid=$!; echo $host_pid > /tmp/armory_listener_docker_exec.pid; sleep 0.5; if kill -0 "$host_pid" >/dev/null 2>&1; then pid=$(docker exec piper_env cat /tmp/armory_listener.pid 2>/dev/null || echo "$host_pid"); echo '"'"'data listener started (pid '"'"'"$pid"'"'"'); log: /nethome/rbansal66/CS4803ARM_Lab/user_data/armory/logs/workstation_14-listener.log'"'"'; else rm -f /tmp/armory_listener_docker_exec.pid; echo '"'"'data listener exited immediately; check log: /nethome/rbansal66/CS4803ARM_Lab/user_data/armory/logs/workstation_14-listener.log'"'"' >&2; tail -n 20 /nethome/rbansal66/CS4803ARM_Lab/user_data/armory/logs/workstation_14-listener.log >&2 || true; exit 1; fi'
2026-04-13 16:12:14,781 [INFO] Starting Piper client with command: bash -lc 'mkdir -p /nethome/rbansal66/CS4803ARM_Lab/user_data/armory/logs; touch /nethome/rbansal66/CS4803ARM_Lab/user_data/armory/logs/workstation_14-client.log || exit 1; if ! docker ps --filter name=piper_env -q | grep -q .; then echo '"'"'piper_env is not running'"'"' >&2; exit 1; fi; if docker exec piper_env bash -lc '"'"'if [ -s /tmp/armory_client.pid ]; then pid=$(cat /tmp/armory_client.pid); kill -0 "$pid" >/dev/null 2>&1; else exit 1; fi'"'"'; then pid=$(docker exec piper_env cat /tmp/armory_client.pid); echo '"'"'Piper client already running (pid '"'"'"$pid"'"'"'); log: /nethome/rbansal66/CS4803ARM_Lab/user_data/armory/logs/workstation_14-client.log'"'"'; exit 0; fi; docker exec piper_env rm -f /tmp/armory_client.pid >/dev/null 2>&1 || true; printf '"'"'\n[%s] Starting Piper client: ros2 run piper piper_client\n'"'"' "$(date '"'"'+%F %T'"'"')" >> /nethome/rbansal66/CS4803ARM_Lab/user_data/armory/logs/workstation_14-client.log; nohup docker exec piper_env bash -lc '"'"'if command -v setsid >/dev/null 2>&1; then exec setsid bash -ic '"'"'"'"'"'"'"'"'source ~/.bashrc; cd /CS4803ARM_Lab/user_data/piper_ros || exit 1; echo $$ > /tmp/armory_client.pid; exec ros2 run piper piper_client'"'"'"'"'"'"'"'"'; else exec bash -ic '"'"'"'"'"'"'"'"'source ~/.bashrc; cd /CS4803ARM_Lab/user_data/piper_ros || exit 1; echo $$ > /tmp/armory_client.pid; exec ros2 run piper piper_client'"'"'"'"'"'"'"'"'; fi'"'"' >> /nethome/rbansal66/CS4803ARM_Lab/user_data/armory/logs/workstation_14-client.log 2>&1 < /dev/null & host_pid=$!; echo $host_pid > /tmp/armory_client_docker_exec.pid; sleep 0.5; if kill -0 "$host_pid" >/dev/null 2>&1; then pid=$(docker exec piper_env cat /tmp/armory_client.pid 2>/dev/null || echo "$host_pid"); echo '"'"'Piper client started (pid '"'"'"$pid"'"'"'); log: /nethome/rbansal66/CS4803ARM_Lab/user_data/armory/logs/workstation_14-client.log'"'"'; else rm -f /tmp/armory_client_docker_exec.pid; echo '"'"'Piper client exited immediately; check log: /nethome/rbansal66/CS4803ARM_Lab/user_data/armory/logs/workstation_14-client.log'"'"' >&2; tail -n 20 /nethome/rbansal66/CS4803ARM_Lab/user_data/armory/logs/workstation_14-client.log >&2 || true; exit 1; fi'
2026-04-13 16:16:43,989 [INFO] Stopping Piper client with command: bash -lc 'mkdir -p /nethome/rbansal66/CS4803ARM_Lab/user_data/armory/logs; touch /nethome/rbansal66/CS4803ARM_Lab/user_data/armory/logs/workstation_14-client.log || exit 1; printf '"'"'\n[%s] Stopping Piper client\n'"'"' "$(date '"'"'+%F %T'"'"')" >> /nethome/rbansal66/CS4803ARM_Lab/user_data/armory/logs/workstation_14-client.log; if docker ps --filter name=piper_env -q | grep -q .; then docker exec piper_env bash -lc '"'"'if [ -s /tmp/armory_client.pid ]; then pid=$(cat /tmp/armory_client.pid); kill -- -"$pid" >/dev/null 2>&1 || kill "$pid" >/dev/null 2>&1 || true; sleep 0.5; kill -9 -- -"$pid" >/dev/null 2>&1 || kill -9 "$pid" >/dev/null 2>&1 || true; rm -f /tmp/armory_client.pid; fi; pkill -f '"'"'"'"'"'"'"'"'[r]os2\ run\ piper\ piper_client'"'"'"'"'"'"'"'"' >/dev/null 2>&1 || true'"'"' >> /nethome/rbansal66/CS4803ARM_Lab/user_data/armory/logs/workstation_14-client.log 2>&1 || true; else echo '"'"'piper_env is not running'"'"' >> /nethome/rbansal66/CS4803ARM_Lab/user_data/armory/logs/workstation_14-client.log; fi; if [ -s /tmp/armory_client_docker_exec.pid ]; then host_pid=$(cat /tmp/armory_client_docker_exec.pid); kill "$host_pid" >/dev/null 2>&1 || true; rm -f /tmp/armory_client_docker_exec.pid; fi; echo '"'"'Piper client stopped; log: /nethome/rbansal66/CS4803ARM_Lab/user_data/armory/logs/workstation_14-client.log'"'"''
2026-04-13 16:17:55,898 [INFO] Stopping data listener with command: bash -lc 'mkdir -p /nethome/rbansal66/CS4803ARM_Lab/user_data/armory/logs; touch /nethome/rbansal66/CS4803ARM_Lab/user_data/armory/logs/workstation_14-listener.log || exit 1; printf '"'"'\n[%s] Stopping data listener\n'"'"' "$(date '"'"'+%F %T'"'"')" >> /nethome/rbansal66/CS4803ARM_Lab/user_data/armory/logs/workstation_14-listener.log; if docker ps --filter name=piper_env -q | grep -q .; then docker exec piper_env bash -lc '"'"'if [ -s /tmp/armory_listener.pid ]; then pid=$(cat /tmp/armory_listener.pid); kill -- -"$pid" >/dev/null 2>&1 || kill "$pid" >/dev/null 2>&1 || true; sleep 0.5; kill -9 -- -"$pid" >/dev/null 2>&1 || kill -9 "$pid" >/dev/null 2>&1 || true; rm -f /tmp/armory_listener.pid; fi; pkill -f '"'"'"'"'"'"'"'"'[r]os2\ launch\ data_collection_new\.launch\.py'"'"'"'"'"'"'"'"' >/dev/null 2>&1 || true'"'"' >> /nethome/rbansal66/CS4803ARM_Lab/user_data/armory/logs/workstation_14-listener.log 2>&1 || true; else echo '"'"'piper_env is not running'"'"' >> /nethome/rbansal66/CS4803ARM_Lab/user_data/armory/logs/workstation_14-listener.log; fi; if [ -s /tmp/armory_listener_docker_exec.pid ]; then host_pid=$(cat /tmp/armory_listener_docker_exec.pid); kill "$host_pid" >/dev/null 2>&1 || true; rm -f /tmp/armory_listener_docker_exec.pid; fi; echo '"'"'data listener stopped; log: /nethome/rbansal66/CS4803ARM_Lab/user_data/armory/logs/workstation_14-listener.log'"'"''
2026-04-13 16:18:03,361 [INFO] Killing tunnel with command: bash -lc 'ssh -S /tmp/armory_tunnel_dynamics_8080.sock -O exit rbansal66@dynamics >/dev/null 2>&1 || true; rm -f /tmp/armory_tunnel_dynamics_8080.sock; if command -v pkill >/dev/null 2>&1; then pkill -f '"'"'[s]sh .* -L 8080:dynamics:8080 .*rbansal66@dynamics'"'"' >/dev/null 2>&1 || true; fi; echo '"'"'Tunnel stopped'"'"''
2026-04-13 16:18:15,579 [INFO] Executing: docker exec piper_env bash -ic 'source ~/.bashrc && p goto reset'
2026-04-13 16:18:17,091 [INFO] stdout: Go to reset complete.
2026-04-13 16:18:17,091 [WARNING] stderr: bash: cannot set terminal process group (-1): Inappropriate ioctl for device
bash: no job control in this shell
2026-04-13 16:18:18,905 [INFO] Executing: docker exec piper_env bash -ic 'source ~/.bashrc && p disable'
2026-04-13 16:18:19,612 [INFO] stdout: 失能成功!!!!
Piper disable sequence complete.
2026-04-13 16:18:19,612 [WARNING] stderr: bash: cannot set terminal process group (-1): Inappropriate ioctl for device
bash: no job control in this shell
2026-04-13 16:34:04,861 [INFO] Docker container running — status: booted
2026-04-13 16:34:13,276 [INFO] Executing: docker exec piper_env bash -ic 'source ~/.bashrc && p enable'
2026-04-13 16:34:14,282 [INFO] stdout: 使能成功!!!!
Piper enable sequence complete.
2026-04-13 16:34:14,282 [WARNING] stderr: bash: cannot set terminal process group (-1): Inappropriate ioctl for device
bash: no job control in this shell
bash: /piper_sdk/piper_sdk/can_activate.sh can0 1000000: No such file or directory
2026-04-13 16:34:14,483 [INFO] Executing: docker exec piper_env bash -ic 'source ~/.bashrc && p goto init'
2026-04-13 16:34:16,093 [INFO] stdout: Go to init complete.
2026-04-13 16:34:16,093 [WARNING] stderr: bash: cannot set terminal process group (-1): Inappropriate ioctl for device
bash: no job control in this shell
2026-04-13 16:34:52,016 [INFO] Starting data listener with command: bash -lc 'mkdir -p /nethome/rbansal66/CS4803ARM_Lab/user_data/armory/logs; touch /nethome/rbansal66/CS4803ARM_Lab/user_data/armory/logs/workstation_14-listener.log || exit 1; if ! docker ps --filter name=piper_env -q | grep -q .; then echo '"'"'piper_env is not running'"'"' >&2; exit 1; fi; if docker exec piper_env bash -lc '"'"'if [ -s /tmp/armory_listener.pid ]; then pid=$(cat /tmp/armory_listener.pid); kill -0 "$pid" >/dev/null 2>&1; else exit 1; fi'"'"'; then pid=$(docker exec piper_env cat /tmp/armory_listener.pid); echo '"'"'data listener already running (pid '"'"'"$pid"'"'"'); log: /nethome/rbansal66/CS4803ARM_Lab/user_data/armory/logs/workstation_14-listener.log'"'"'; exit 0; fi; docker exec piper_env rm -f /tmp/armory_listener.pid >/dev/null 2>&1 || true; printf '"'"'\n[%s] Starting data listener: ros2 launch data_collection_new.launch.py\n'"'"' "$(date '"'"'+%F %T'"'"')" >> /nethome/rbansal66/CS4803ARM_Lab/user_data/armory/logs/workstation_14-listener.log; nohup docker exec piper_env bash -lc '"'"'if command -v setsid >/dev/null 2>&1; then exec setsid bash -ic '"'"'"'"'"'"'"'"'source ~/.bashrc; cd /CS4803ARM_Lab/user_data/data_collection || exit 1; echo $$ > /tmp/armory_listener.pid; exec ros2 launch data_collection_new.launch.py'"'"'"'"'"'"'"'"'; else exec bash -ic '"'"'"'"'"'"'"'"'source ~/.bashrc; cd /CS4803ARM_Lab/user_data/data_collection || exit 1; echo $$ > /tmp/armory_listener.pid; exec ros2 launch data_collection_new.launch.py'"'"'"'"'"'"'"'"'; fi'"'"' >> /nethome/rbansal66/CS4803ARM_Lab/user_data/armory/logs/workstation_14-listener.log 2>&1 < /dev/null & host_pid=$!; echo $host_pid > /tmp/armory_listener_docker_exec.pid; sleep 0.5; if kill -0 "$host_pid" >/dev/null 2>&1; then pid=$(docker exec piper_env cat /tmp/armory_listener.pid 2>/dev/null || echo "$host_pid"); echo '"'"'data listener started (pid '"'"'"$pid"'"'"'); log: /nethome/rbansal66/CS4803ARM_Lab/user_data/armory/logs/workstation_14-listener.log'"'"'; else rm -f /tmp/armory_listener_docker_exec.pid; echo '"'"'data listener exited immediately; check log: /nethome/rbansal66/CS4803ARM_Lab/user_data/armory/logs/workstation_14-listener.log'"'"' >&2; tail -n 20 /nethome/rbansal66/CS4803ARM_Lab/user_data/armory/logs/workstation_14-listener.log >&2 || true; exit 1; fi'
2026-04-13 16:54:12,568 [INFO] Executing: docker exec piper_env bash -ic 'source ~/.bashrc && p goto init'
2026-04-13 16:54:14,177 [INFO] stdout: Go to init complete.
2026-04-13 16:54:14,177 [WARNING] stderr: bash: cannot set terminal process group (-1): Inappropriate ioctl for device
bash: no job control in this shell
2026-04-13 16:55:10,649 [INFO] Executing: docker exec piper_env bash -ic 'source ~/.bashrc && p goto reset'
2026-04-13 16:55:12,256 [INFO] stdout: Go to reset complete.
2026-04-13 16:55:12,256 [WARNING] stderr: bash: cannot set terminal process group (-1): Inappropriate ioctl for device
bash: no job control in this shell
2026-04-13 16:55:12,661 [INFO] Executing: docker exec piper_env bash -ic 'source ~/.bashrc && p disable'
2026-04-13 16:55:13,968 [INFO] stdout: 失能成功!!!!
Piper disable sequence complete.
2026-04-13 16:55:13,968 [WARNING] stderr: bash: cannot set terminal process group (-1): Inappropriate ioctl for device
bash: no job control in this shell
2026-04-13 18:13:49,757 [INFO] Docker container running — status: booted
2026-04-13 18:13:55,133 [INFO] Starting data listener with command: bash -lc 'mkdir -p /nethome/rbansal66/CS4803ARM_Lab/user_data/armory/logs; touch /nethome/rbansal66/CS4803ARM_Lab/user_data/armory/logs/workstation_14-listener.log || exit 1; if ! docker ps --filter name=piper_env -q | grep -q .; then echo '"'"'piper_env is not running'"'"' >&2; exit 1; fi; if docker exec piper_env bash -lc '"'"'if [ -s /tmp/armory_listener.pid ]; then pid=$(cat /tmp/armory_listener.pid); kill -0 "$pid" >/dev/null 2>&1; else exit 1; fi'"'"'; then pid=$(docker exec piper_env cat /tmp/armory_listener.pid); echo '"'"'data listener already running (pid '"'"'"$pid"'"'"'); log: /nethome/rbansal66/CS4803ARM_Lab/user_data/armory/logs/workstation_14-listener.log'"'"'; exit 0; fi; docker exec piper_env rm -f /tmp/armory_listener.pid >/dev/null 2>&1 || true; printf '"'"'\n[%s] Starting data listener: ros2 launch run_follower.launch.py\n'"'"' "$(date '"'"'+%F %T'"'"')" >> /nethome/rbansal66/CS4803ARM_Lab/user_data/armory/logs/workstation_14-listener.log; nohup docker exec piper_env bash -lc '"'"'if command -v setsid >/dev/null 2>&1; then exec setsid bash -ic '"'"'"'"'"'"'"'"'source ~/.bashrc; cd /CS4803ARM_Lab/user_data/data_collection || exit 1; echo $$ > /tmp/armory_listener.pid; exec ros2 launch run_follower.launch.py'"'"'"'"'"'"'"'"'; else exec bash -ic '"'"'"'"'"'"'"'"'source ~/.bashrc; cd /CS4803ARM_Lab/user_data/data_collection || exit 1; echo $$ > /tmp/armory_listener.pid; exec ros2 launch run_follower.launch.py'"'"'"'"'"'"'"'"'; fi'"'"' >> /nethome/rbansal66/CS4803ARM_Lab/user_data/armory/logs/workstation_14-listener.log 2>&1 < /dev/null & host_pid=$!; echo $host_pid > /tmp/armory_listener_docker_exec.pid; sleep 0.5; if kill -0 "$host_pid" >/dev/null 2>&1; then pid=$(docker exec piper_env cat /tmp/armory_listener.pid 2>/dev/null || echo "$host_pid"); echo '"'"'data listener started (pid '"'"'"$pid"'"'"'); log: /nethome/rbansal66/CS4803ARM_Lab/user_data/armory/logs/workstation_14-listener.log'"'"'; else rm -f /tmp/armory_listener_docker_exec.pid; echo '"'"'data listener exited immediately; check log: /nethome/rbansal66/CS4803ARM_Lab/user_data/armory/logs/workstation_14-listener.log'"'"' >&2; tail -n 20 /nethome/rbansal66/CS4803ARM_Lab/user_data/armory/logs/workstation_14-listener.log >&2 || true; exit 1; fi'
2026-04-13 18:14:04,904 [INFO] Stopping data listener with command: bash -lc 'mkdir -p /nethome/rbansal66/CS4803ARM_Lab/user_data/armory/logs; touch /nethome/rbansal66/CS4803ARM_Lab/user_data/armory/logs/workstation_14-listener.log || exit 1; printf '"'"'\n[%s] Stopping data listener\n'"'"' "$(date '"'"'+%F %T'"'"')" >> /nethome/rbansal66/CS4803ARM_Lab/user_data/armory/logs/workstation_14-listener.log; if docker ps --filter name=piper_env -q | grep -q .; then docker exec piper_env bash -lc '"'"'if [ -s /tmp/armory_listener.pid ]; then pid=$(cat /tmp/armory_listener.pid); kill -- -"$pid" >/dev/null 2>&1 || kill "$pid" >/dev/null 2>&1 || true; sleep 0.5; kill -9 -- -"$pid" >/dev/null 2>&1 || kill -9 "$pid" >/dev/null 2>&1 || true; rm -f /tmp/armory_listener.pid; fi; pkill -f '"'"'"'"'"'"'"'"'[r]os2\ launch\ run_follower\.launch\.py'"'"'"'"'"'"'"'"' >/dev/null 2>&1 || true'"'"' >> /nethome/rbansal66/CS4803ARM_Lab/user_data/armory/logs/workstation_14-listener.log 2>&1 || true; else echo '"'"'piper_env is not running'"'"' >> /nethome/rbansal66/CS4803ARM_Lab/user_data/armory/logs/workstation_14-listener.log; fi; if [ -s /tmp/armory_listener_docker_exec.pid ]; then host_pid=$(cat /tmp/armory_listener_docker_exec.pid); kill "$host_pid" >/dev/null 2>&1 || true; rm -f /tmp/armory_listener_docker_exec.pid; fi; echo '"'"'data listener stopped; log: /nethome/rbansal66/CS4803ARM_Lab/user_data/armory/logs/workstation_14-listener.log'"'"''
2026-04-13 18:14:50,140 [INFO] Docker container running — status: booted
2026-04-13 18:16:14,849 [INFO] Executing: docker exec piper_env bash -ic 'source ~/.bashrc && p goto reset'
2026-04-13 18:16:16,557 [INFO] stdout: Go to reset complete.
2026-04-13 18:16:16,557 [WARNING] stderr: bash: cannot set terminal process group (-1): Inappropriate ioctl for device
bash: no job control in this shell
2026-04-13 18:16:17,465 [INFO] Executing: docker exec piper_env bash -ic 'source ~/.bashrc && p disable'
2026-04-13 18:16:18,976 [INFO] stdout: 失能成功!!!!
Piper disable sequence complete.
2026-04-13 18:16:18,976 [WARNING] stderr: bash: cannot set terminal process group (-1): Inappropriate ioctl for device
bash: no job control in this shell
2026-04-13 18:16:19,985 [INFO] Killing tunnel with command: bash -lc 'ssh -S /tmp/armory_tunnel_dynamics_8080.sock -O exit rbansal66@dynamics >/dev/null 2>&1 || true; rm -f /tmp/armory_tunnel_dynamics_8080.sock; if command -v pkill >/dev/null 2>&1; then pkill -f '"'"'[s]sh .* -L 8080:dynamics:8080 .*rbansal66@dynamics'"'"' >/dev/null 2>&1 || true; fi; echo '"'"'Tunnel stopped'"'"''
2026-04-13 18:16:21,506 [INFO] Container stopped and removed
2026-04-13 18:17:27,440 [INFO] Docker container not running — status: offline
2026-04-14 20:10:27,706 [INFO] Docker container not running — status: offline
2026-04-14 20:31:43,850 [INFO] Docker container not running — status: offline
2026-04-14 21:32:50,796 [INFO] Starting Docker container in detached mode
2026-04-14 21:32:51,298 [INFO] docker run output: c836b33f1b62f59d063f71570eaa3bbf4910bca26612ac1c07c9307a1ba6846f
2026-04-14 21:32:53,618 [INFO] Container started successfully
2026-04-14 21:32:59,651 [INFO] Starting tunnel with command: bash -lc 'mkdir -p /tmp; if ssh -S /tmp/armory_tunnel_dave_8080.sock -O check rbansal66@dave >/dev/null 2>&1; then echo '"'"'Tunnel already running'"'"'; exit 0; fi; rm -f /tmp/armory_tunnel_dave_8080.sock; ssh -f -N -M -S /tmp/armory_tunnel_dave_8080.sock -o ExitOnForwardFailure=yes -o ServerAliveInterval=30 -o ServerAliveCountMax=3 -L 8080:dave:8080 -J rbansal66@sky1.cc.gatech.edu rbansal66@dave; echo '"'"'Tunnel started'"'"''
2026-04-14 21:33:19,939 [ERROR] Tunnel start failed: 
2026-04-14 23:23:49,309 [INFO] Killing tunnel with command: bash -lc 'ssh -S /tmp/armory_tunnel_dave_8080.sock -O exit rbansal66@dave >/dev/null 2>&1 || true; rm -f /tmp/armory_tunnel_dave_8080.sock; if command -v pkill >/dev/null 2>&1; then pkill -f '"'"'[s]sh .* -L 8080:dave:8080 .*rbansal66@dave'"'"' >/dev/null 2>&1 || true; fi; echo '"'"'Tunnel stopped'"'"''
2026-04-14 23:25:36,630 [INFO] Docker container running — status: booted
2026-04-14 23:25:49,717 [INFO] Executing: docker exec piper_env bash -ic 'source ~/.bashrc && p enable'
2026-04-14 23:25:50,523 [INFO] stdout: 使能成功!!!!
Piper enable sequence complete.
2026-04-14 23:25:50,523 [WARNING] stderr: bash: cannot set terminal process group (-1): Inappropriate ioctl for device
bash: no job control in this shell
bash: /piper_sdk/piper_sdk/can_activate.sh can0 1000000: No such file or directory
2026-04-14 23:25:51,432 [INFO] Executing: docker exec piper_env bash -ic 'source ~/.bashrc && p goto init'
2026-04-14 23:25:53,043 [INFO] stdout: Go to init complete.
2026-04-14 23:25:53,143 [WARNING] stderr: bash: cannot set terminal process group (-1): Inappropriate ioctl for device
bash: no job control in this shell
2026-04-14 23:26:01,818 [INFO] Starting data listener with command: bash -lc 'mkdir -p /nethome/rbansal66/CS4803ARM_Lab/user_data/armory/logs; touch /nethome/rbansal66/CS4803ARM_Lab/user_data/armory/logs/workstation_14-listener.log || exit 1; if ! docker ps --filter name=piper_env -q | grep -q .; then echo '"'"'piper_env is not running'"'"' >&2; exit 1; fi; if docker exec piper_env bash -lc '"'"'if [ -s /tmp/armory_listener.pid ]; then pid=$(cat /tmp/armory_listener.pid); kill -0 "$pid" >/dev/null 2>&1; else exit 1; fi'"'"'; then pid=$(docker exec piper_env cat /tmp/armory_listener.pid); echo '"'"'data listener already running (pid '"'"'"$pid"'"'"'); log: /nethome/rbansal66/CS4803ARM_Lab/user_data/armory/logs/workstation_14-listener.log'"'"'; exit 0; fi; docker exec piper_env rm -f /tmp/armory_listener.pid >/dev/null 2>&1 || true; printf '"'"'\n[%s] Starting data listener: ros2 launch run_follower.launch.py\n'"'"' "$(date '"'"'+%F %T'"'"')" >> /nethome/rbansal66/CS4803ARM_Lab/user_data/armory/logs/workstation_14-listener.log; nohup docker exec piper_env bash -lc '"'"'if command -v setsid >/dev/null 2>&1; then exec setsid bash -ic '"'"'"'"'"'"'"'"'source ~/.bashrc; cd /CS4803ARM_Lab/user_data/data_collection || exit 1; echo $$ > /tmp/armory_listener.pid; exec ros2 launch run_follower.launch.py'"'"'"'"'"'"'"'"'; else exec bash -ic '"'"'"'"'"'"'"'"'source ~/.bashrc; cd /CS4803ARM_Lab/user_data/data_collection || exit 1; echo $$ > /tmp/armory_listener.pid; exec ros2 launch run_follower.launch.py'"'"'"'"'"'"'"'"'; fi'"'"' >> /nethome/rbansal66/CS4803ARM_Lab/user_data/armory/logs/workstation_14-listener.log 2>&1 < /dev/null & host_pid=$!; echo $host_pid > /tmp/armory_listener_docker_exec.pid; sleep 0.5; if kill -0 "$host_pid" >/dev/null 2>&1; then pid=$(docker exec piper_env cat /tmp/armory_listener.pid 2>/dev/null || echo "$host_pid"); echo '"'"'data listener started (pid '"'"'"$pid"'"'"'); log: /nethome/rbansal66/CS4803ARM_Lab/user_data/armory/logs/workstation_14-listener.log'"'"'; else rm -f /tmp/armory_listener_docker_exec.pid; echo '"'"'data listener exited immediately; check log: /nethome/rbansal66/CS4803ARM_Lab/user_data/armory/logs/workstation_14-listener.log'"'"' >&2; tail -n 20 /nethome/rbansal66/CS4803ARM_Lab/user_data/armory/logs/workstation_14-listener.log >&2 || true; exit 1; fi'
2026-04-14 23:26:14,295 [INFO] Starting Piper client with command: bash -lc 'mkdir -p /nethome/rbansal66/CS4803ARM_Lab/user_data/armory/logs; touch /nethome/rbansal66/CS4803ARM_Lab/user_data/armory/logs/workstation_14-client.log || exit 1; if ! docker ps --filter name=piper_env -q | grep -q .; then echo '"'"'piper_env is not running'"'"' >&2; exit 1; fi; if docker exec piper_env bash -lc '"'"'if [ -s /tmp/armory_client.pid ]; then pid=$(cat /tmp/armory_client.pid); kill -0 "$pid" >/dev/null 2>&1; else exit 1; fi'"'"'; then pid=$(docker exec piper_env cat /tmp/armory_client.pid); echo '"'"'Piper client already running (pid '"'"'"$pid"'"'"'); log: /nethome/rbansal66/CS4803ARM_Lab/user_data/armory/logs/workstation_14-client.log'"'"'; exit 0; fi; docker exec piper_env rm -f /tmp/armory_client.pid >/dev/null 2>&1 || true; printf '"'"'\n[%s] Starting Piper client: ros2 run piper piper_test_client\n'"'"' "$(date '"'"'+%F %T'"'"')" >> /nethome/rbansal66/CS4803ARM_Lab/user_data/armory/logs/workstation_14-client.log; nohup docker exec piper_env bash -lc '"'"'if command -v setsid >/dev/null 2>&1; then exec setsid bash -ic '"'"'"'"'"'"'"'"'source ~/.bashrc; cd /CS4803ARM_Lab/user_data/piper_ros || exit 1; echo $$ > /tmp/armory_client.pid; exec ros2 run piper piper_test_client'"'"'"'"'"'"'"'"'; else exec bash -ic '"'"'"'"'"'"'"'"'source ~/.bashrc; cd /CS4803ARM_Lab/user_data/piper_ros || exit 1; echo $$ > /tmp/armory_client.pid; exec ros2 run piper piper_test_client'"'"'"'"'"'"'"'"'; fi'"'"' >> /nethome/rbansal66/CS4803ARM_Lab/user_data/armory/logs/workstation_14-client.log 2>&1 < /dev/null & host_pid=$!; echo $host_pid > /tmp/armory_client_docker_exec.pid; sleep 0.5; if kill -0 "$host_pid" >/dev/null 2>&1; then pid=$(docker exec piper_env cat /tmp/armory_client.pid 2>/dev/null || echo "$host_pid"); echo '"'"'Piper client started (pid '"'"'"$pid"'"'"'); log: /nethome/rbansal66/CS4803ARM_Lab/user_data/armory/logs/workstation_14-client.log'"'"'; else rm -f /tmp/armory_client_docker_exec.pid; echo '"'"'Piper client exited immediately; check log: /nethome/rbansal66/CS4803ARM_Lab/user_data/armory/logs/workstation_14-client.log'"'"' >&2; tail -n 20 /nethome/rbansal66/CS4803ARM_Lab/user_data/armory/logs/workstation_14-client.log >&2 || true; exit 1; fi'
2026-04-14 23:26:34,296 [INFO] Stopping Piper client with command: bash -lc 'mkdir -p /nethome/rbansal66/CS4803ARM_Lab/user_data/armory/logs; touch /nethome/rbansal66/CS4803ARM_Lab/user_data/armory/logs/workstation_14-client.log || exit 1; printf '"'"'\n[%s] Stopping Piper client\n'"'"' "$(date '"'"'+%F %T'"'"')" >> /nethome/rbansal66/CS4803ARM_Lab/user_data/armory/logs/workstation_14-client.log; if docker ps --filter name=piper_env -q | grep -q .; then docker exec piper_env bash -lc '"'"'if [ -s /tmp/armory_client.pid ]; then pid=$(cat /tmp/armory_client.pid); kill -- -"$pid" >/dev/null 2>&1 || kill "$pid" >/dev/null 2>&1 || true; sleep 0.5; kill -9 -- -"$pid" >/dev/null 2>&1 || kill -9 "$pid" >/dev/null 2>&1 || true; rm -f /tmp/armory_client.pid; fi; pkill -f '"'"'"'"'"'"'"'"'[r]os2\ run\ piper\ piper_test_client'"'"'"'"'"'"'"'"' >/dev/null 2>&1 || true'"'"' >> /nethome/rbansal66/CS4803ARM_Lab/user_data/armory/logs/workstation_14-client.log 2>&1 || true; else echo '"'"'piper_env is not running'"'"' >> /nethome/rbansal66/CS4803ARM_Lab/user_data/armory/logs/workstation_14-client.log; fi; if [ -s /tmp/armory_client_docker_exec.pid ]; then host_pid=$(cat /tmp/armory_client_docker_exec.pid); kill "$host_pid" >/dev/null 2>&1 || true; rm -f /tmp/armory_client_docker_exec.pid; fi; echo '"'"'Piper client stopped; log: /nethome/rbansal66/CS4803ARM_Lab/user_data/armory/logs/workstation_14-client.log'"'"''
2026-04-14 23:27:47,978 [INFO] Starting Piper client with command: bash -lc 'mkdir -p /nethome/rbansal66/CS4803ARM_Lab/user_data/armory/logs; touch /nethome/rbansal66/CS4803ARM_Lab/user_data/armory/logs/workstation_14-client.log || exit 1; if ! docker ps --filter name=piper_env -q | grep -q .; then echo '"'"'piper_env is not running'"'"' >&2; exit 1; fi; if docker exec piper_env bash -lc '"'"'if [ -s /tmp/armory_client.pid ]; then pid=$(cat /tmp/armory_client.pid); kill -0 "$pid" >/dev/null 2>&1; else exit 1; fi'"'"'; then pid=$(docker exec piper_env cat /tmp/armory_client.pid); echo '"'"'Piper client already running (pid '"'"'"$pid"'"'"'); log: /nethome/rbansal66/CS4803ARM_Lab/user_data/armory/logs/workstation_14-client.log'"'"'; exit 0; fi; docker exec piper_env rm -f /tmp/armory_client.pid >/dev/null 2>&1 || true; printf '"'"'\n[%s] Starting Piper client: ros2 run piper piper_test_client\n'"'"' "$(date '"'"'+%F %T'"'"')" >> /nethome/rbansal66/CS4803ARM_Lab/user_data/armory/logs/workstation_14-client.log; nohup docker exec piper_env bash -lc '"'"'if command -v setsid >/dev/null 2>&1; then exec setsid bash -ic '"'"'"'"'"'"'"'"'source ~/.bashrc; cd /CS4803ARM_Lab/user_data/piper_ros || exit 1; echo $$ > /tmp/armory_client.pid; exec ros2 run piper piper_test_client'"'"'"'"'"'"'"'"'; else exec bash -ic '"'"'"'"'"'"'"'"'source ~/.bashrc; cd /CS4803ARM_Lab/user_data/piper_ros || exit 1; echo $$ > /tmp/armory_client.pid; exec ros2 run piper piper_test_client'"'"'"'"'"'"'"'"'; fi'"'"' >> /nethome/rbansal66/CS4803ARM_Lab/user_data/armory/logs/workstation_14-client.log 2>&1 < /dev/null & host_pid=$!; echo $host_pid > /tmp/armory_client_docker_exec.pid; sleep 0.5; if kill -0 "$host_pid" >/dev/null 2>&1; then pid=$(docker exec piper_env cat /tmp/armory_client.pid 2>/dev/null || echo "$host_pid"); echo '"'"'Piper client started (pid '"'"'"$pid"'"'"'); log: /nethome/rbansal66/CS4803ARM_Lab/user_data/armory/logs/workstation_14-client.log'"'"'; else rm -f /tmp/armory_client_docker_exec.pid; echo '"'"'Piper client exited immediately; check log: /nethome/rbansal66/CS4803ARM_Lab/user_data/armory/logs/workstation_14-client.log'"'"' >&2; tail -n 20 /nethome/rbansal66/CS4803ARM_Lab/user_data/armory/logs/workstation_14-client.log >&2 || true; exit 1; fi'
2026-04-14 23:28:04,875 [INFO] Stopping Piper client with command: bash -lc 'mkdir -p /nethome/rbansal66/CS4803ARM_Lab/user_data/armory/logs; touch /nethome/rbansal66/CS4803ARM_Lab/user_data/armory/logs/workstation_14-client.log || exit 1; printf '"'"'\n[%s] Stopping Piper client\n'"'"' "$(date '"'"'+%F %T'"'"')" >> /nethome/rbansal66/CS4803ARM_Lab/user_data/armory/logs/workstation_14-client.log; if docker ps --filter name=piper_env -q | grep -q .; then docker exec piper_env bash -lc '"'"'if [ -s /tmp/armory_client.pid ]; then pid=$(cat /tmp/armory_client.pid); kill -- -"$pid" >/dev/null 2>&1 || kill "$pid" >/dev/null 2>&1 || true; sleep 0.5; kill -9 -- -"$pid" >/dev/null 2>&1 || kill -9 "$pid" >/dev/null 2>&1 || true; rm -f /tmp/armory_client.pid; fi; pkill -f '"'"'"'"'"'"'"'"'[r]os2\ run\ piper\ piper_test_client'"'"'"'"'"'"'"'"' >/dev/null 2>&1 || true'"'"' >> /nethome/rbansal66/CS4803ARM_Lab/user_data/armory/logs/workstation_14-client.log 2>&1 || true; else echo '"'"'piper_env is not running'"'"' >> /nethome/rbansal66/CS4803ARM_Lab/user_data/armory/logs/workstation_14-client.log; fi; if [ -s /tmp/armory_client_docker_exec.pid ]; then host_pid=$(cat /tmp/armory_client_docker_exec.pid); kill "$host_pid" >/dev/null 2>&1 || true; rm -f /tmp/armory_client_docker_exec.pid; fi; echo '"'"'Piper client stopped; log: /nethome/rbansal66/CS4803ARM_Lab/user_data/armory/logs/workstation_14-client.log'"'"''
2026-04-14 23:30:52,568 [INFO] Executing: docker exec piper_env bash -ic 'source ~/.bashrc && p goto init'
2026-04-14 23:30:54,177 [INFO] stdout: Go to init complete.
2026-04-14 23:30:54,178 [WARNING] stderr: bash: cannot set terminal process group (-1): Inappropriate ioctl for device
bash: no job control in this shell
2026-04-14 23:33:05,199 [INFO] Starting Piper client with command: bash -lc 'mkdir -p /nethome/rbansal66/CS4803ARM_Lab/user_data/armory/logs; touch /nethome/rbansal66/CS4803ARM_Lab/user_data/armory/logs/workstation_14-client.log || exit 1; if ! docker ps --filter name=piper_env -q | grep -q .; then echo '"'"'piper_env is not running'"'"' >&2; exit 1; fi; if docker exec piper_env bash -lc '"'"'if [ -s /tmp/armory_client.pid ]; then pid=$(cat /tmp/armory_client.pid); kill -0 "$pid" >/dev/null 2>&1; else exit 1; fi'"'"'; then pid=$(docker exec piper_env cat /tmp/armory_client.pid); echo '"'"'Piper client already running (pid '"'"'"$pid"'"'"'); log: /nethome/rbansal66/CS4803ARM_Lab/user_data/armory/logs/workstation_14-client.log'"'"'; exit 0; fi; docker exec piper_env rm -f /tmp/armory_client.pid >/dev/null 2>&1 || true; printf '"'"'\n[%s] Starting Piper client: ros2 run piper piper_test_client\n'"'"' "$(date '"'"'+%F %T'"'"')" >> /nethome/rbansal66/CS4803ARM_Lab/user_data/armory/logs/workstation_14-client.log; nohup docker exec piper_env bash -lc '"'"'if command -v setsid >/dev/null 2>&1; then exec setsid bash -ic '"'"'"'"'"'"'"'"'source ~/.bashrc; cd /CS4803ARM_Lab/user_data/piper_ros || exit 1; echo $$ > /tmp/armory_client.pid; exec ros2 run piper piper_test_client'"'"'"'"'"'"'"'"'; else exec bash -ic '"'"'"'"'"'"'"'"'source ~/.bashrc; cd /CS4803ARM_Lab/user_data/piper_ros || exit 1; echo $$ > /tmp/armory_client.pid; exec ros2 run piper piper_test_client'"'"'"'"'"'"'"'"'; fi'"'"' >> /nethome/rbansal66/CS4803ARM_Lab/user_data/armory/logs/workstation_14-client.log 2>&1 < /dev/null & host_pid=$!; echo $host_pid > /tmp/armory_client_docker_exec.pid; sleep 0.5; if kill -0 "$host_pid" >/dev/null 2>&1; then pid=$(docker exec piper_env cat /tmp/armory_client.pid 2>/dev/null || echo "$host_pid"); echo '"'"'Piper client started (pid '"'"'"$pid"'"'"'); log: /nethome/rbansal66/CS4803ARM_Lab/user_data/armory/logs/workstation_14-client.log'"'"'; else rm -f /tmp/armory_client_docker_exec.pid; echo '"'"'Piper client exited immediately; check log: /nethome/rbansal66/CS4803ARM_Lab/user_data/armory/logs/workstation_14-client.log'"'"' >&2; tail -n 20 /nethome/rbansal66/CS4803ARM_Lab/user_data/armory/logs/workstation_14-client.log >&2 || true; exit 1; fi'
2026-04-14 23:33:28,723 [INFO] Stopping Piper client with command: bash -lc 'mkdir -p /nethome/rbansal66/CS4803ARM_Lab/user_data/armory/logs; touch /nethome/rbansal66/CS4803ARM_Lab/user_data/armory/logs/workstation_14-client.log || exit 1; printf '"'"'\n[%s] Stopping Piper client\n'"'"' "$(date '"'"'+%F %T'"'"')" >> /nethome/rbansal66/CS4803ARM_Lab/user_data/armory/logs/workstation_14-client.log; if docker ps --filter name=piper_env -q | grep -q .; then docker exec piper_env bash -lc '"'"'if [ -s /tmp/armory_client.pid ]; then pid=$(cat /tmp/armory_client.pid); kill -- -"$pid" >/dev/null 2>&1 || kill "$pid" >/dev/null 2>&1 || true; sleep 0.5; kill -9 -- -"$pid" >/dev/null 2>&1 || kill -9 "$pid" >/dev/null 2>&1 || true; rm -f /tmp/armory_client.pid; fi; pkill -f '"'"'"'"'"'"'"'"'[r]os2\ run\ piper\ piper_test_client'"'"'"'"'"'"'"'"' >/dev/null 2>&1 || true'"'"' >> /nethome/rbansal66/CS4803ARM_Lab/user_data/armory/logs/workstation_14-client.log 2>&1 || true; else echo '"'"'piper_env is not running'"'"' >> /nethome/rbansal66/CS4803ARM_Lab/user_data/armory/logs/workstation_14-client.log; fi; if [ -s /tmp/armory_client_docker_exec.pid ]; then host_pid=$(cat /tmp/armory_client_docker_exec.pid); kill "$host_pid" >/dev/null 2>&1 || true; rm -f /tmp/armory_client_docker_exec.pid; fi; echo '"'"'Piper client stopped; log: /nethome/rbansal66/CS4803ARM_Lab/user_data/armory/logs/workstation_14-client.log'"'"''
2026-04-14 23:33:45,591 [INFO] Executing: docker exec piper_env bash -ic 'source ~/.bashrc && p goto init'
2026-04-14 23:33:47,204 [INFO] stdout: Go to init complete.
2026-04-14 23:33:47,204 [WARNING] stderr: bash: cannot set terminal process group (-1): Inappropriate ioctl for device
bash: no job control in this shell
2026-04-14 23:33:51,818 [INFO] Executing: docker exec piper_env bash -ic 'source ~/.bashrc && p goto init'
2026-04-14 23:33:53,631 [INFO] stdout: Go to init complete.
2026-04-14 23:33:53,631 [WARNING] stderr: bash: cannot set terminal process group (-1): Inappropriate ioctl for device
bash: no job control in this shell
2026-04-14 23:33:57,649 [INFO] Starting Piper client with command: bash -lc 'mkdir -p /nethome/rbansal66/CS4803ARM_Lab/user_data/armory/logs; touch /nethome/rbansal66/CS4803ARM_Lab/user_data/armory/logs/workstation_14-client.log || exit 1; if ! docker ps --filter name=piper_env -q | grep -q .; then echo '"'"'piper_env is not running'"'"' >&2; exit 1; fi; if docker exec piper_env bash -lc '"'"'if [ -s /tmp/armory_client.pid ]; then pid=$(cat /tmp/armory_client.pid); kill -0 "$pid" >/dev/null 2>&1; else exit 1; fi'"'"'; then pid=$(docker exec piper_env cat /tmp/armory_client.pid); echo '"'"'Piper client already running (pid '"'"'"$pid"'"'"'); log: /nethome/rbansal66/CS4803ARM_Lab/user_data/armory/logs/workstation_14-client.log'"'"'; exit 0; fi; docker exec piper_env rm -f /tmp/armory_client.pid >/dev/null 2>&1 || true; printf '"'"'\n[%s] Starting Piper client: ros2 run piper piper_test_client\n'"'"' "$(date '"'"'+%F %T'"'"')" >> /nethome/rbansal66/CS4803ARM_Lab/user_data/armory/logs/workstation_14-client.log; nohup docker exec piper_env bash -lc '"'"'if command -v setsid >/dev/null 2>&1; then exec setsid bash -ic '"'"'"'"'"'"'"'"'source ~/.bashrc; cd /CS4803ARM_Lab/user_data/piper_ros || exit 1; echo $$ > /tmp/armory_client.pid; exec ros2 run piper piper_test_client'"'"'"'"'"'"'"'"'; else exec bash -ic '"'"'"'"'"'"'"'"'source ~/.bashrc; cd /CS4803ARM_Lab/user_data/piper_ros || exit 1; echo $$ > /tmp/armory_client.pid; exec ros2 run piper piper_test_client'"'"'"'"'"'"'"'"'; fi'"'"' >> /nethome/rbansal66/CS4803ARM_Lab/user_data/armory/logs/workstation_14-client.log 2>&1 < /dev/null & host_pid=$!; echo $host_pid > /tmp/armory_client_docker_exec.pid; sleep 0.5; if kill -0 "$host_pid" >/dev/null 2>&1; then pid=$(docker exec piper_env cat /tmp/armory_client.pid 2>/dev/null || echo "$host_pid"); echo '"'"'Piper client started (pid '"'"'"$pid"'"'"'); log: /nethome/rbansal66/CS4803ARM_Lab/user_data/armory/logs/workstation_14-client.log'"'"'; else rm -f /tmp/armory_client_docker_exec.pid; echo '"'"'Piper client exited immediately; check log: /nethome/rbansal66/CS4803ARM_Lab/user_data/armory/logs/workstation_14-client.log'"'"' >&2; tail -n 20 /nethome/rbansal66/CS4803ARM_Lab/user_data/armory/logs/workstation_14-client.log >&2 || true; exit 1; fi'
2026-04-14 23:34:48,481 [INFO] Stopping Piper client with command: bash -lc 'mkdir -p /nethome/rbansal66/CS4803ARM_Lab/user_data/armory/logs; touch /nethome/rbansal66/CS4803ARM_Lab/user_data/armory/logs/workstation_14-client.log || exit 1; printf '"'"'\n[%s] Stopping Piper client\n'"'"' "$(date '"'"'+%F %T'"'"')" >> /nethome/rbansal66/CS4803ARM_Lab/user_data/armory/logs/workstation_14-client.log; if docker ps --filter name=piper_env -q | grep -q .; then docker exec piper_env bash -lc '"'"'if [ -s /tmp/armory_client.pid ]; then pid=$(cat /tmp/armory_client.pid); kill -- -"$pid" >/dev/null 2>&1 || kill "$pid" >/dev/null 2>&1 || true; sleep 0.5; kill -9 -- -"$pid" >/dev/null 2>&1 || kill -9 "$pid" >/dev/null 2>&1 || true; rm -f /tmp/armory_client.pid; fi; pkill -f '"'"'"'"'"'"'"'"'[r]os2\ run\ piper\ piper_test_client'"'"'"'"'"'"'"'"' >/dev/null 2>&1 || true'"'"' >> /nethome/rbansal66/CS4803ARM_Lab/user_data/armory/logs/workstation_14-client.log 2>&1 || true; else echo '"'"'piper_env is not running'"'"' >> /nethome/rbansal66/CS4803ARM_Lab/user_data/armory/logs/workstation_14-client.log; fi; if [ -s /tmp/armory_client_docker_exec.pid ]; then host_pid=$(cat /tmp/armory_client_docker_exec.pid); kill "$host_pid" >/dev/null 2>&1 || true; rm -f /tmp/armory_client_docker_exec.pid; fi; echo '"'"'Piper client stopped; log: /nethome/rbansal66/CS4803ARM_Lab/user_data/armory/logs/workstation_14-client.log'"'"''
2026-04-14 23:36:06,643 [INFO] Executing: docker exec piper_env bash -ic 'source ~/.bashrc && p goto init'
2026-04-14 23:36:08,255 [INFO] stdout: Go to init complete.
2026-04-14 23:36:08,255 [WARNING] stderr: bash: cannot set terminal process group (-1): Inappropriate ioctl for device
bash: no job control in this shell
2026-04-14 23:48:07,050 [INFO] Docker container running — status: booted
2026-04-14 23:48:15,450 [INFO] Stopping data listener with command: bash -lc 'mkdir -p /nethome/rbansal66/CS4803ARM_Lab/user_data/armory/logs; touch /nethome/rbansal66/CS4803ARM_Lab/user_data/armory/logs/workstation_14-listener.log || exit 1; printf '"'"'\n[%s] Stopping data listener\n'"'"' "$(date '"'"'+%F %T'"'"')" >> /nethome/rbansal66/CS4803ARM_Lab/user_data/armory/logs/workstation_14-listener.log; if docker ps --filter name=piper_env -q | grep -q .; then docker exec piper_env bash -lc '"'"'if [ -s /tmp/armory_listener.pid ]; then pid=$(cat /tmp/armory_listener.pid); kill -- -"$pid" >/dev/null 2>&1 || kill "$pid" >/dev/null 2>&1 || true; sleep 0.5; kill -9 -- -"$pid" >/dev/null 2>&1 || kill -9 "$pid" >/dev/null 2>&1 || true; rm -f /tmp/armory_listener.pid; fi; pkill -f '"'"'"'"'"'"'"'"'[r]os2\ launch\ run_follower\.launch\.py'"'"'"'"'"'"'"'"' >/dev/null 2>&1 || true'"'"' >> /nethome/rbansal66/CS4803ARM_Lab/user_data/armory/logs/workstation_14-listener.log 2>&1 || true; else echo '"'"'piper_env is not running'"'"' >> /nethome/rbansal66/CS4803ARM_Lab/user_data/armory/logs/workstation_14-listener.log; fi; echo '"'"'data listener stopped; log: /nethome/rbansal66/CS4803ARM_Lab/user_data/armory/logs/workstation_14-listener.log'"'"''
2026-04-14 23:48:21,180 [INFO] Executing: docker exec piper_env bash -ic 'source ~/.bashrc && p goto reset'
2026-04-14 23:48:22,894 [INFO] stdout: Go to reset complete.
2026-04-14 23:48:22,894 [WARNING] stderr: bash: cannot set terminal process group (-1): Inappropriate ioctl for device
bash: no job control in this shell
2026-04-14 23:48:24,507 [INFO] Executing: docker exec piper_env bash -ic 'source ~/.bashrc && p disable'
2026-04-14 23:48:25,814 [INFO] stdout: 失能成功!!!!
Piper disable sequence complete.
2026-04-14 23:48:25,814 [WARNING] stderr: bash: cannot set terminal process group (-1): Inappropriate ioctl for device
bash: no job control in this shell
2026-04-14 23:50:20,416 [INFO] Docker container running — status: booted
2026-04-14 23:50:42,530 [INFO] Executing: docker exec piper_env bash -ic 'source ~/.bashrc && p goto reset'
2026-04-14 23:50:44,244 [INFO] stdout: Go to reset complete.
2026-04-14 23:50:44,345 [WARNING] stderr: bash: cannot set terminal process group (-1): Inappropriate ioctl for device
bash: no job control in this shell
2026-04-14 23:50:45,958 [INFO] Executing: docker exec piper_env bash -ic 'source ~/.bashrc && p disable'
2026-04-14 23:50:46,864 [INFO] stdout: 失能成功!!!!
Piper disable sequence complete.
2026-04-14 23:50:46,864 [WARNING] stderr: bash: cannot set terminal process group (-1): Inappropriate ioctl for device
bash: no job control in this shell
2026-04-14 23:50:48,681 [INFO] Killing tunnel with command: bash -lc 'ssh -S /tmp/armory_tunnel_dave_8080.sock -O exit rbansal66@dave >/dev/null 2>&1 || true; rm -f /tmp/armory_tunnel_dave_8080.sock; if command -v pkill >/dev/null 2>&1; then pkill -f '"'"'[s]sh .* -L 8080:dave:8080 .*rbansal66@dave'"'"' >/dev/null 2>&1 || true; fi; echo '"'"'Tunnel stopped'"'"''
2026-04-14 23:50:50,699 [INFO] Container stopped and removed
2026-04-14 23:50:57,995 [INFO] Starting Docker container in detached mode
2026-04-14 23:50:58,498 [INFO] docker run output: 9bef651e13e37164077171d814891ad92376049e0678814e3d01c3bbb168d535
2026-04-14 23:51:01,621 [INFO] Container started successfully
2026-04-14 23:51:09,754 [INFO] Executing: docker exec piper_env bash -ic 'source ~/.bashrc && p goto init'
2026-04-14 23:51:11,465 [INFO] stdout: Go to init complete.
2026-04-14 23:51:11,566 [WARNING] stderr: bash: cannot set terminal process group (-1): Inappropriate ioctl for device
bash: no job control in this shell
2026-04-14 23:51:15,580 [INFO] Starting data listener with command: bash -lc 'mkdir -p /nethome/rbansal66/CS4803ARM_Lab/user_data/armory/logs; touch /nethome/rbansal66/CS4803ARM_Lab/user_data/armory/logs/workstation_14-listener.log || exit 1; if ! docker ps --filter name=piper_env -q | grep -q .; then echo '"'"'piper_env is not running'"'"' >&2; exit 1; fi; if docker exec piper_env bash -lc '"'"'if [ -s /tmp/armory_listener.pid ]; then pid=$(cat /tmp/armory_listener.pid); kill -0 "$pid" >/dev/null 2>&1; else exit 1; fi'"'"'; then pid=$(docker exec piper_env cat /tmp/armory_listener.pid); echo '"'"'data listener already running (pid '"'"'"$pid"'"'"'); log: /nethome/rbansal66/CS4803ARM_Lab/user_data/armory/logs/workstation_14-listener.log'"'"'; exit 0; fi; docker exec piper_env rm -f /tmp/armory_listener.pid >/dev/null 2>&1 || true; printf '"'"'\n[%s] Starting data listener: ros2 launch run_follower.launch.py\n'"'"' "$(date '"'"'+%F %T'"'"')" >> /nethome/rbansal66/CS4803ARM_Lab/user_data/armory/logs/workstation_14-listener.log; docker exec -d piper_env bash -lc '"'"'if command -v setsid >/dev/null 2>&1; then exec setsid bash -ic '"'"'"'"'"'"'"'"'source ~/.bashrc; mkdir -p /CS4803ARM_Lab/user_data/armory/logs; cd /CS4803ARM_Lab/user_data/data_collection || exit 1; echo $$ > /tmp/armory_listener.pid; exec ros2 launch run_follower.launch.py >> /CS4803ARM_Lab/user_data/armory/logs/workstation_14-listener.log 2>&1'"'"'"'"'"'"'"'"'; else exec bash -ic '"'"'"'"'"'"'"'"'source ~/.bashrc; mkdir -p /CS4803ARM_Lab/user_data/armory/logs; cd /CS4803ARM_Lab/user_data/data_collection || exit 1; echo $$ > /tmp/armory_listener.pid; exec ros2 launch run_follower.launch.py >> /CS4803ARM_Lab/user_data/armory/logs/workstation_14-listener.log 2>&1'"'"'"'"'"'"'"'"'; fi'"'"'; sleep 2; if docker exec piper_env bash -lc '"'"'if [ -s /tmp/armory_listener.pid ]; then pid=$(cat /tmp/armory_listener.pid); kill -0 "$pid" >/dev/null 2>&1; else exit 1; fi'"'"'; then pid=$(docker exec piper_env cat /tmp/armory_listener.pid); echo '"'"'data listener started (pid '"'"'"$pid"'"'"'); log: /nethome/rbansal66/CS4803ARM_Lab/user_data/armory/logs/workstation_14-listener.log'"'"'; else echo '"'"'data listener exited immediately; check log: /nethome/rbansal66/CS4803ARM_Lab/user_data/armory/logs/workstation_14-listener.log'"'"' >&2; tail -n 20 /nethome/rbansal66/CS4803ARM_Lab/user_data/armory/logs/workstation_14-listener.log >&2 || true; exit 1; fi'
2026-04-14 23:51:38,509 [INFO] Starting Piper client with command: bash -lc 'mkdir -p /nethome/rbansal66/CS4803ARM_Lab/user_data/armory/logs; touch /nethome/rbansal66/CS4803ARM_Lab/user_data/armory/logs/workstation_14-client.log || exit 1; if ! docker ps --filter name=piper_env -q | grep -q .; then echo '"'"'piper_env is not running'"'"' >&2; exit 1; fi; if docker exec piper_env bash -lc '"'"'if [ -s /tmp/armory_client.pid ]; then pid=$(cat /tmp/armory_client.pid); kill -0 "$pid" >/dev/null 2>&1; else exit 1; fi'"'"'; then pid=$(docker exec piper_env cat /tmp/armory_client.pid); echo '"'"'Piper client already running (pid '"'"'"$pid"'"'"'); log: /nethome/rbansal66/CS4803ARM_Lab/user_data/armory/logs/workstation_14-client.log'"'"'; exit 0; fi; docker exec piper_env rm -f /tmp/armory_client.pid >/dev/null 2>&1 || true; printf '"'"'\n[%s] Starting Piper client: ros2 run piper piper_test_client\n'"'"' "$(date '"'"'+%F %T'"'"')" >> /nethome/rbansal66/CS4803ARM_Lab/user_data/armory/logs/workstation_14-client.log; docker exec -d piper_env bash -lc '"'"'if command -v setsid >/dev/null 2>&1; then exec setsid bash -ic '"'"'"'"'"'"'"'"'source ~/.bashrc; mkdir -p /CS4803ARM_Lab/user_data/armory/logs; cd /CS4803ARM_Lab/user_data/piper_ros || exit 1; echo $$ > /tmp/armory_client.pid; exec ros2 run piper piper_test_client >> /CS4803ARM_Lab/user_data/armory/logs/workstation_14-client.log 2>&1'"'"'"'"'"'"'"'"'; else exec bash -ic '"'"'"'"'"'"'"'"'source ~/.bashrc; mkdir -p /CS4803ARM_Lab/user_data/armory/logs; cd /CS4803ARM_Lab/user_data/piper_ros || exit 1; echo $$ > /tmp/armory_client.pid; exec ros2 run piper piper_test_client >> /CS4803ARM_Lab/user_data/armory/logs/workstation_14-client.log 2>&1'"'"'"'"'"'"'"'"'; fi'"'"'; sleep 2; if docker exec piper_env bash -lc '"'"'if [ -s /tmp/armory_client.pid ]; then pid=$(cat /tmp/armory_client.pid); kill -0 "$pid" >/dev/null 2>&1; else exit 1; fi'"'"'; then pid=$(docker exec piper_env cat /tmp/armory_client.pid); echo '"'"'Piper client started (pid '"'"'"$pid"'"'"'); log: /nethome/rbansal66/CS4803ARM_Lab/user_data/armory/logs/workstation_14-client.log'"'"'; else echo '"'"'Piper client exited immediately; check log: /nethome/rbansal66/CS4803ARM_Lab/user_data/armory/logs/workstation_14-client.log'"'"' >&2; tail -n 20 /nethome/rbansal66/CS4803ARM_Lab/user_data/armory/logs/workstation_14-client.log >&2 || true; exit 1; fi'
2026-04-14 23:52:10,478 [INFO] Stopping Piper client with command: bash -lc 'mkdir -p /nethome/rbansal66/CS4803ARM_Lab/user_data/armory/logs; touch /nethome/rbansal66/CS4803ARM_Lab/user_data/armory/logs/workstation_14-client.log || exit 1; printf '"'"'\n[%s] Stopping Piper client\n'"'"' "$(date '"'"'+%F %T'"'"')" >> /nethome/rbansal66/CS4803ARM_Lab/user_data/armory/logs/workstation_14-client.log; if docker ps --filter name=piper_env -q | grep -q .; then docker exec piper_env bash -lc '"'"'if [ -s /tmp/armory_client.pid ]; then pid=$(cat /tmp/armory_client.pid); kill -- -"$pid" >/dev/null 2>&1 || kill "$pid" >/dev/null 2>&1 || true; sleep 0.5; kill -9 -- -"$pid" >/dev/null 2>&1 || kill -9 "$pid" >/dev/null 2>&1 || true; rm -f /tmp/armory_client.pid; fi; pkill -f '"'"'"'"'"'"'"'"'[r]os2\ run\ piper\ piper_test_client'"'"'"'"'"'"'"'"' >/dev/null 2>&1 || true'"'"' >> /nethome/rbansal66/CS4803ARM_Lab/user_data/armory/logs/workstation_14-client.log 2>&1 || true; else echo '"'"'piper_env is not running'"'"' >> /nethome/rbansal66/CS4803ARM_Lab/user_data/armory/logs/workstation_14-client.log; fi; echo '"'"'Piper client stopped; log: /nethome/rbansal66/CS4803ARM_Lab/user_data/armory/logs/workstation_14-client.log'"'"''
2026-04-14 23:53:14,225 [INFO] Docker container running — status: booted
2026-04-14 23:53:18,037 [INFO] Starting Piper client with command: bash -lc 'mkdir -p /nethome/rbansal66/CS4803ARM_Lab/user_data/armory/logs; touch /nethome/rbansal66/CS4803ARM_Lab/user_data/armory/logs/workstation_14-client.log || exit 1; if ! docker ps --filter name=piper_env -q | grep -q .; then echo '"'"'piper_env is not running'"'"' >&2; exit 1; fi; if docker exec piper_env bash -lc '"'"'if [ -s /tmp/armory_client.pid ]; then pid=$(cat /tmp/armory_client.pid); kill -0 "$pid" >/dev/null 2>&1; else exit 1; fi'"'"'; then pid=$(docker exec piper_env cat /tmp/armory_client.pid); echo '"'"'Piper client already running (pid '"'"'"$pid"'"'"'); log: /nethome/rbansal66/CS4803ARM_Lab/user_data/armory/logs/workstation_14-client.log'"'"'; exit 0; fi; docker exec piper_env rm -f /tmp/armory_client.pid >/dev/null 2>&1 || true; printf '"'"'\n[%s] Starting Piper client: ros2 run piper piper_test_client\n'"'"' "$(date '"'"'+%F %T'"'"')" >> /nethome/rbansal66/CS4803ARM_Lab/user_data/armory/logs/workstation_14-client.log; nohup docker exec piper_env bash -lc '"'"'if command -v setsid >/dev/null 2>&1; then exec setsid bash -ic '"'"'"'"'"'"'"'"'source ~/.bashrc; cd /CS4803ARM_Lab/user_data/piper_ros || exit 1; echo $$ > /tmp/armory_client.pid; exec ros2 run piper piper_test_client'"'"'"'"'"'"'"'"'; else exec bash -ic '"'"'"'"'"'"'"'"'source ~/.bashrc; cd /CS4803ARM_Lab/user_data/piper_ros || exit 1; echo $$ > /tmp/armory_client.pid; exec ros2 run piper piper_test_client'"'"'"'"'"'"'"'"'; fi'"'"' >> /nethome/rbansal66/CS4803ARM_Lab/user_data/armory/logs/workstation_14-client.log 2>&1 < /dev/null & host_pid=$!; echo $host_pid > /tmp/armory_client_docker_exec.pid; sleep 0.5; if kill -0 "$host_pid" >/dev/null 2>&1; then pid=$(docker exec piper_env cat /tmp/armory_client.pid 2>/dev/null || echo "$host_pid"); echo '"'"'Piper client started (pid '"'"'"$pid"'"'"'); log: /nethome/rbansal66/CS4803ARM_Lab/user_data/armory/logs/workstation_14-client.log'"'"'; else rm -f /tmp/armory_client_docker_exec.pid; echo '"'"'Piper client exited immediately; check log: /nethome/rbansal66/CS4803ARM_Lab/user_data/armory/logs/workstation_14-client.log'"'"' >&2; tail -n 20 /nethome/rbansal66/CS4803ARM_Lab/user_data/armory/logs/workstation_14-client.log >&2 || true; exit 1; fi'
2026-04-14 23:53:30,715 [INFO] Stopping Piper client with command: bash -lc 'mkdir -p /nethome/rbansal66/CS4803ARM_Lab/user_data/armory/logs; touch /nethome/rbansal66/CS4803ARM_Lab/user_data/armory/logs/workstation_14-client.log || exit 1; printf '"'"'\n[%s] Stopping Piper client\n'"'"' "$(date '"'"'+%F %T'"'"')" >> /nethome/rbansal66/CS4803ARM_Lab/user_data/armory/logs/workstation_14-client.log; if docker ps --filter name=piper_env -q | grep -q .; then docker exec piper_env bash -lc '"'"'if [ -s /tmp/armory_client.pid ]; then pid=$(cat /tmp/armory_client.pid); kill -- -"$pid" >/dev/null 2>&1 || kill "$pid" >/dev/null 2>&1 || true; sleep 0.5; kill -9 -- -"$pid" >/dev/null 2>&1 || kill -9 "$pid" >/dev/null 2>&1 || true; rm -f /tmp/armory_client.pid; fi; pkill -f '"'"'"'"'"'"'"'"'[r]os2\ run\ piper\ piper_test_client'"'"'"'"'"'"'"'"' >/dev/null 2>&1 || true'"'"' >> /nethome/rbansal66/CS4803ARM_Lab/user_data/armory/logs/workstation_14-client.log 2>&1 || true; else echo '"'"'piper_env is not running'"'"' >> /nethome/rbansal66/CS4803ARM_Lab/user_data/armory/logs/workstation_14-client.log; fi; if [ -s /tmp/armory_client_docker_exec.pid ]; then host_pid=$(cat /tmp/armory_client_docker_exec.pid); kill "$host_pid" >/dev/null 2>&1 || true; rm -f /tmp/armory_client_docker_exec.pid; fi; echo '"'"'Piper client stopped; log: /nethome/rbansal66/CS4803ARM_Lab/user_data/armory/logs/workstation_14-client.log'"'"''
2026-04-14 23:54:35,973 [INFO] Starting Piper client with command: bash -lc 'mkdir -p /nethome/rbansal66/CS4803ARM_Lab/user_data/armory/logs; touch /nethome/rbansal66/CS4803ARM_Lab/user_data/armory/logs/workstation_14-client.log || exit 1; if ! docker ps --filter name=piper_env -q | grep -q .; then echo '"'"'piper_env is not running'"'"' >&2; exit 1; fi; if docker exec piper_env bash -lc '"'"'if [ -s /tmp/armory_client.pid ]; then pid=$(cat /tmp/armory_client.pid); kill -0 "$pid" >/dev/null 2>&1; else exit 1; fi'"'"'; then pid=$(docker exec piper_env cat /tmp/armory_client.pid); echo '"'"'Piper client already running (pid '"'"'"$pid"'"'"'); log: /nethome/rbansal66/CS4803ARM_Lab/user_data/armory/logs/workstation_14-client.log'"'"'; exit 0; fi; docker exec piper_env rm -f /tmp/armory_client.pid >/dev/null 2>&1 || true; printf '"'"'\n[%s] Starting Piper client: ros2 run piper piper_test_client\n'"'"' "$(date '"'"'+%F %T'"'"')" >> /nethome/rbansal66/CS4803ARM_Lab/user_data/armory/logs/workstation_14-client.log; nohup docker exec piper_env bash -lc '"'"'if command -v setsid >/dev/null 2>&1; then exec setsid bash -ic '"'"'"'"'"'"'"'"'source ~/.bashrc; cd /CS4803ARM_Lab/user_data/piper_ros || exit 1; echo $$ > /tmp/armory_client.pid; exec ros2 run piper piper_test_client'"'"'"'"'"'"'"'"'; else exec bash -ic '"'"'"'"'"'"'"'"'source ~/.bashrc; cd /CS4803ARM_Lab/user_data/piper_ros || exit 1; echo $$ > /tmp/armory_client.pid; exec ros2 run piper piper_test_client'"'"'"'"'"'"'"'"'; fi'"'"' >> /nethome/rbansal66/CS4803ARM_Lab/user_data/armory/logs/workstation_14-client.log 2>&1 < /dev/null & host_pid=$!; echo $host_pid > /tmp/armory_client_docker_exec.pid; sleep 0.5; if kill -0 "$host_pid" >/dev/null 2>&1; then pid=$(docker exec piper_env cat /tmp/armory_client.pid 2>/dev/null || echo "$host_pid"); echo '"'"'Piper client started (pid '"'"'"$pid"'"'"'); log: /nethome/rbansal66/CS4803ARM_Lab/user_data/armory/logs/workstation_14-client.log'"'"'; else rm -f /tmp/armory_client_docker_exec.pid; echo '"'"'Piper client exited immediately; check log: /nethome/rbansal66/CS4803ARM_Lab/user_data/armory/logs/workstation_14-client.log'"'"' >&2; tail -n 20 /nethome/rbansal66/CS4803ARM_Lab/user_data/armory/logs/workstation_14-client.log >&2 || true; exit 1; fi'
2026-04-14 23:55:00,100 [INFO] Stopping Piper client with command: bash -lc 'mkdir -p /nethome/rbansal66/CS4803ARM_Lab/user_data/armory/logs; touch /nethome/rbansal66/CS4803ARM_Lab/user_data/armory/logs/workstation_14-client.log || exit 1; printf '"'"'\n[%s] Stopping Piper client\n'"'"' "$(date '"'"'+%F %T'"'"')" >> /nethome/rbansal66/CS4803ARM_Lab/user_data/armory/logs/workstation_14-client.log; if docker ps --filter name=piper_env -q | grep -q .; then docker exec piper_env bash -lc '"'"'if [ -s /tmp/armory_client.pid ]; then pid=$(cat /tmp/armory_client.pid); kill -- -"$pid" >/dev/null 2>&1 || kill "$pid" >/dev/null 2>&1 || true; sleep 0.5; kill -9 -- -"$pid" >/dev/null 2>&1 || kill -9 "$pid" >/dev/null 2>&1 || true; rm -f /tmp/armory_client.pid; fi; pkill -f '"'"'"'"'"'"'"'"'[r]os2\ run\ piper\ piper_test_client'"'"'"'"'"'"'"'"' >/dev/null 2>&1 || true'"'"' >> /nethome/rbansal66/CS4803ARM_Lab/user_data/armory/logs/workstation_14-client.log 2>&1 || true; else echo '"'"'piper_env is not running'"'"' >> /nethome/rbansal66/CS4803ARM_Lab/user_data/armory/logs/workstation_14-client.log; fi; if [ -s /tmp/armory_client_docker_exec.pid ]; then host_pid=$(cat /tmp/armory_client_docker_exec.pid); kill "$host_pid" >/dev/null 2>&1 || true; rm -f /tmp/armory_client_docker_exec.pid; fi; echo '"'"'Piper client stopped; log: /nethome/rbansal66/CS4803ARM_Lab/user_data/armory/logs/workstation_14-client.log'"'"''
2026-04-15 00:02:06,803 [INFO] Executing: docker exec piper_env bash -ic 'source ~/.bashrc && p goto reset'
2026-04-15 00:02:08,415 [INFO] stdout: Go to reset complete.
2026-04-15 00:02:08,415 [WARNING] stderr: bash: cannot set terminal process group (-1): Inappropriate ioctl for device
bash: no job control in this shell
2026-04-15 00:02:09,222 [INFO] Executing: docker exec piper_env bash -ic 'source ~/.bashrc && p disable'
2026-04-15 00:02:10,835 [INFO] stdout: 失能成功!!!!
Piper disable sequence complete.
2026-04-15 00:02:10,935 [WARNING] stderr: bash: cannot set terminal process group (-1): Inappropriate ioctl for device
bash: no job control in this shell
2026-04-15 00:02:18,969 [INFO] Executing: docker exec piper_env bash -ic 'source ~/.bashrc && p goto init'
2026-04-15 00:02:20,682 [INFO] stdout: Go to init complete.
2026-04-15 00:02:20,682 [WARNING] stderr: bash: cannot set terminal process group (-1): Inappropriate ioctl for device
bash: no job control in this shell
2026-04-15 00:02:25,130 [INFO] Starting data listener with command: bash -lc 'mkdir -p /nethome/rbansal66/CS4803ARM_Lab/user_data/armory/logs; touch /nethome/rbansal66/CS4803ARM_Lab/user_data/armory/logs/workstation_14-listener.log || exit 1; if ! docker ps --filter name=piper_env -q | grep -q .; then echo '"'"'piper_env is not running'"'"' >&2; exit 1; fi; if docker exec piper_env bash -lc '"'"'if [ -s /tmp/armory_listener.pid ]; then pid=$(cat /tmp/armory_listener.pid); kill -0 "$pid" >/dev/null 2>&1; else exit 1; fi'"'"'; then pid=$(docker exec piper_env cat /tmp/armory_listener.pid); echo '"'"'data listener already running (pid '"'"'"$pid"'"'"'); log: /nethome/rbansal66/CS4803ARM_Lab/user_data/armory/logs/workstation_14-listener.log'"'"'; exit 0; fi; docker exec piper_env rm -f /tmp/armory_listener.pid >/dev/null 2>&1 || true; printf '"'"'\n[%s] Starting data listener: ros2 launch run_follower.launch.py\n'"'"' "$(date '"'"'+%F %T'"'"')" >> /nethome/rbansal66/CS4803ARM_Lab/user_data/armory/logs/workstation_14-listener.log; nohup docker exec piper_env bash -lc '"'"'if command -v setsid >/dev/null 2>&1; then exec setsid bash -ic '"'"'"'"'"'"'"'"'source ~/.bashrc; cd /CS4803ARM_Lab/user_data/data_collection || exit 1; echo $$ > /tmp/armory_listener.pid; exec ros2 launch run_follower.launch.py'"'"'"'"'"'"'"'"'; else exec bash -ic '"'"'"'"'"'"'"'"'source ~/.bashrc; cd /CS4803ARM_Lab/user_data/data_collection || exit 1; echo $$ > /tmp/armory_listener.pid; exec ros2 launch run_follower.launch.py'"'"'"'"'"'"'"'"'; fi'"'"' >> /nethome/rbansal66/CS4803ARM_Lab/user_data/armory/logs/workstation_14-listener.log 2>&1 < /dev/null & host_pid=$!; echo $host_pid > /tmp/armory_listener_docker_exec.pid; sleep 0.5; if kill -0 "$host_pid" >/dev/null 2>&1; then pid=$(docker exec piper_env cat /tmp/armory_listener.pid 2>/dev/null || echo "$host_pid"); echo '"'"'data listener started (pid '"'"'"$pid"'"'"'); log: /nethome/rbansal66/CS4803ARM_Lab/user_data/armory/logs/workstation_14-listener.log'"'"'; else rm -f /tmp/armory_listener_docker_exec.pid; echo '"'"'data listener exited immediately; check log: /nethome/rbansal66/CS4803ARM_Lab/user_data/armory/logs/workstation_14-listener.log'"'"' >&2; tail -n 20 /nethome/rbansal66/CS4803ARM_Lab/user_data/armory/logs/workstation_14-listener.log >&2 || true; exit 1; fi'
2026-04-15 00:02:34,309 [INFO] Starting Piper client with command: bash -lc 'mkdir -p /nethome/rbansal66/CS4803ARM_Lab/user_data/armory/logs; touch /nethome/rbansal66/CS4803ARM_Lab/user_data/armory/logs/workstation_14-client.log || exit 1; if ! docker ps --filter name=piper_env -q | grep -q .; then echo '"'"'piper_env is not running'"'"' >&2; exit 1; fi; if docker exec piper_env bash -lc '"'"'if [ -s /tmp/armory_client.pid ]; then pid=$(cat /tmp/armory_client.pid); kill -0 "$pid" >/dev/null 2>&1; else exit 1; fi'"'"'; then pid=$(docker exec piper_env cat /tmp/armory_client.pid); echo '"'"'Piper client already running (pid '"'"'"$pid"'"'"'); log: /nethome/rbansal66/CS4803ARM_Lab/user_data/armory/logs/workstation_14-client.log'"'"'; exit 0; fi; docker exec piper_env rm -f /tmp/armory_client.pid >/dev/null 2>&1 || true; printf '"'"'\n[%s] Starting Piper client: ros2 run piper piper_test_client\n'"'"' "$(date '"'"'+%F %T'"'"')" >> /nethome/rbansal66/CS4803ARM_Lab/user_data/armory/logs/workstation_14-client.log; nohup docker exec piper_env bash -lc '"'"'if command -v setsid >/dev/null 2>&1; then exec setsid bash -ic '"'"'"'"'"'"'"'"'source ~/.bashrc; cd /CS4803ARM_Lab/user_data/piper_ros || exit 1; echo $$ > /tmp/armory_client.pid; exec ros2 run piper piper_test_client'"'"'"'"'"'"'"'"'; else exec bash -ic '"'"'"'"'"'"'"'"'source ~/.bashrc; cd /CS4803ARM_Lab/user_data/piper_ros || exit 1; echo $$ > /tmp/armory_client.pid; exec ros2 run piper piper_test_client'"'"'"'"'"'"'"'"'; fi'"'"' >> /nethome/rbansal66/CS4803ARM_Lab/user_data/armory/logs/workstation_14-client.log 2>&1 < /dev/null & host_pid=$!; echo $host_pid > /tmp/armory_client_docker_exec.pid; sleep 0.5; if kill -0 "$host_pid" >/dev/null 2>&1; then pid=$(docker exec piper_env cat /tmp/armory_client.pid 2>/dev/null || echo "$host_pid"); echo '"'"'Piper client started (pid '"'"'"$pid"'"'"'); log: /nethome/rbansal66/CS4803ARM_Lab/user_data/armory/logs/workstation_14-client.log'"'"'; else rm -f /tmp/armory_client_docker_exec.pid; echo '"'"'Piper client exited immediately; check log: /nethome/rbansal66/CS4803ARM_Lab/user_data/armory/logs/workstation_14-client.log'"'"' >&2; tail -n 20 /nethome/rbansal66/CS4803ARM_Lab/user_data/armory/logs/workstation_14-client.log >&2 || true; exit 1; fi'
2026-04-15 00:03:08,979 [INFO] Stopping Piper client with command: bash -lc 'mkdir -p /nethome/rbansal66/CS4803ARM_Lab/user_data/armory/logs; touch /nethome/rbansal66/CS4803ARM_Lab/user_data/armory/logs/workstation_14-client.log || exit 1; printf '"'"'\n[%s] Stopping Piper client\n'"'"' "$(date '"'"'+%F %T'"'"')" >> /nethome/rbansal66/CS4803ARM_Lab/user_data/armory/logs/workstation_14-client.log; if docker ps --filter name=piper_env -q | grep -q .; then docker exec piper_env bash -lc '"'"'if [ -s /tmp/armory_client.pid ]; then pid=$(cat /tmp/armory_client.pid); kill -- -"$pid" >/dev/null 2>&1 || kill "$pid" >/dev/null 2>&1 || true; sleep 0.5; kill -9 -- -"$pid" >/dev/null 2>&1 || kill -9 "$pid" >/dev/null 2>&1 || true; rm -f /tmp/armory_client.pid; fi; pkill -f '"'"'"'"'"'"'"'"'[r]os2\ run\ piper\ piper_test_client'"'"'"'"'"'"'"'"' >/dev/null 2>&1 || true'"'"' >> /nethome/rbansal66/CS4803ARM_Lab/user_data/armory/logs/workstation_14-client.log 2>&1 || true; else echo '"'"'piper_env is not running'"'"' >> /nethome/rbansal66/CS4803ARM_Lab/user_data/armory/logs/workstation_14-client.log; fi; if [ -s /tmp/armory_client_docker_exec.pid ]; then host_pid=$(cat /tmp/armory_client_docker_exec.pid); kill "$host_pid" >/dev/null 2>&1 || true; rm -f /tmp/armory_client_docker_exec.pid; fi; echo '"'"'Piper client stopped; log: /nethome/rbansal66/CS4803ARM_Lab/user_data/armory/logs/workstation_14-client.log'"'"''
2026-04-15 00:05:35,329 [INFO] Starting data listener with command: bash -lc 'mkdir -p /nethome/rbansal66/CS4803ARM_Lab/user_data/armory/logs; touch /nethome/rbansal66/CS4803ARM_Lab/user_data/armory/logs/workstation_14-listener.log || exit 1; if ! docker ps --filter name=piper_env -q | grep -q .; then echo '"'"'piper_env is not running'"'"' >&2; exit 1; fi; if docker exec piper_env bash -lc '"'"'if [ -s /tmp/armory_listener.pid ]; then pid=$(cat /tmp/armory_listener.pid); kill -0 "$pid" >/dev/null 2>&1; else exit 1; fi'"'"'; then pid=$(docker exec piper_env cat /tmp/armory_listener.pid); echo '"'"'data listener already running (pid '"'"'"$pid"'"'"'); log: /nethome/rbansal66/CS4803ARM_Lab/user_data/armory/logs/workstation_14-listener.log'"'"'; exit 0; fi; docker exec piper_env rm -f /tmp/armory_listener.pid >/dev/null 2>&1 || true; printf '"'"'\n[%s] Starting data listener: ros2 launch run_follower.launch.py\n'"'"' "$(date '"'"'+%F %T'"'"')" >> /nethome/rbansal66/CS4803ARM_Lab/user_data/armory/logs/workstation_14-listener.log; nohup docker exec piper_env bash -lc '"'"'if command -v setsid >/dev/null 2>&1; then exec setsid bash -ic '"'"'"'"'"'"'"'"'source ~/.bashrc; cd /CS4803ARM_Lab/user_data/data_collection || exit 1; echo $$ > /tmp/armory_listener.pid; exec ros2 launch run_follower.launch.py'"'"'"'"'"'"'"'"'; else exec bash -ic '"'"'"'"'"'"'"'"'source ~/.bashrc; cd /CS4803ARM_Lab/user_data/data_collection || exit 1; echo $$ > /tmp/armory_listener.pid; exec ros2 launch run_follower.launch.py'"'"'"'"'"'"'"'"'; fi'"'"' >> /nethome/rbansal66/CS4803ARM_Lab/user_data/armory/logs/workstation_14-listener.log 2>&1 < /dev/null & host_pid=$!; echo $host_pid > /tmp/armory_listener_docker_exec.pid; sleep 0.5; if kill -0 "$host_pid" >/dev/null 2>&1; then pid=$(docker exec piper_env cat /tmp/armory_listener.pid 2>/dev/null || echo "$host_pid"); echo '"'"'data listener started (pid '"'"'"$pid"'"'"'); log: /nethome/rbansal66/CS4803ARM_Lab/user_data/armory/logs/workstation_14-listener.log'"'"'; else rm -f /tmp/armory_listener_docker_exec.pid; echo '"'"'data listener exited immediately; check log: /nethome/rbansal66/CS4803ARM_Lab/user_data/armory/logs/workstation_14-listener.log'"'"' >&2; tail -n 20 /nethome/rbansal66/CS4803ARM_Lab/user_data/armory/logs/workstation_14-listener.log >&2 || true; exit 1; fi'
2026-04-15 00:05:47,395 [INFO] Stopping data listener with command: bash -lc 'mkdir -p /nethome/rbansal66/CS4803ARM_Lab/user_data/armory/logs; touch /nethome/rbansal66/CS4803ARM_Lab/user_data/armory/logs/workstation_14-listener.log || exit 1; printf '"'"'\n[%s] Stopping data listener\n'"'"' "$(date '"'"'+%F %T'"'"')" >> /nethome/rbansal66/CS4803ARM_Lab/user_data/armory/logs/workstation_14-listener.log; if docker ps --filter name=piper_env -q | grep -q .; then docker exec piper_env bash -lc '"'"'if [ -s /tmp/armory_listener.pid ]; then pid=$(cat /tmp/armory_listener.pid); kill -- -"$pid" >/dev/null 2>&1 || kill "$pid" >/dev/null 2>&1 || true; sleep 0.5; kill -9 -- -"$pid" >/dev/null 2>&1 || kill -9 "$pid" >/dev/null 2>&1 || true; rm -f /tmp/armory_listener.pid; fi; pkill -f '"'"'"'"'"'"'"'"'[r]os2\ launch\ run_follower\.launch\.py'"'"'"'"'"'"'"'"' >/dev/null 2>&1 || true'"'"' >> /nethome/rbansal66/CS4803ARM_Lab/user_data/armory/logs/workstation_14-listener.log 2>&1 || true; else echo '"'"'piper_env is not running'"'"' >> /nethome/rbansal66/CS4803ARM_Lab/user_data/armory/logs/workstation_14-listener.log; fi; if [ -s /tmp/armory_listener_docker_exec.pid ]; then host_pid=$(cat /tmp/armory_listener_docker_exec.pid); kill "$host_pid" >/dev/null 2>&1 || true; rm -f /tmp/armory_listener_docker_exec.pid; fi; echo '"'"'data listener stopped; log: /nethome/rbansal66/CS4803ARM_Lab/user_data/armory/logs/workstation_14-listener.log'"'"''
2026-04-15 00:05:57,910 [INFO] Starting data listener with command: bash -lc 'mkdir -p /nethome/rbansal66/CS4803ARM_Lab/user_data/armory/logs; touch /nethome/rbansal66/CS4803ARM_Lab/user_data/armory/logs/workstation_14-listener.log || exit 1; if ! docker ps --filter name=piper_env -q | grep -q .; then echo '"'"'piper_env is not running'"'"' >&2; exit 1; fi; if docker exec piper_env bash -lc '"'"'if [ -s /tmp/armory_listener.pid ]; then pid=$(cat /tmp/armory_listener.pid); kill -0 "$pid" >/dev/null 2>&1; else exit 1; fi'"'"'; then pid=$(docker exec piper_env cat /tmp/armory_listener.pid); echo '"'"'data listener already running (pid '"'"'"$pid"'"'"'); log: /nethome/rbansal66/CS4803ARM_Lab/user_data/armory/logs/workstation_14-listener.log'"'"'; exit 0; fi; docker exec piper_env rm -f /tmp/armory_listener.pid >/dev/null 2>&1 || true; printf '"'"'\n[%s] Starting data listener: ros2 launch run_follower.launch.py\n'"'"' "$(date '"'"'+%F %T'"'"')" >> /nethome/rbansal66/CS4803ARM_Lab/user_data/armory/logs/workstation_14-listener.log; nohup docker exec piper_env bash -lc '"'"'if command -v setsid >/dev/null 2>&1; then exec setsid bash -ic '"'"'"'"'"'"'"'"'source ~/.bashrc; cd /CS4803ARM_Lab/user_data/data_collection || exit 1; echo $$ > /tmp/armory_listener.pid; exec ros2 launch run_follower.launch.py'"'"'"'"'"'"'"'"'; else exec bash -ic '"'"'"'"'"'"'"'"'source ~/.bashrc; cd /CS4803ARM_Lab/user_data/data_collection || exit 1; echo $$ > /tmp/armory_listener.pid; exec ros2 launch run_follower.launch.py'"'"'"'"'"'"'"'"'; fi'"'"' >> /nethome/rbansal66/CS4803ARM_Lab/user_data/armory/logs/workstation_14-listener.log 2>&1 < /dev/null & host_pid=$!; echo $host_pid > /tmp/armory_listener_docker_exec.pid; sleep 0.5; if kill -0 "$host_pid" >/dev/null 2>&1; then pid=$(docker exec piper_env cat /tmp/armory_listener.pid 2>/dev/null || echo "$host_pid"); echo '"'"'data listener started (pid '"'"'"$pid"'"'"'); log: /nethome/rbansal66/CS4803ARM_Lab/user_data/armory/logs/workstation_14-listener.log'"'"'; else rm -f /tmp/armory_listener_docker_exec.pid; echo '"'"'data listener exited immediately; check log: /nethome/rbansal66/CS4803ARM_Lab/user_data/armory/logs/workstation_14-listener.log'"'"' >&2; tail -n 20 /nethome/rbansal66/CS4803ARM_Lab/user_data/armory/logs/workstation_14-listener.log >&2 || true; exit 1; fi'
2026-04-15 00:06:39,121 [INFO] Starting Piper client with command: bash -lc 'mkdir -p /nethome/rbansal66/CS4803ARM_Lab/user_data/armory/logs; touch /nethome/rbansal66/CS4803ARM_Lab/user_data/armory/logs/workstation_14-client.log || exit 1; if ! docker ps --filter name=piper_env -q | grep -q .; then echo '"'"'piper_env is not running'"'"' >&2; exit 1; fi; if docker exec piper_env bash -lc '"'"'if [ -s /tmp/armory_client.pid ]; then pid=$(cat /tmp/armory_client.pid); kill -0 "$pid" >/dev/null 2>&1; else exit 1; fi'"'"'; then pid=$(docker exec piper_env cat /tmp/armory_client.pid); echo '"'"'Piper client already running (pid '"'"'"$pid"'"'"'); log: /nethome/rbansal66/CS4803ARM_Lab/user_data/armory/logs/workstation_14-client.log'"'"'; exit 0; fi; docker exec piper_env rm -f /tmp/armory_client.pid >/dev/null 2>&1 || true; printf '"'"'\n[%s] Starting Piper client: ros2 run piper piper_test_client\n'"'"' "$(date '"'"'+%F %T'"'"')" >> /nethome/rbansal66/CS4803ARM_Lab/user_data/armory/logs/workstation_14-client.log; nohup docker exec piper_env bash -lc '"'"'if command -v setsid >/dev/null 2>&1; then exec setsid bash -ic '"'"'"'"'"'"'"'"'source ~/.bashrc; cd /CS4803ARM_Lab/user_data/piper_ros || exit 1; echo $$ > /tmp/armory_client.pid; exec ros2 run piper piper_test_client'"'"'"'"'"'"'"'"'; else exec bash -ic '"'"'"'"'"'"'"'"'source ~/.bashrc; cd /CS4803ARM_Lab/user_data/piper_ros || exit 1; echo $$ > /tmp/armory_client.pid; exec ros2 run piper piper_test_client'"'"'"'"'"'"'"'"'; fi'"'"' >> /nethome/rbansal66/CS4803ARM_Lab/user_data/armory/logs/workstation_14-client.log 2>&1 < /dev/null & host_pid=$!; echo $host_pid > /tmp/armory_client_docker_exec.pid; sleep 0.5; if kill -0 "$host_pid" >/dev/null 2>&1; then pid=$(docker exec piper_env cat /tmp/armory_client.pid 2>/dev/null || echo "$host_pid"); echo '"'"'Piper client started (pid '"'"'"$pid"'"'"'); log: /nethome/rbansal66/CS4803ARM_Lab/user_data/armory/logs/workstation_14-client.log'"'"'; else rm -f /tmp/armory_client_docker_exec.pid; echo '"'"'Piper client exited immediately; check log: /nethome/rbansal66/CS4803ARM_Lab/user_data/armory/logs/workstation_14-client.log'"'"' >&2; tail -n 20 /nethome/rbansal66/CS4803ARM_Lab/user_data/armory/logs/workstation_14-client.log >&2 || true; exit 1; fi'
2026-04-15 00:06:48,373 [INFO] Stopping Piper client with command: bash -lc 'mkdir -p /nethome/rbansal66/CS4803ARM_Lab/user_data/armory/logs; touch /nethome/rbansal66/CS4803ARM_Lab/user_data/armory/logs/workstation_14-client.log || exit 1; printf '"'"'\n[%s] Stopping Piper client\n'"'"' "$(date '"'"'+%F %T'"'"')" >> /nethome/rbansal66/CS4803ARM_Lab/user_data/armory/logs/workstation_14-client.log; if docker ps --filter name=piper_env -q | grep -q .; then docker exec piper_env bash -lc '"'"'if [ -s /tmp/armory_client.pid ]; then pid=$(cat /tmp/armory_client.pid); kill -- -"$pid" >/dev/null 2>&1 || kill "$pid" >/dev/null 2>&1 || true; sleep 0.5; kill -9 -- -"$pid" >/dev/null 2>&1 || kill -9 "$pid" >/dev/null 2>&1 || true; rm -f /tmp/armory_client.pid; fi; pkill -f '"'"'"'"'"'"'"'"'[r]os2\ run\ piper\ piper_test_client'"'"'"'"'"'"'"'"' >/dev/null 2>&1 || true'"'"' >> /nethome/rbansal66/CS4803ARM_Lab/user_data/armory/logs/workstation_14-client.log 2>&1 || true; else echo '"'"'piper_env is not running'"'"' >> /nethome/rbansal66/CS4803ARM_Lab/user_data/armory/logs/workstation_14-client.log; fi; if [ -s /tmp/armory_client_docker_exec.pid ]; then host_pid=$(cat /tmp/armory_client_docker_exec.pid); kill "$host_pid" >/dev/null 2>&1 || true; rm -f /tmp/armory_client_docker_exec.pid; fi; echo '"'"'Piper client stopped; log: /nethome/rbansal66/CS4803ARM_Lab/user_data/armory/logs/workstation_14-client.log'"'"''
2026-04-15 00:06:57,240 [INFO] Executing: docker exec piper_env bash -ic 'source ~/.bashrc && p goto init'
2026-04-15 00:06:58,951 [INFO] stdout: Go to init complete.
2026-04-15 00:06:58,951 [WARNING] stderr: bash: cannot set terminal process group (-1): Inappropriate ioctl for device
bash: no job control in this shell
2026-04-15 00:07:18,722 [INFO] Executing: docker exec piper_env bash -ic 'source ~/.bashrc && p goto zero'
2026-04-15 00:07:20,432 [INFO] stdout: Go to zero complete.
2026-04-15 00:07:20,532 [WARNING] stderr: bash: cannot set terminal process group (-1): Inappropriate ioctl for device
bash: no job control in this shell
2026-04-15 00:07:37,190 [INFO] Executing: docker exec piper_env bash -ic 'source ~/.bashrc && p goto init'
2026-04-15 00:07:39,101 [INFO] stdout: Go to init complete.
2026-04-15 00:07:39,101 [WARNING] stderr: bash: cannot set terminal process group (-1): Inappropriate ioctl for device
bash: no job control in this shell
2026-04-15 00:07:43,284 [INFO] Starting Piper client with command: bash -lc 'mkdir -p /nethome/rbansal66/CS4803ARM_Lab/user_data/armory/logs; touch /nethome/rbansal66/CS4803ARM_Lab/user_data/armory/logs/workstation_14-client.log || exit 1; if ! docker ps --filter name=piper_env -q | grep -q .; then echo '"'"'piper_env is not running'"'"' >&2; exit 1; fi; if docker exec piper_env bash -lc '"'"'if [ -s /tmp/armory_client.pid ]; then pid=$(cat /tmp/armory_client.pid); kill -0 "$pid" >/dev/null 2>&1; else exit 1; fi'"'"'; then pid=$(docker exec piper_env cat /tmp/armory_client.pid); echo '"'"'Piper client already running (pid '"'"'"$pid"'"'"'); log: /nethome/rbansal66/CS4803ARM_Lab/user_data/armory/logs/workstation_14-client.log'"'"'; exit 0; fi; docker exec piper_env rm -f /tmp/armory_client.pid >/dev/null 2>&1 || true; printf '"'"'\n[%s] Starting Piper client: ros2 run piper piper_test_client\n'"'"' "$(date '"'"'+%F %T'"'"')" >> /nethome/rbansal66/CS4803ARM_Lab/user_data/armory/logs/workstation_14-client.log; nohup docker exec piper_env bash -lc '"'"'if command -v setsid >/dev/null 2>&1; then exec setsid bash -ic '"'"'"'"'"'"'"'"'source ~/.bashrc; cd /CS4803ARM_Lab/user_data/piper_ros || exit 1; echo $$ > /tmp/armory_client.pid; exec ros2 run piper piper_test_client'"'"'"'"'"'"'"'"'; else exec bash -ic '"'"'"'"'"'"'"'"'source ~/.bashrc; cd /CS4803ARM_Lab/user_data/piper_ros || exit 1; echo $$ > /tmp/armory_client.pid; exec ros2 run piper piper_test_client'"'"'"'"'"'"'"'"'; fi'"'"' >> /nethome/rbansal66/CS4803ARM_Lab/user_data/armory/logs/workstation_14-client.log 2>&1 < /dev/null & host_pid=$!; echo $host_pid > /tmp/armory_client_docker_exec.pid; sleep 0.5; if kill -0 "$host_pid" >/dev/null 2>&1; then pid=$(docker exec piper_env cat /tmp/armory_client.pid 2>/dev/null || echo "$host_pid"); echo '"'"'Piper client started (pid '"'"'"$pid"'"'"'); log: /nethome/rbansal66/CS4803ARM_Lab/user_data/armory/logs/workstation_14-client.log'"'"'; else rm -f /tmp/armory_client_docker_exec.pid; echo '"'"'Piper client exited immediately; check log: /nethome/rbansal66/CS4803ARM_Lab/user_data/armory/logs/workstation_14-client.log'"'"' >&2; tail -n 20 /nethome/rbansal66/CS4803ARM_Lab/user_data/armory/logs/workstation_14-client.log >&2 || true; exit 1; fi'
2026-04-15 00:08:42,661 [INFO] Stopping Piper client with command: bash -lc 'mkdir -p /nethome/rbansal66/CS4803ARM_Lab/user_data/armory/logs; touch /nethome/rbansal66/CS4803ARM_Lab/user_data/armory/logs/workstation_14-client.log || exit 1; printf '"'"'\n[%s] Stopping Piper client\n'"'"' "$(date '"'"'+%F %T'"'"')" >> /nethome/rbansal66/CS4803ARM_Lab/user_data/armory/logs/workstation_14-client.log; if docker ps --filter name=piper_env -q | grep -q .; then docker exec piper_env bash -lc '"'"'if [ -s /tmp/armory_client.pid ]; then pid=$(cat /tmp/armory_client.pid); kill -- -"$pid" >/dev/null 2>&1 || kill "$pid" >/dev/null 2>&1 || true; sleep 0.5; kill -9 -- -"$pid" >/dev/null 2>&1 || kill -9 "$pid" >/dev/null 2>&1 || true; rm -f /tmp/armory_client.pid; fi; pkill -f '"'"'"'"'"'"'"'"'[r]os2\ run\ piper\ piper_test_client'"'"'"'"'"'"'"'"' >/dev/null 2>&1 || true'"'"' >> /nethome/rbansal66/CS4803ARM_Lab/user_data/armory/logs/workstation_14-client.log 2>&1 || true; else echo '"'"'piper_env is not running'"'"' >> /nethome/rbansal66/CS4803ARM_Lab/user_data/armory/logs/workstation_14-client.log; fi; if [ -s /tmp/armory_client_docker_exec.pid ]; then host_pid=$(cat /tmp/armory_client_docker_exec.pid); kill "$host_pid" >/dev/null 2>&1 || true; rm -f /tmp/armory_client_docker_exec.pid; fi; echo '"'"'Piper client stopped; log: /nethome/rbansal66/CS4803ARM_Lab/user_data/armory/logs/workstation_14-client.log'"'"''
2026-04-15 00:08:52,187 [INFO] Executing: docker exec piper_env bash -ic 'source ~/.bashrc && p goto init'
2026-04-15 00:08:53,896 [INFO] stdout: Go to init complete.
2026-04-15 00:08:53,896 [WARNING] stderr: bash: cannot set terminal process group (-1): Inappropriate ioctl for device
bash: no job control in this shell
2026-04-15 00:08:59,283 [INFO] Executing: docker exec piper_env bash -ic 'source ~/.bashrc && p goto zero'
2026-04-15 00:09:00,994 [INFO] stdout: Go to zero complete.
2026-04-15 00:09:00,994 [WARNING] stderr: bash: cannot set terminal process group (-1): Inappropriate ioctl for device
bash: no job control in this shell
2026-04-15 00:09:16,968 [INFO] Stopping data listener with command: bash -lc 'mkdir -p /nethome/rbansal66/CS4803ARM_Lab/user_data/armory/logs; touch /nethome/rbansal66/CS4803ARM_Lab/user_data/armory/logs/workstation_14-listener.log || exit 1; printf '"'"'\n[%s] Stopping data listener\n'"'"' "$(date '"'"'+%F %T'"'"')" >> /nethome/rbansal66/CS4803ARM_Lab/user_data/armory/logs/workstation_14-listener.log; if docker ps --filter name=piper_env -q | grep -q .; then docker exec piper_env bash -lc '"'"'if [ -s /tmp/armory_listener.pid ]; then pid=$(cat /tmp/armory_listener.pid); kill -- -"$pid" >/dev/null 2>&1 || kill "$pid" >/dev/null 2>&1 || true; sleep 0.5; kill -9 -- -"$pid" >/dev/null 2>&1 || kill -9 "$pid" >/dev/null 2>&1 || true; rm -f /tmp/armory_listener.pid; fi; pkill -f '"'"'"'"'"'"'"'"'[r]os2\ launch\ run_follower\.launch\.py'"'"'"'"'"'"'"'"' >/dev/null 2>&1 || true'"'"' >> /nethome/rbansal66/CS4803ARM_Lab/user_data/armory/logs/workstation_14-listener.log 2>&1 || true; else echo '"'"'piper_env is not running'"'"' >> /nethome/rbansal66/CS4803ARM_Lab/user_data/armory/logs/workstation_14-listener.log; fi; if [ -s /tmp/armory_listener_docker_exec.pid ]; then host_pid=$(cat /tmp/armory_listener_docker_exec.pid); kill "$host_pid" >/dev/null 2>&1 || true; rm -f /tmp/armory_listener_docker_exec.pid; fi; echo '"'"'data listener stopped; log: /nethome/rbansal66/CS4803ARM_Lab/user_data/armory/logs/workstation_14-listener.log'"'"''
2026-04-15 00:10:20,591 [INFO] Executing: docker exec piper_env bash -ic 'source ~/.bashrc && p goto reset'
2026-04-15 00:10:22,101 [INFO] stdout: Go to reset complete.
2026-04-15 00:10:22,101 [WARNING] stderr: bash: cannot set terminal process group (-1): Inappropriate ioctl for device
bash: no job control in this shell
2026-04-15 00:10:23,314 [INFO] Executing: docker exec piper_env bash -ic 'source ~/.bashrc && p disable'
2026-04-15 00:10:24,019 [INFO] stdout: 失能成功!!!!
Piper disable sequence complete.
2026-04-15 00:10:24,019 [WARNING] stderr: bash: cannot set terminal process group (-1): Inappropriate ioctl for device
bash: no job control in this shell
2026-04-15 00:11:37,702 [INFO] Executing: docker exec piper_env bash -ic 'source ~/.bashrc && p goto reset'
2026-04-15 00:11:39,415 [INFO] stdout: Go to reset complete.
2026-04-15 00:11:39,415 [WARNING] stderr: bash: cannot set terminal process group (-1): Inappropriate ioctl for device
bash: no job control in this shell
2026-04-15 00:11:40,425 [INFO] Executing: docker exec piper_env bash -ic 'source ~/.bashrc && p disable'
2026-04-15 00:11:41,231 [INFO] stdout: 失能成功!!!!
Piper disable sequence complete.
2026-04-15 00:11:41,231 [WARNING] stderr: bash: cannot set terminal process group (-1): Inappropriate ioctl for device
bash: no job control in this shell
2026-04-15 00:11:43,049 [INFO] Killing tunnel with command: bash -lc 'ssh -S /tmp/armory_tunnel_dave_8080.sock -O exit rbansal66@dave >/dev/null 2>&1 || true; rm -f /tmp/armory_tunnel_dave_8080.sock; if command -v pkill >/dev/null 2>&1; then pkill -f '"'"'[s]sh .* -L 8080:dave:8080 .*rbansal66@dave'"'"' >/dev/null 2>&1 || true; fi; echo '"'"'Tunnel stopped'"'"''
2026-04-15 00:11:44,463 [INFO] Container stopped and removed
2026-04-18 17:21:49,650 [INFO] Docker container not running — status: offline
2026-04-18 17:21:59,792 [INFO] Starting Docker container in detached mode
2026-04-18 17:22:00,296 [INFO] docker run output: a9858c5f23a423a6ca4242f2233051928bedbb0056737b9b71ef426aac4bcc90
2026-04-18 17:22:03,423 [INFO] Container started successfully
2026-04-18 17:22:10,066 [INFO] Executing: docker exec piper_env bash -ic 'source ~/.bashrc && p enable'
2026-04-18 17:22:10,773 [INFO] stdout: Piper enable sequence complete.
2026-04-18 17:22:10,773 [WARNING] stderr: bash: cannot set terminal process group (-1): Inappropriate ioctl for device
bash: no job control in this shell
bash: /piper_sdk/piper_sdk/can_activate.sh can0 1000000: No such file or directory
[2026-04-18 21:22:10] [ERROR] [PIPER] [{'can0': <piper_sdk.interface.piper_interface_v2.C_PiperInterface_V2 object at 0x7fe437a165f0>}] CAN port can0 is not UP.
Traceback (most recent call last):
  File "/usr/local/lib/python3.10/dist-packages/piper_sdk/interface/piper_interface_v2.py", line 418, in __init__
    self.__arm_can=C_STD_CAN(can_name, "socketcan", 1000000, judge_flag, True, self.ParseCANFrame)
  File "/usr/local/lib/python3.10/dist-packages/piper_sdk/hardware_port/can_encapsulation_v0_4_0.py", line 96, in __init__
    self.JudgeCanInfo()
  File "/usr/local/lib/python3.10/dist-packages/piper_sdk/hardware_port/can_encapsulation_v0_4_0.py", line 155, in JudgeCanInfo
    raise RuntimeError(f"CAN port {self.channel_name} is not UP.")
RuntimeError: CAN port can0 is not UP.

During handling of the above exception, another exception occurred:

Traceback (most recent call last):
  File "/piper_sdk/piper_sdk/demo/V2/piper_ctrl_enable.py", line 13, in <module>
    piper = C_PiperInterface_V2()
  File "/usr/local/lib/python3.10/dist-packages/piper_sdk/interface/piper_interface_v2.py", line 423, in __init__
    raise ConnectionError("['%s' Interface __init__ ERROR]" % can_name)
ConnectionError: ['can0' Interface __init__ ERROR]
2026-04-18 17:22:11,985 [INFO] Executing: docker exec piper_env bash -ic 'source ~/.bashrc && p goto init'
2026-04-18 17:22:12,490 [WARNING] stderr: bash: cannot set terminal process group (-1): Inappropriate ioctl for device
bash: no job control in this shell
[2026-04-18 21:22:12] [ERROR] [PIPER] [{'can0': <piper_sdk.interface.piper_interface.C_PiperInterface object at 0x761b6e6b1a80>}] CAN port can0 is not UP.
Error: ['can0' Interface __init__ ERROR]
2026-04-18 17:22:27,700 [INFO] Executing: docker exec piper_env bash -ic 'source ~/.bashrc && p enable'
2026-04-18 17:22:28,609 [INFO] stdout: Piper enable sequence complete.
2026-04-18 17:22:28,609 [WARNING] stderr: bash: cannot set terminal process group (-1): Inappropriate ioctl for device
bash: no job control in this shell
bash: /piper_sdk/piper_sdk/can_activate.sh can0 1000000: No such file or directory
[2026-04-18 21:22:28] [ERROR] [PIPER] [{'can0': <piper_sdk.interface.piper_interface_v2.C_PiperInterface_V2 object at 0x71baac2c25f0>}] CAN port can0 is not UP.
Traceback (most recent call last):
  File "/usr/local/lib/python3.10/dist-packages/piper_sdk/interface/piper_interface_v2.py", line 418, in __init__
    self.__arm_can=C_STD_CAN(can_name, "socketcan", 1000000, judge_flag, True, self.ParseCANFrame)
  File "/usr/local/lib/python3.10/dist-packages/piper_sdk/hardware_port/can_encapsulation_v0_4_0.py", line 96, in __init__
    self.JudgeCanInfo()
  File "/usr/local/lib/python3.10/dist-packages/piper_sdk/hardware_port/can_encapsulation_v0_4_0.py", line 155, in JudgeCanInfo
    raise RuntimeError(f"CAN port {self.channel_name} is not UP.")
RuntimeError: CAN port can0 is not UP.

During handling of the above exception, another exception occurred:

Traceback (most recent call last):
  File "/piper_sdk/piper_sdk/demo/V2/piper_ctrl_enable.py", line 13, in <module>
    piper = C_PiperInterface_V2()
  File "/usr/local/lib/python3.10/dist-packages/piper_sdk/interface/piper_interface_v2.py", line 423, in __init__
    raise ConnectionError("['%s' Interface __init__ ERROR]" % can_name)
ConnectionError: ['can0' Interface __init__ ERROR]
2026-04-18 17:22:30,627 [INFO] Executing: docker exec piper_env bash -ic 'source ~/.bashrc && p goto init'
2026-04-18 17:22:31,131 [WARNING] stderr: bash: cannot set terminal process group (-1): Inappropriate ioctl for device
bash: no job control in this shell
[2026-04-18 21:22:31] [ERROR] [PIPER] [{'can0': <piper_sdk.interface.piper_interface.C_PiperInterface object at 0x714f8efada80>}] CAN port can0 is not UP.
Error: ['can0' Interface __init__ ERROR]
2026-04-18 17:22:39,882 [INFO] Executing: docker exec piper_env bash -ic 'source ~/.bashrc && p goto reset'
2026-04-18 17:22:40,689 [WARNING] stderr: bash: cannot set terminal process group (-1): Inappropriate ioctl for device
bash: no job control in this shell
[2026-04-18 21:22:40] [ERROR] [PIPER] [{'can0': <piper_sdk.interface.piper_interface.C_PiperInterface object at 0x708e08cb5a80>}] CAN port can0 is not UP.
Error: ['can0' Interface __init__ ERROR]
2026-04-18 17:22:42,607 [INFO] Executing: docker exec piper_env bash -ic 'source ~/.bashrc && p disable'
2026-04-18 17:22:43,919 [INFO] stdout: Piper disable sequence complete.
2026-04-18 17:22:43,919 [WARNING] stderr: bash: cannot set terminal process group (-1): Inappropriate ioctl for device
bash: no job control in this shell
[2026-04-18 21:22:43] [ERROR] [PIPER] [{'can0': <piper_sdk.interface.piper_interface_v2.C_PiperInterface_V2 object at 0x7a41c3d93c10>}] CAN port can0 is not UP.
Traceback (most recent call last):
  File "/usr/local/lib/python3.10/dist-packages/piper_sdk/interface/piper_interface_v2.py", line 418, in __init__
    self.__arm_can=C_STD_CAN(can_name, "socketcan", 1000000, judge_flag, True, self.ParseCANFrame)
  File "/usr/local/lib/python3.10/dist-packages/piper_sdk/hardware_port/can_encapsulation_v0_4_0.py", line 96, in __init__
    self.JudgeCanInfo()
  File "/usr/local/lib/python3.10/dist-packages/piper_sdk/hardware_port/can_encapsulation_v0_4_0.py", line 155, in JudgeCanInfo
    raise RuntimeError(f"CAN port {self.channel_name} is not UP.")
RuntimeError: CAN port can0 is not UP.

During handling of the above exception, another exception occurred:

Traceback (most recent call last):
  File "/piper_sdk/piper_sdk/demo/V2/piper_ctrl_reset.py", line 14, in <module>
    piper = C_PiperInterface_V2()
  File "/usr/local/lib/python3.10/dist-packages/piper_sdk/interface/piper_interface_v2.py", line 423, in __init__
    raise ConnectionError("['%s' Interface __init__ ERROR]" % can_name)
ConnectionError: ['can0' Interface __init__ ERROR]
[2026-04-18 21:22:43] [ERROR] [PIPER] [{'can0': <piper_sdk.interface.piper_interface_v2.C_PiperInterface_V2 object at 0x7f6b20b33c10>}] CAN port can0 is not UP.
Traceback (most recent call last):
  File "/usr/local/lib/python3.10/dist-packages/piper_sdk/interface/piper_interface_v2.py", line 418, in __init__
    self.__arm_can=C_STD_CAN(can_name, "socketcan", 1000000, judge_flag, True, self.ParseCANFrame)
  File "/usr/local/lib/python3.10/dist-packages/piper_sdk/hardware_port/can_encapsulation_v0_4_0.py", line 96, in __init__
    self.JudgeCanInfo()
  File "/usr/local/lib/python3.10/dist-packages/piper_sdk/hardware_port/can_encapsulation_v0_4_0.py", line 155, in JudgeCanInfo
    raise RuntimeError(f"CAN port {self.channel_name} is not UP.")
RuntimeError: CAN port can0 is not UP.

During handling of the above exception, another exception occurred:

Traceback (most recent call last):
  File "/piper_sdk/piper_sdk/demo/V2/piper_ctrl_disable.py", line 13, in <module>
    piper = C_PiperInterface_V2()
  File "/usr/local/lib/python3.10/dist-packages/piper_sdk/interface/piper_interface_v2.py", line 423, in __init__
    raise ConnectionError("['%s' Interface __init__ ERROR]" % can_name)
ConnectionError: ['can0' Interface __init__ ERROR]
2026-04-18 17:24:18,478 [INFO] Executing: docker exec piper_env bash -ic 'source ~/.bashrc && p goto reset'
2026-04-18 17:24:20,189 [INFO] stdout: Go to reset complete.
2026-04-18 17:24:20,290 [WARNING] stderr: bash: cannot set terminal process group (-1): Inappropriate ioctl for device
bash: no job control in this shell
2026-04-18 17:24:21,903 [INFO] Executing: docker exec piper_env bash -ic 'source ~/.bashrc && p disable'
2026-04-18 17:24:23,313 [INFO] stdout: 失能成功!!!!
Piper disable sequence complete.
2026-04-18 17:24:23,314 [WARNING] stderr: bash: cannot set terminal process group (-1): Inappropriate ioctl for device
bash: no job control in this shell
2026-04-18 17:24:26,584 [INFO] Executing: docker exec piper_env bash -ic 'source ~/.bashrc && p enable'
2026-04-18 17:24:27,491 [INFO] stdout: 使能成功!!!!
Piper enable sequence complete.
2026-04-18 17:24:27,492 [WARNING] stderr: bash: cannot set terminal process group (-1): Inappropriate ioctl for device
bash: no job control in this shell
bash: /piper_sdk/piper_sdk/can_activate.sh can0 1000000: No such file or directory
2026-04-18 17:24:29,308 [INFO] Executing: docker exec piper_env bash -ic 'source ~/.bashrc && p goto init'
2026-04-18 17:24:30,921 [INFO] stdout: Go to init complete.
2026-04-18 17:24:30,921 [WARNING] stderr: bash: cannot set terminal process group (-1): Inappropriate ioctl for device
bash: no job control in this shell
2026-04-18 17:24:38,812 [INFO] Executing: docker exec piper_env bash -ic 'source ~/.bashrc && p goto reset'
2026-04-18 17:24:40,420 [INFO] stdout: Go to reset complete.
2026-04-18 17:24:40,420 [WARNING] stderr: bash: cannot set terminal process group (-1): Inappropriate ioctl for device
bash: no job control in this shell
2026-04-18 17:24:42,338 [INFO] Executing: docker exec piper_env bash -ic 'source ~/.bashrc && p disable'
2026-04-18 17:24:43,145 [INFO] stdout: 失能成功!!!!
Piper disable sequence complete.
2026-04-18 17:24:43,145 [WARNING] stderr: bash: cannot set terminal process group (-1): Inappropriate ioctl for device
bash: no job control in this shell
2026-04-18 17:24:50,920 [INFO] Executing: docker exec piper_env bash -ic 'source ~/.bashrc && p enable'
2026-04-18 17:24:52,028 [INFO] stdout: 使能成功!!!!
Piper enable sequence complete.
2026-04-18 17:24:52,028 [WARNING] stderr: bash: cannot set terminal process group (-1): Inappropriate ioctl for device
bash: no job control in this shell
bash: /piper_sdk/piper_sdk/can_activate.sh can0 1000000: No such file or directory
2026-04-18 17:24:54,051 [INFO] Executing: docker exec piper_env bash -ic 'source ~/.bashrc && p goto init'
2026-04-18 17:24:55,963 [INFO] stdout: Go to init complete.
2026-04-18 17:24:55,963 [WARNING] stderr: bash: cannot set terminal process group (-1): Inappropriate ioctl for device
bash: no job control in this shell
2026-04-18 17:25:02,325 [INFO] Executing: docker exec piper_env bash -ic 'source ~/.bashrc && p goto init'
2026-04-18 17:25:03,935 [INFO] stdout: Go to init complete.
2026-04-18 17:25:04,035 [WARNING] stderr: bash: cannot set terminal process group (-1): Inappropriate ioctl for device
bash: no job control in this shell
2026-04-18 17:25:29,828 [INFO] Executing: docker exec piper_env bash -ic 'source ~/.bashrc && p goto reset'
2026-04-18 17:25:31,539 [INFO] stdout: Go to reset complete.
2026-04-18 17:25:31,539 [WARNING] stderr: bash: cannot set terminal process group (-1): Inappropriate ioctl for device
bash: no job control in this shell
2026-04-18 17:25:32,353 [INFO] Executing: docker exec piper_env bash -ic 'source ~/.bashrc && p disable'
2026-04-18 17:25:33,762 [INFO] stdout: 失能成功!!!!
Piper disable sequence complete.
2026-04-18 17:25:33,762 [WARNING] stderr: bash: cannot set terminal process group (-1): Inappropriate ioctl for device
bash: no job control in this shell
2026-04-18 17:25:37,253 [INFO] Executing: docker exec piper_env bash -ic 'source ~/.bashrc && p goto reset'
2026-04-18 17:25:38,765 [INFO] stdout: Go to reset complete.
2026-04-18 17:25:38,765 [WARNING] stderr: bash: cannot set terminal process group (-1): Inappropriate ioctl for device
bash: no job control in this shell
2026-04-18 17:25:40,281 [INFO] Executing: docker exec piper_env bash -ic 'source ~/.bashrc && p disable'
2026-04-18 17:25:41,794 [INFO] stdout: 失能成功!!!!
Piper disable sequence complete.
2026-04-18 17:25:41,794 [WARNING] stderr: bash: cannot set terminal process group (-1): Inappropriate ioctl for device
bash: no job control in this shell
2026-04-18 17:25:43,006 [INFO] Killing tunnel with command: bash -lc 'ssh -S /tmp/armory_tunnel_dave_8080.sock -O exit rbansal66@dave >/dev/null 2>&1 || true; rm -f /tmp/armory_tunnel_dave_8080.sock; if command -v pkill >/dev/null 2>&1; then pkill -f '"'"'[s]sh .* -L 8080:dave:8080 .*rbansal66@dave'"'"' >/dev/null 2>&1 || true; fi; echo '"'"'Tunnel stopped'"'"''
2026-04-18 17:25:45,026 [INFO] Container stopped and removed
2026-04-21 20:44:18,441 [INFO] Docker container not running — status: offline
2026-04-21 20:44:22,596 [INFO] Starting Docker container in detached mode
2026-04-21 20:44:23,202 [INFO] docker run output: 65648ba309a28fb3997482f107155b1839f3c73706ec0d02cbd46b25eda736d8
2026-04-21 20:44:25,516 [INFO] Container started successfully
2026-04-21 20:44:39,415 [INFO] Executing: docker exec piper_env bash -ic 'source ~/.bashrc && p enable'
2026-04-21 20:44:40,323 [INFO] stdout: 使能成功!!!!
Piper enable sequence complete.
2026-04-21 20:44:40,425 [WARNING] stderr: bash: cannot set terminal process group (-1): Inappropriate ioctl for device
bash: no job control in this shell
bash: /piper_sdk/piper_sdk/can_activate.sh can0 1000000: No such file or directory
2026-04-21 20:44:40,527 [INFO] Executing: docker exec piper_env bash -ic 'source ~/.bashrc && p goto init'
2026-04-21 20:44:42,239 [INFO] stdout: Go to init complete.
2026-04-21 20:44:42,440 [WARNING] stderr: bash: cannot set terminal process group (-1): Inappropriate ioctl for device
bash: no job control in this shell
2026-04-21 20:44:45,320 [INFO] Executing: docker exec piper_env bash -ic 'source ~/.bashrc && p goto zero'
2026-04-21 20:44:46,929 [INFO] stdout: Go to zero complete.
2026-04-21 20:44:46,929 [WARNING] stderr: bash: cannot set terminal process group (-1): Inappropriate ioctl for device
bash: no job control in this shell
2026-04-21 20:45:52,389 [INFO] Starting data listener with command: bash -lc 'mkdir -p /nethome/rbansal66/CS4803ARM_Lab/user_data/armory/logs; touch /nethome/rbansal66/CS4803ARM_Lab/user_data/armory/logs/workstation_14-listener.log || exit 1; if ! docker ps --filter name=piper_env -q | grep -q .; then echo '"'"'piper_env is not running'"'"' >&2; exit 1; fi; if docker exec piper_env bash -lc '"'"'if [ -s /tmp/armory_listener.pid ]; then pid=$(cat /tmp/armory_listener.pid); kill -0 "$pid" >/dev/null 2>&1; else exit 1; fi'"'"'; then pid=$(docker exec piper_env cat /tmp/armory_listener.pid); echo '"'"'data listener already running (pid '"'"'"$pid"'"'"'); log: /nethome/rbansal66/CS4803ARM_Lab/user_data/armory/logs/workstation_14-listener.log'"'"'; exit 0; fi; docker exec piper_env rm -f /tmp/armory_listener.pid >/dev/null 2>&1 || true; printf '"'"'\n[%s] Starting data listener: ros2 launch run_follower.launch.py\n'"'"' "$(date '"'"'+%F %T'"'"')" >> /nethome/rbansal66/CS4803ARM_Lab/user_data/armory/logs/workstation_14-listener.log; nohup docker exec piper_env bash -lc '"'"'if command -v setsid >/dev/null 2>&1; then exec setsid bash -ic '"'"'"'"'"'"'"'"'source ~/.bashrc; cd /CS4803ARM_Lab/user_data/data_collection || exit 1; echo $$ > /tmp/armory_listener.pid; exec ros2 launch run_follower.launch.py'"'"'"'"'"'"'"'"'; else exec bash -ic '"'"'"'"'"'"'"'"'source ~/.bashrc; cd /CS4803ARM_Lab/user_data/data_collection || exit 1; echo $$ > /tmp/armory_listener.pid; exec ros2 launch run_follower.launch.py'"'"'"'"'"'"'"'"'; fi'"'"' >> /nethome/rbansal66/CS4803ARM_Lab/user_data/armory/logs/workstation_14-listener.log 2>&1 < /dev/null & host_pid=$!; echo $host_pid > /tmp/armory_listener_docker_exec.pid; sleep 0.5; if kill -0 "$host_pid" >/dev/null 2>&1; then pid=$(docker exec piper_env cat /tmp/armory_listener.pid 2>/dev/null || echo "$host_pid"); echo '"'"'data listener started (pid '"'"'"$pid"'"'"'); log: /nethome/rbansal66/CS4803ARM_Lab/user_data/armory/logs/workstation_14-listener.log'"'"'; else rm -f /tmp/armory_listener_docker_exec.pid; echo '"'"'data listener exited immediately; check log: /nethome/rbansal66/CS4803ARM_Lab/user_data/armory/logs/workstation_14-listener.log'"'"' >&2; tail -n 20 /nethome/rbansal66/CS4803ARM_Lab/user_data/armory/logs/workstation_14-listener.log >&2 || true; exit 1; fi'
2026-04-21 20:46:15,366 [INFO] Executing: docker exec piper_env bash -ic 'source ~/.bashrc && p goto init'
2026-04-21 20:46:17,073 [INFO] stdout: Go to init complete.
2026-04-21 20:46:17,074 [WARNING] stderr: bash: cannot set terminal process group (-1): Inappropriate ioctl for device
bash: no job control in this shell
2026-04-21 20:46:29,977 [INFO] Starting Piper client with command: bash -lc 'mkdir -p /nethome/rbansal66/CS4803ARM_Lab/user_data/armory/logs; touch /nethome/rbansal66/CS4803ARM_Lab/user_data/armory/logs/workstation_14-client.log || exit 1; if ! docker ps --filter name=piper_env -q | grep -q .; then echo '"'"'piper_env is not running'"'"' >&2; exit 1; fi; if docker exec piper_env bash -lc '"'"'if [ -s /tmp/armory_client.pid ]; then pid=$(cat /tmp/armory_client.pid); kill -0 "$pid" >/dev/null 2>&1; else exit 1; fi'"'"'; then pid=$(docker exec piper_env cat /tmp/armory_client.pid); echo '"'"'Piper client already running (pid '"'"'"$pid"'"'"'); log: /nethome/rbansal66/CS4803ARM_Lab/user_data/armory/logs/workstation_14-client.log'"'"'; exit 0; fi; docker exec piper_env rm -f /tmp/armory_client.pid >/dev/null 2>&1 || true; printf '"'"'\n[%s] Starting Piper client: ros2 run piper piper_test_client\n'"'"' "$(date '"'"'+%F %T'"'"')" >> /nethome/rbansal66/CS4803ARM_Lab/user_data/armory/logs/workstation_14-client.log; nohup docker exec piper_env bash -lc '"'"'if command -v setsid >/dev/null 2>&1; then exec setsid bash -ic '"'"'"'"'"'"'"'"'source ~/.bashrc; cd /CS4803ARM_Lab/user_data/piper_ros || exit 1; echo $$ > /tmp/armory_client.pid; exec ros2 run piper piper_test_client'"'"'"'"'"'"'"'"'; else exec bash -ic '"'"'"'"'"'"'"'"'source ~/.bashrc; cd /CS4803ARM_Lab/user_data/piper_ros || exit 1; echo $$ > /tmp/armory_client.pid; exec ros2 run piper piper_test_client'"'"'"'"'"'"'"'"'; fi'"'"' >> /nethome/rbansal66/CS4803ARM_Lab/user_data/armory/logs/workstation_14-client.log 2>&1 < /dev/null & host_pid=$!; echo $host_pid > /tmp/armory_client_docker_exec.pid; sleep 0.5; if kill -0 "$host_pid" >/dev/null 2>&1; then pid=$(docker exec piper_env cat /tmp/armory_client.pid 2>/dev/null || echo "$host_pid"); echo '"'"'Piper client started (pid '"'"'"$pid"'"'"'); log: /nethome/rbansal66/CS4803ARM_Lab/user_data/armory/logs/workstation_14-client.log'"'"'; else rm -f /tmp/armory_client_docker_exec.pid; echo '"'"'Piper client exited immediately; check log: /nethome/rbansal66/CS4803ARM_Lab/user_data/armory/logs/workstation_14-client.log'"'"' >&2; tail -n 20 /nethome/rbansal66/CS4803ARM_Lab/user_data/armory/logs/workstation_14-client.log >&2 || true; exit 1; fi'
2026-04-21 20:47:35,388 [INFO] Stopping Piper client with command: bash -lc 'mkdir -p /nethome/rbansal66/CS4803ARM_Lab/user_data/armory/logs; touch /nethome/rbansal66/CS4803ARM_Lab/user_data/armory/logs/workstation_14-client.log || exit 1; printf '"'"'\n[%s] Stopping Piper client\n'"'"' "$(date '"'"'+%F %T'"'"')" >> /nethome/rbansal66/CS4803ARM_Lab/user_data/armory/logs/workstation_14-client.log; if docker ps --filter name=piper_env -q | grep -q .; then docker exec piper_env bash -lc '"'"'if [ -s /tmp/armory_client.pid ]; then pid=$(cat /tmp/armory_client.pid); kill -- -"$pid" >/dev/null 2>&1 || kill "$pid" >/dev/null 2>&1 || true; sleep 0.5; kill -9 -- -"$pid" >/dev/null 2>&1 || kill -9 "$pid" >/dev/null 2>&1 || true; rm -f /tmp/armory_client.pid; fi; pkill -f '"'"'"'"'"'"'"'"'[r]os2\ run\ piper\ piper_test_client'"'"'"'"'"'"'"'"' >/dev/null 2>&1 || true'"'"' >> /nethome/rbansal66/CS4803ARM_Lab/user_data/armory/logs/workstation_14-client.log 2>&1 || true; else echo '"'"'piper_env is not running'"'"' >> /nethome/rbansal66/CS4803ARM_Lab/user_data/armory/logs/workstation_14-client.log; fi; if [ -s /tmp/armory_client_docker_exec.pid ]; then host_pid=$(cat /tmp/armory_client_docker_exec.pid); kill "$host_pid" >/dev/null 2>&1 || true; rm -f /tmp/armory_client_docker_exec.pid; fi; echo '"'"'Piper client stopped; log: /nethome/rbansal66/CS4803ARM_Lab/user_data/armory/logs/workstation_14-client.log'"'"''
2026-04-21 20:47:40,729 [INFO] Executing: docker exec piper_env bash -ic 'source ~/.bashrc && p goto init'
2026-04-21 20:47:42,335 [INFO] stdout: Go to init complete.
2026-04-21 20:47:42,335 [WARNING] stderr: bash: cannot set terminal process group (-1): Inappropriate ioctl for device
bash: no job control in this shell
2026-04-21 21:04:47,510 [INFO] Executing: docker exec piper_env bash -ic 'source ~/.bashrc && p goto reset'
2026-04-21 21:04:49,220 [INFO] stdout: Go to reset complete.
2026-04-21 21:04:49,220 [WARNING] stderr: bash: cannot set terminal process group (-1): Inappropriate ioctl for device
bash: no job control in this shell
2026-04-21 21:04:49,725 [INFO] Executing: docker exec piper_env bash -ic 'source ~/.bashrc && p disable'
2026-04-21 21:04:51,436 [INFO] stdout: 失能成功!!!!
Piper disable sequence complete.
2026-04-21 21:04:51,436 [WARNING] stderr: bash: cannot set terminal process group (-1): Inappropriate ioctl for device
bash: no job control in this shell
2026-04-21 21:04:55,848 [INFO] Stopping data listener with command: bash -lc 'mkdir -p /nethome/rbansal66/CS4803ARM_Lab/user_data/armory/logs; touch /nethome/rbansal66/CS4803ARM_Lab/user_data/armory/logs/workstation_14-listener.log || exit 1; printf '"'"'\n[%s] Stopping data listener\n'"'"' "$(date '"'"'+%F %T'"'"')" >> /nethome/rbansal66/CS4803ARM_Lab/user_data/armory/logs/workstation_14-listener.log; if docker ps --filter name=piper_env -q | grep -q .; then docker exec piper_env bash -lc '"'"'if [ -s /tmp/armory_listener.pid ]; then pid=$(cat /tmp/armory_listener.pid); kill -- -"$pid" >/dev/null 2>&1 || kill "$pid" >/dev/null 2>&1 || true; sleep 0.5; kill -9 -- -"$pid" >/dev/null 2>&1 || kill -9 "$pid" >/dev/null 2>&1 || true; rm -f /tmp/armory_listener.pid; fi; pkill -f '"'"'"'"'"'"'"'"'[r]os2\ launch\ run_follower\.launch\.py'"'"'"'"'"'"'"'"' >/dev/null 2>&1 || true'"'"' >> /nethome/rbansal66/CS4803ARM_Lab/user_data/armory/logs/workstation_14-listener.log 2>&1 || true; else echo '"'"'piper_env is not running'"'"' >> /nethome/rbansal66/CS4803ARM_Lab/user_data/armory/logs/workstation_14-listener.log; fi; if [ -s /tmp/armory_listener_docker_exec.pid ]; then host_pid=$(cat /tmp/armory_listener_docker_exec.pid); kill "$host_pid" >/dev/null 2>&1 || true; rm -f /tmp/armory_listener_docker_exec.pid; fi; echo '"'"'data listener stopped; log: /nethome/rbansal66/CS4803ARM_Lab/user_data/armory/logs/workstation_14-listener.log'"'"''
2026-04-21 21:05:02,971 [INFO] Executing: docker exec piper_env bash -ic 'source ~/.bashrc && p goto reset'
2026-04-21 21:05:04,883 [INFO] stdout: Go to reset complete.
2026-04-21 21:05:04,983 [WARNING] stderr: bash: cannot set terminal process group (-1): Inappropriate ioctl for device
bash: no job control in this shell
2026-04-21 21:05:05,388 [INFO] Executing: docker exec piper_env bash -ic 'source ~/.bashrc && p disable'
2026-04-21 21:05:06,695 [INFO] stdout: 失能成功!!!!
Piper disable sequence complete.
2026-04-21 21:05:06,695 [WARNING] stderr: bash: cannot set terminal process group (-1): Inappropriate ioctl for device
bash: no job control in this shell
2026-04-21 21:05:06,797 [INFO] Killing tunnel with command: bash -lc 'ssh -S /tmp/armory_tunnel_dave_8080.sock -O exit rbansal66@dave >/dev/null 2>&1 || true; rm -f /tmp/armory_tunnel_dave_8080.sock; if command -v pkill >/dev/null 2>&1; then pkill -f '"'"'[s]sh .* -L 8080:dave:8080 .*rbansal66@dave'"'"' >/dev/null 2>&1 || true; fi; echo '"'"'Tunnel stopped'"'"''
2026-04-21 21:05:07,907 [INFO] Container stopped and removed
2026-04-26 15:45:16,537 [INFO] Docker container not running — status: offline
2026-04-26 15:50:55,910 [INFO] Starting Docker container in detached mode
2026-04-26 15:50:56,616 [INFO] docker run output: fdf2186fcf1ba9b9b894da6ca8af76a9953c526bf7fecbb2f9ea7af0f59d958c
2026-04-26 15:50:59,138 [INFO] Container started successfully
2026-04-26 15:51:07,799 [INFO] Executing: docker exec piper_env bash -ic 'source ~/.bashrc && p enable'
2026-04-26 15:51:09,009 [INFO] stdout: 使能成功!!!!
Piper enable sequence complete.
2026-04-26 15:51:09,010 [WARNING] stderr: bash: cannot set terminal process group (-1): Inappropriate ioctl for device
bash: no job control in this shell
bash: /piper_sdk/piper_sdk/can_activate.sh can0 1000000: No such file or directory
2026-04-26 15:51:10,320 [INFO] Executing: docker exec piper_env bash -ic 'source ~/.bashrc && p goto init'
2026-04-26 15:51:12,030 [INFO] stdout: Go to init complete.
2026-04-26 15:51:12,131 [WARNING] stderr: bash: cannot set terminal process group (-1): Inappropriate ioctl for device
bash: no job control in this shell
2026-04-26 15:52:17,798 [INFO] Starting data listener with command: bash -lc 'mkdir -p /nethome/rbansal66/CS4803ARM_Lab/user_data/armory/logs; touch /nethome/rbansal66/CS4803ARM_Lab/user_data/armory/logs/workstation_14-listener.log || exit 1; if ! docker ps --filter name=piper_env -q | grep -q .; then echo '"'"'piper_env is not running'"'"' >&2; exit 1; fi; if docker exec piper_env bash -lc '"'"'if [ -s /tmp/armory_listener.pid ]; then pid=$(cat /tmp/armory_listener.pid); kill -0 "$pid" >/dev/null 2>&1; else exit 1; fi'"'"'; then pid=$(docker exec piper_env cat /tmp/armory_listener.pid); echo '"'"'data listener already running (pid '"'"'"$pid"'"'"'); log: /nethome/rbansal66/CS4803ARM_Lab/user_data/armory/logs/workstation_14-listener.log'"'"'; exit 0; fi; docker exec piper_env rm -f /tmp/armory_listener.pid >/dev/null 2>&1 || true; printf '"'"'\n[%s] Starting data listener: ros2 launch run_follower.launch.py\n'"'"' "$(date '"'"'+%F %T'"'"')" >> /nethome/rbansal66/CS4803ARM_Lab/user_data/armory/logs/workstation_14-listener.log; nohup docker exec piper_env bash -lc '"'"'if command -v setsid >/dev/null 2>&1; then exec setsid bash -ic '"'"'"'"'"'"'"'"'source ~/.bashrc; cd /CS4803ARM_Lab/user_data/data_collection || exit 1; echo $$ > /tmp/armory_listener.pid; exec ros2 launch run_follower.launch.py'"'"'"'"'"'"'"'"'; else exec bash -ic '"'"'"'"'"'"'"'"'source ~/.bashrc; cd /CS4803ARM_Lab/user_data/data_collection || exit 1; echo $$ > /tmp/armory_listener.pid; exec ros2 launch run_follower.launch.py'"'"'"'"'"'"'"'"'; fi'"'"' >> /nethome/rbansal66/CS4803ARM_Lab/user_data/armory/logs/workstation_14-listener.log 2>&1 < /dev/null & host_pid=$!; echo $host_pid > /tmp/armory_listener_docker_exec.pid; sleep 0.5; if kill -0 "$host_pid" >/dev/null 2>&1; then pid=$(docker exec piper_env cat /tmp/armory_listener.pid 2>/dev/null || echo "$host_pid"); echo '"'"'data listener started (pid '"'"'"$pid"'"'"'); log: /nethome/rbansal66/CS4803ARM_Lab/user_data/armory/logs/workstation_14-listener.log'"'"'; else rm -f /tmp/armory_listener_docker_exec.pid; echo '"'"'data listener exited immediately; check log: /nethome/rbansal66/CS4803ARM_Lab/user_data/armory/logs/workstation_14-listener.log'"'"' >&2; tail -n 20 /nethome/rbansal66/CS4803ARM_Lab/user_data/armory/logs/workstation_14-listener.log >&2 || true; exit 1; fi'
2026-04-26 15:53:56,509 [INFO] Stopping data listener with command: bash -lc 'mkdir -p /nethome/rbansal66/CS4803ARM_Lab/user_data/armory/logs; touch /nethome/rbansal66/CS4803ARM_Lab/user_data/armory/logs/workstation_14-listener.log || exit 1; printf '"'"'\n[%s] Stopping data listener\n'"'"' "$(date '"'"'+%F %T'"'"')" >> /nethome/rbansal66/CS4803ARM_Lab/user_data/armory/logs/workstation_14-listener.log; if docker ps --filter name=piper_env -q | grep -q .; then docker exec piper_env bash -lc '"'"'if [ -s /tmp/armory_listener.pid ]; then pid=$(cat /tmp/armory_listener.pid); kill -- -"$pid" >/dev/null 2>&1 || kill "$pid" >/dev/null 2>&1 || true; sleep 0.5; kill -9 -- -"$pid" >/dev/null 2>&1 || kill -9 "$pid" >/dev/null 2>&1 || true; rm -f /tmp/armory_listener.pid; fi; pkill -f '"'"'"'"'"'"'"'"'[r]os2\ launch\ run_follower\.launch\.py'"'"'"'"'"'"'"'"' >/dev/null 2>&1 || true'"'"' >> /nethome/rbansal66/CS4803ARM_Lab/user_data/armory/logs/workstation_14-listener.log 2>&1 || true; else echo '"'"'piper_env is not running'"'"' >> /nethome/rbansal66/CS4803ARM_Lab/user_data/armory/logs/workstation_14-listener.log; fi; if [ -s /tmp/armory_listener_docker_exec.pid ]; then host_pid=$(cat /tmp/armory_listener_docker_exec.pid); kill "$host_pid" >/dev/null 2>&1 || true; rm -f /tmp/armory_listener_docker_exec.pid; fi; echo '"'"'data listener stopped; log: /nethome/rbansal66/CS4803ARM_Lab/user_data/armory/logs/workstation_14-listener.log'"'"''
2026-04-26 16:03:25,331 [INFO] Executing: docker exec piper_env bash -ic 'source ~/.bashrc && p goto zero'
2026-04-26 16:03:27,144 [INFO] stdout: Go to zero complete.
2026-04-26 16:03:27,144 [WARNING] stderr: bash: cannot set terminal process group (-1): Inappropriate ioctl for device
bash: no job control in this shell
2026-04-26 16:03:33,734 [INFO] Executing: docker exec piper_env bash -ic 'source ~/.bashrc && p goto reset'
2026-04-26 16:03:35,446 [INFO] stdout: Go to reset complete.
2026-04-26 16:03:35,547 [WARNING] stderr: bash: cannot set terminal process group (-1): Inappropriate ioctl for device
bash: no job control in this shell
2026-04-26 16:03:36,558 [INFO] Executing: docker exec piper_env bash -ic 'source ~/.bashrc && p disable'
2026-04-26 16:03:41,389 [INFO] stdout: Piper disable sequence complete.
2026-04-26 16:03:41,389 [WARNING] stderr: bash: cannot set terminal process group (-1): Inappropriate ioctl for device
bash: no job control in this shell
INFO:PiperInterface:Disabling Piper Arm...
INFO:PiperInterface:Target Joint Positions: [0.0, 0.0, 0.0, 0.0, 0.0, 0.0], Current Joint Positions: [-3, 10, -1, 1, 454, 5]
INFO:PiperInterface:Moving to zero position before disabling.
INFO:PiperInterface:Aligning joints to zero position.
INFO:PiperInterface:Releasing motors.
INFO:PiperInterface:Piper Arm Disabled!!!!
2026-04-26 16:04:02,549 [INFO] Executing: docker exec piper_env bash -ic 'source ~/.bashrc && p enable'
2026-04-26 16:04:03,355 [INFO] stdout: 使能成功!!!!
Piper enable sequence complete.
2026-04-26 16:04:03,355 [WARNING] stderr: bash: cannot set terminal process group (-1): Inappropriate ioctl for device
bash: no job control in this shell
bash: /piper_sdk/piper_sdk/can_activate.sh can0 1000000: No such file or directory
2026-04-26 16:04:04,273 [INFO] Executing: docker exec piper_env bash -ic 'source ~/.bashrc && p goto init'
2026-04-26 16:04:05,886 [INFO] stdout: Go to init complete.
2026-04-26 16:04:05,886 [WARNING] stderr: bash: cannot set terminal process group (-1): Inappropriate ioctl for device
bash: no job control in this shell
2026-04-26 16:05:43,860 [INFO] Starting data listener with command: bash -lc 'mkdir -p /nethome/rbansal66/CS4803ARM_Lab/user_data/armory/logs; touch /nethome/rbansal66/CS4803ARM_Lab/user_data/armory/logs/workstation_14-listener.log || exit 1; if ! docker ps --filter name=piper_env -q | grep -q .; then echo '"'"'piper_env is not running'"'"' >&2; exit 1; fi; if docker exec piper_env bash -lc '"'"'if [ -s /tmp/armory_listener.pid ]; then pid=$(cat /tmp/armory_listener.pid); kill -0 "$pid" >/dev/null 2>&1; else exit 1; fi'"'"'; then pid=$(docker exec piper_env cat /tmp/armory_listener.pid); echo '"'"'data listener already running (pid '"'"'"$pid"'"'"'); log: /nethome/rbansal66/CS4803ARM_Lab/user_data/armory/logs/workstation_14-listener.log'"'"'; exit 0; fi; docker exec piper_env rm -f /tmp/armory_listener.pid >/dev/null 2>&1 || true; printf '"'"'\n[%s] Starting data listener: ros2 launch run_follower.launch.py\n'"'"' "$(date '"'"'+%F %T'"'"')" >> /nethome/rbansal66/CS4803ARM_Lab/user_data/armory/logs/workstation_14-listener.log; nohup docker exec piper_env bash -lc '"'"'if command -v setsid >/dev/null 2>&1; then exec setsid bash -ic '"'"'"'"'"'"'"'"'source ~/.bashrc; cd /CS4803ARM_Lab/user_data/data_collection || exit 1; echo $$ > /tmp/armory_listener.pid; exec ros2 launch run_follower.launch.py'"'"'"'"'"'"'"'"'; else exec bash -ic '"'"'"'"'"'"'"'"'source ~/.bashrc; cd /CS4803ARM_Lab/user_data/data_collection || exit 1; echo $$ > /tmp/armory_listener.pid; exec ros2 launch run_follower.launch.py'"'"'"'"'"'"'"'"'; fi'"'"' >> /nethome/rbansal66/CS4803ARM_Lab/user_data/armory/logs/workstation_14-listener.log 2>&1 < /dev/null & host_pid=$!; echo $host_pid > /tmp/armory_listener_docker_exec.pid; sleep 0.5; if kill -0 "$host_pid" >/dev/null 2>&1; then pid=$(docker exec piper_env cat /tmp/armory_listener.pid 2>/dev/null || echo "$host_pid"); echo '"'"'data listener started (pid '"'"'"$pid"'"'"'); log: /nethome/rbansal66/CS4803ARM_Lab/user_data/armory/logs/workstation_14-listener.log'"'"'; else rm -f /tmp/armory_listener_docker_exec.pid; echo '"'"'data listener exited immediately; check log: /nethome/rbansal66/CS4803ARM_Lab/user_data/armory/logs/workstation_14-listener.log'"'"' >&2; tail -n 20 /nethome/rbansal66/CS4803ARM_Lab/user_data/armory/logs/workstation_14-listener.log >&2 || true; exit 1; fi'
2026-04-26 16:06:50,973 [INFO] Docker container running — status: booted
2026-04-26 16:07:14,260 [INFO] Starting tunnel with command: bash -lc 'mkdir -p /tmp; if ssh -S /tmp/armory_tunnel_zhurong_8080.sock -O check rbansal66@zhurong >/dev/null 2>&1; then echo '"'"'Tunnel already running'"'"'; exit 0; fi; rm -f /tmp/armory_tunnel_zhurong_8080.sock; ssh -f -N -M -S /tmp/armory_tunnel_zhurong_8080.sock -o ExitOnForwardFailure=yes -o ServerAliveInterval=30 -o ServerAliveCountMax=3 -L 8080:zhurong:8080 -J rbansal66@sky1.cc.gatech.edu rbansal66@zhurong; echo '"'"'Tunnel started'"'"''
2026-04-26 16:07:34,648 [ERROR] Tunnel start failed: 
2026-04-26 16:08:17,553 [INFO] Starting Piper client with command: bash -lc 'mkdir -p /nethome/rbansal66/CS4803ARM_Lab/user_data/armory/logs; touch /nethome/rbansal66/CS4803ARM_Lab/user_data/armory/logs/workstation_14-client.log || exit 1; if ! docker ps --filter name=piper_env -q | grep -q .; then echo '"'"'piper_env is not running'"'"' >&2; exit 1; fi; if docker exec piper_env bash -lc '"'"'if [ -s /tmp/armory_client.pid ]; then pid=$(cat /tmp/armory_client.pid); kill -0 "$pid" >/dev/null 2>&1; else exit 1; fi'"'"'; then pid=$(docker exec piper_env cat /tmp/armory_client.pid); echo '"'"'Piper client already running (pid '"'"'"$pid"'"'"'); log: /nethome/rbansal66/CS4803ARM_Lab/user_data/armory/logs/workstation_14-client.log'"'"'; exit 0; fi; docker exec piper_env rm -f /tmp/armory_client.pid >/dev/null 2>&1 || true; printf '"'"'\n[%s] Starting Piper client: ros2 run piper piper_test_client\n'"'"' "$(date '"'"'+%F %T'"'"')" >> /nethome/rbansal66/CS4803ARM_Lab/user_data/armory/logs/workstation_14-client.log; nohup docker exec piper_env bash -lc '"'"'if command -v setsid >/dev/null 2>&1; then exec setsid bash -ic '"'"'"'"'"'"'"'"'source ~/.bashrc; cd /CS4803ARM_Lab/user_data/piper_ros || exit 1; echo $$ > /tmp/armory_client.pid; exec ros2 run piper piper_test_client'"'"'"'"'"'"'"'"'; else exec bash -ic '"'"'"'"'"'"'"'"'source ~/.bashrc; cd /CS4803ARM_Lab/user_data/piper_ros || exit 1; echo $$ > /tmp/armory_client.pid; exec ros2 run piper piper_test_client'"'"'"'"'"'"'"'"'; fi'"'"' >> /nethome/rbansal66/CS4803ARM_Lab/user_data/armory/logs/workstation_14-client.log 2>&1 < /dev/null & host_pid=$!; echo $host_pid > /tmp/armory_client_docker_exec.pid; sleep 0.5; if kill -0 "$host_pid" >/dev/null 2>&1; then pid=$(docker exec piper_env cat /tmp/armory_client.pid 2>/dev/null || echo "$host_pid"); echo '"'"'Piper client started (pid '"'"'"$pid"'"'"'); log: /nethome/rbansal66/CS4803ARM_Lab/user_data/armory/logs/workstation_14-client.log'"'"'; else rm -f /tmp/armory_client_docker_exec.pid; echo '"'"'Piper client exited immediately; check log: /nethome/rbansal66/CS4803ARM_Lab/user_data/armory/logs/workstation_14-client.log'"'"' >&2; tail -n 20 /nethome/rbansal66/CS4803ARM_Lab/user_data/armory/logs/workstation_14-client.log >&2 || true; exit 1; fi'
2026-04-26 16:08:40,575 [INFO] Stopping Piper client with command: bash -lc 'mkdir -p /nethome/rbansal66/CS4803ARM_Lab/user_data/armory/logs; touch /nethome/rbansal66/CS4803ARM_Lab/user_data/armory/logs/workstation_14-client.log || exit 1; printf '"'"'\n[%s] Stopping Piper client\n'"'"' "$(date '"'"'+%F %T'"'"')" >> /nethome/rbansal66/CS4803ARM_Lab/user_data/armory/logs/workstation_14-client.log; if docker ps --filter name=piper_env -q | grep -q .; then docker exec piper_env bash -lc '"'"'if [ -s /tmp/armory_client.pid ]; then pid=$(cat /tmp/armory_client.pid); kill -- -"$pid" >/dev/null 2>&1 || kill "$pid" >/dev/null 2>&1 || true; sleep 0.5; kill -9 -- -"$pid" >/dev/null 2>&1 || kill -9 "$pid" >/dev/null 2>&1 || true; rm -f /tmp/armory_client.pid; fi; pkill -f '"'"'"'"'"'"'"'"'[r]os2\ run\ piper\ piper_test_client'"'"'"'"'"'"'"'"' >/dev/null 2>&1 || true'"'"' >> /nethome/rbansal66/CS4803ARM_Lab/user_data/armory/logs/workstation_14-client.log 2>&1 || true; else echo '"'"'piper_env is not running'"'"' >> /nethome/rbansal66/CS4803ARM_Lab/user_data/armory/logs/workstation_14-client.log; fi; if [ -s /tmp/armory_client_docker_exec.pid ]; then host_pid=$(cat /tmp/armory_client_docker_exec.pid); kill "$host_pid" >/dev/null 2>&1 || true; rm -f /tmp/armory_client_docker_exec.pid; fi; echo '"'"'Piper client stopped; log: /nethome/rbansal66/CS4803ARM_Lab/user_data/armory/logs/workstation_14-client.log'"'"''
2026-04-26 16:09:42,766 [INFO] Starting Piper client with command: bash -lc 'mkdir -p /nethome/rbansal66/CS4803ARM_Lab/user_data/armory/logs; touch /nethome/rbansal66/CS4803ARM_Lab/user_data/armory/logs/workstation_14-client.log || exit 1; if ! docker ps --filter name=piper_env -q | grep -q .; then echo '"'"'piper_env is not running'"'"' >&2; exit 1; fi; if docker exec piper_env bash -lc '"'"'if [ -s /tmp/armory_client.pid ]; then pid=$(cat /tmp/armory_client.pid); kill -0 "$pid" >/dev/null 2>&1; else exit 1; fi'"'"'; then pid=$(docker exec piper_env cat /tmp/armory_client.pid); echo '"'"'Piper client already running (pid '"'"'"$pid"'"'"'); log: /nethome/rbansal66/CS4803ARM_Lab/user_data/armory/logs/workstation_14-client.log'"'"'; exit 0; fi; docker exec piper_env rm -f /tmp/armory_client.pid >/dev/null 2>&1 || true; printf '"'"'\n[%s] Starting Piper client: ros2 run piper piper_test_client\n'"'"' "$(date '"'"'+%F %T'"'"')" >> /nethome/rbansal66/CS4803ARM_Lab/user_data/armory/logs/workstation_14-client.log; nohup docker exec piper_env bash -lc '"'"'if command -v setsid >/dev/null 2>&1; then exec setsid bash -ic '"'"'"'"'"'"'"'"'source ~/.bashrc; cd /CS4803ARM_Lab/user_data/piper_ros || exit 1; echo $$ > /tmp/armory_client.pid; exec ros2 run piper piper_test_client'"'"'"'"'"'"'"'"'; else exec bash -ic '"'"'"'"'"'"'"'"'source ~/.bashrc; cd /CS4803ARM_Lab/user_data/piper_ros || exit 1; echo $$ > /tmp/armory_client.pid; exec ros2 run piper piper_test_client'"'"'"'"'"'"'"'"'; fi'"'"' >> /nethome/rbansal66/CS4803ARM_Lab/user_data/armory/logs/workstation_14-client.log 2>&1 < /dev/null & host_pid=$!; echo $host_pid > /tmp/armory_client_docker_exec.pid; sleep 0.5; if kill -0 "$host_pid" >/dev/null 2>&1; then pid=$(docker exec piper_env cat /tmp/armory_client.pid 2>/dev/null || echo "$host_pid"); echo '"'"'Piper client started (pid '"'"'"$pid"'"'"'); log: /nethome/rbansal66/CS4803ARM_Lab/user_data/armory/logs/workstation_14-client.log'"'"'; else rm -f /tmp/armory_client_docker_exec.pid; echo '"'"'Piper client exited immediately; check log: /nethome/rbansal66/CS4803ARM_Lab/user_data/armory/logs/workstation_14-client.log'"'"' >&2; tail -n 20 /nethome/rbansal66/CS4803ARM_Lab/user_data/armory/logs/workstation_14-client.log >&2 || true; exit 1; fi'
2026-04-26 16:10:10,711 [INFO] Stopping Piper client with command: bash -lc 'mkdir -p /nethome/rbansal66/CS4803ARM_Lab/user_data/armory/logs; touch /nethome/rbansal66/CS4803ARM_Lab/user_data/armory/logs/workstation_14-client.log || exit 1; printf '"'"'\n[%s] Stopping Piper client\n'"'"' "$(date '"'"'+%F %T'"'"')" >> /nethome/rbansal66/CS4803ARM_Lab/user_data/armory/logs/workstation_14-client.log; if docker ps --filter name=piper_env -q | grep -q .; then docker exec piper_env bash -lc '"'"'if [ -s /tmp/armory_client.pid ]; then pid=$(cat /tmp/armory_client.pid); kill -- -"$pid" >/dev/null 2>&1 || kill "$pid" >/dev/null 2>&1 || true; sleep 0.5; kill -9 -- -"$pid" >/dev/null 2>&1 || kill -9 "$pid" >/dev/null 2>&1 || true; rm -f /tmp/armory_client.pid; fi; pkill -f '"'"'"'"'"'"'"'"'[r]os2\ run\ piper\ piper_test_client'"'"'"'"'"'"'"'"' >/dev/null 2>&1 || true'"'"' >> /nethome/rbansal66/CS4803ARM_Lab/user_data/armory/logs/workstation_14-client.log 2>&1 || true; else echo '"'"'piper_env is not running'"'"' >> /nethome/rbansal66/CS4803ARM_Lab/user_data/armory/logs/workstation_14-client.log; fi; if [ -s /tmp/armory_client_docker_exec.pid ]; then host_pid=$(cat /tmp/armory_client_docker_exec.pid); kill "$host_pid" >/dev/null 2>&1 || true; rm -f /tmp/armory_client_docker_exec.pid; fi; echo '"'"'Piper client stopped; log: /nethome/rbansal66/CS4803ARM_Lab/user_data/armory/logs/workstation_14-client.log'"'"''
2026-04-26 16:11:26,260 [INFO] Killing tunnel with command: bash -lc 'ssh -S /tmp/armory_tunnel_zhurong_8080.sock -O exit rbansal66@zhurong >/dev/null 2>&1 || true; rm -f /tmp/armory_tunnel_zhurong_8080.sock; if command -v pkill >/dev/null 2>&1; then pkill -f '"'"'[s]sh .* -L 8080:zhurong:8080 .*rbansal66@zhurong'"'"' >/dev/null 2>&1 || true; fi; echo '"'"'Tunnel stopped'"'"''
2026-04-26 16:11:31,650 [INFO] Executing: docker exec piper_env bash -ic 'source ~/.bashrc && p goto init'
2026-04-26 16:11:33,461 [INFO] stdout: Go to init complete.
2026-04-26 16:11:33,461 [WARNING] stderr: bash: cannot set terminal process group (-1): Inappropriate ioctl for device
bash: no job control in this shell
2026-04-26 16:16:26,418 [INFO] Starting Piper client with command: bash -lc 'mkdir -p /nethome/rbansal66/CS4803ARM_Lab/user_data/armory/logs; touch /nethome/rbansal66/CS4803ARM_Lab/user_data/armory/logs/workstation_14-client.log || exit 1; if ! docker ps --filter name=piper_env -q | grep -q .; then echo '"'"'piper_env is not running'"'"' >&2; exit 1; fi; if docker exec piper_env bash -lc '"'"'if [ -s /tmp/armory_client.pid ]; then pid=$(cat /tmp/armory_client.pid); kill -0 "$pid" >/dev/null 2>&1; else exit 1; fi'"'"'; then pid=$(docker exec piper_env cat /tmp/armory_client.pid); echo '"'"'Piper client already running (pid '"'"'"$pid"'"'"'); log: /nethome/rbansal66/CS4803ARM_Lab/user_data/armory/logs/workstation_14-client.log'"'"'; exit 0; fi; docker exec piper_env rm -f /tmp/armory_client.pid >/dev/null 2>&1 || true; printf '"'"'\n[%s] Starting Piper client: ros2 run piper piper_test_client\n'"'"' "$(date '"'"'+%F %T'"'"')" >> /nethome/rbansal66/CS4803ARM_Lab/user_data/armory/logs/workstation_14-client.log; nohup docker exec piper_env bash -lc '"'"'if command -v setsid >/dev/null 2>&1; then exec setsid bash -ic '"'"'"'"'"'"'"'"'source ~/.bashrc; cd /CS4803ARM_Lab/user_data/piper_ros || exit 1; echo $$ > /tmp/armory_client.pid; exec ros2 run piper piper_test_client'"'"'"'"'"'"'"'"'; else exec bash -ic '"'"'"'"'"'"'"'"'source ~/.bashrc; cd /CS4803ARM_Lab/user_data/piper_ros || exit 1; echo $$ > /tmp/armory_client.pid; exec ros2 run piper piper_test_client'"'"'"'"'"'"'"'"'; fi'"'"' >> /nethome/rbansal66/CS4803ARM_Lab/user_data/armory/logs/workstation_14-client.log 2>&1 < /dev/null & host_pid=$!; echo $host_pid > /tmp/armory_client_docker_exec.pid; sleep 0.5; if kill -0 "$host_pid" >/dev/null 2>&1; then pid=$(docker exec piper_env cat /tmp/armory_client.pid 2>/dev/null || echo "$host_pid"); echo '"'"'Piper client started (pid '"'"'"$pid"'"'"'); log: /nethome/rbansal66/CS4803ARM_Lab/user_data/armory/logs/workstation_14-client.log'"'"'; else rm -f /tmp/armory_client_docker_exec.pid; echo '"'"'Piper client exited immediately; check log: /nethome/rbansal66/CS4803ARM_Lab/user_data/armory/logs/workstation_14-client.log'"'"' >&2; tail -n 20 /nethome/rbansal66/CS4803ARM_Lab/user_data/armory/logs/workstation_14-client.log >&2 || true; exit 1; fi'
2026-04-26 16:17:11,850 [INFO] Stopping Piper client with command: bash -lc 'mkdir -p /nethome/rbansal66/CS4803ARM_Lab/user_data/armory/logs; touch /nethome/rbansal66/CS4803ARM_Lab/user_data/armory/logs/workstation_14-client.log || exit 1; printf '"'"'\n[%s] Stopping Piper client\n'"'"' "$(date '"'"'+%F %T'"'"')" >> /nethome/rbansal66/CS4803ARM_Lab/user_data/armory/logs/workstation_14-client.log; if docker ps --filter name=piper_env -q | grep -q .; then docker exec piper_env bash -lc '"'"'if [ -s /tmp/armory_client.pid ]; then pid=$(cat /tmp/armory_client.pid); kill -- -"$pid" >/dev/null 2>&1 || kill "$pid" >/dev/null 2>&1 || true; sleep 0.5; kill -9 -- -"$pid" >/dev/null 2>&1 || kill -9 "$pid" >/dev/null 2>&1 || true; rm -f /tmp/armory_client.pid; fi; pkill -f '"'"'"'"'"'"'"'"'[r]os2\ run\ piper\ piper_test_client'"'"'"'"'"'"'"'"' >/dev/null 2>&1 || true'"'"' >> /nethome/rbansal66/CS4803ARM_Lab/user_data/armory/logs/workstation_14-client.log 2>&1 || true; else echo '"'"'piper_env is not running'"'"' >> /nethome/rbansal66/CS4803ARM_Lab/user_data/armory/logs/workstation_14-client.log; fi; if [ -s /tmp/armory_client_docker_exec.pid ]; then host_pid=$(cat /tmp/armory_client_docker_exec.pid); kill "$host_pid" >/dev/null 2>&1 || true; rm -f /tmp/armory_client_docker_exec.pid; fi; echo '"'"'Piper client stopped; log: /nethome/rbansal66/CS4803ARM_Lab/user_data/armory/logs/workstation_14-client.log'"'"''
2026-04-26 16:17:48,947 [INFO] Executing: docker exec piper_env bash -ic 'source ~/.bashrc && p goto init'
2026-04-26 16:17:50,965 [INFO] stdout: Go to init complete.
2026-04-26 16:17:50,965 [WARNING] stderr: bash: cannot set terminal process group (-1): Inappropriate ioctl for device
bash: no job control in this shell
2026-04-26 16:18:11,463 [INFO] Starting Piper client with command: bash -lc 'mkdir -p /nethome/rbansal66/CS4803ARM_Lab/user_data/armory/logs; touch /nethome/rbansal66/CS4803ARM_Lab/user_data/armory/logs/workstation_14-client.log || exit 1; if ! docker ps --filter name=piper_env -q | grep -q .; then echo '"'"'piper_env is not running'"'"' >&2; exit 1; fi; if docker exec piper_env bash -lc '"'"'if [ -s /tmp/armory_client.pid ]; then pid=$(cat /tmp/armory_client.pid); kill -0 "$pid" >/dev/null 2>&1; else exit 1; fi'"'"'; then pid=$(docker exec piper_env cat /tmp/armory_client.pid); echo '"'"'Piper client already running (pid '"'"'"$pid"'"'"'); log: /nethome/rbansal66/CS4803ARM_Lab/user_data/armory/logs/workstation_14-client.log'"'"'; exit 0; fi; docker exec piper_env rm -f /tmp/armory_client.pid >/dev/null 2>&1 || true; printf '"'"'\n[%s] Starting Piper client: ros2 run piper piper_test_client\n'"'"' "$(date '"'"'+%F %T'"'"')" >> /nethome/rbansal66/CS4803ARM_Lab/user_data/armory/logs/workstation_14-client.log; nohup docker exec piper_env bash -lc '"'"'if command -v setsid >/dev/null 2>&1; then exec setsid bash -ic '"'"'"'"'"'"'"'"'source ~/.bashrc; cd /CS4803ARM_Lab/user_data/piper_ros || exit 1; echo $$ > /tmp/armory_client.pid; exec ros2 run piper piper_test_client'"'"'"'"'"'"'"'"'; else exec bash -ic '"'"'"'"'"'"'"'"'source ~/.bashrc; cd /CS4803ARM_Lab/user_data/piper_ros || exit 1; echo $$ > /tmp/armory_client.pid; exec ros2 run piper piper_test_client'"'"'"'"'"'"'"'"'; fi'"'"' >> /nethome/rbansal66/CS4803ARM_Lab/user_data/armory/logs/workstation_14-client.log 2>&1 < /dev/null & host_pid=$!; echo $host_pid > /tmp/armory_client_docker_exec.pid; sleep 0.5; if kill -0 "$host_pid" >/dev/null 2>&1; then pid=$(docker exec piper_env cat /tmp/armory_client.pid 2>/dev/null || echo "$host_pid"); echo '"'"'Piper client started (pid '"'"'"$pid"'"'"'); log: /nethome/rbansal66/CS4803ARM_Lab/user_data/armory/logs/workstation_14-client.log'"'"'; else rm -f /tmp/armory_client_docker_exec.pid; echo '"'"'Piper client exited immediately; check log: /nethome/rbansal66/CS4803ARM_Lab/user_data/armory/logs/workstation_14-client.log'"'"' >&2; tail -n 20 /nethome/rbansal66/CS4803ARM_Lab/user_data/armory/logs/workstation_14-client.log >&2 || true; exit 1; fi'
2026-04-26 16:19:23,009 [INFO] Stopping Piper client with command: bash -lc 'mkdir -p /nethome/rbansal66/CS4803ARM_Lab/user_data/armory/logs; touch /nethome/rbansal66/CS4803ARM_Lab/user_data/armory/logs/workstation_14-client.log || exit 1; printf '"'"'\n[%s] Stopping Piper client\n'"'"' "$(date '"'"'+%F %T'"'"')" >> /nethome/rbansal66/CS4803ARM_Lab/user_data/armory/logs/workstation_14-client.log; if docker ps --filter name=piper_env -q | grep -q .; then docker exec piper_env bash -lc '"'"'if [ -s /tmp/armory_client.pid ]; then pid=$(cat /tmp/armory_client.pid); kill -- -"$pid" >/dev/null 2>&1 || kill "$pid" >/dev/null 2>&1 || true; sleep 0.5; kill -9 -- -"$pid" >/dev/null 2>&1 || kill -9 "$pid" >/dev/null 2>&1 || true; rm -f /tmp/armory_client.pid; fi; pkill -f '"'"'"'"'"'"'"'"'[r]os2\ run\ piper\ piper_test_client'"'"'"'"'"'"'"'"' >/dev/null 2>&1 || true'"'"' >> /nethome/rbansal66/CS4803ARM_Lab/user_data/armory/logs/workstation_14-client.log 2>&1 || true; else echo '"'"'piper_env is not running'"'"' >> /nethome/rbansal66/CS4803ARM_Lab/user_data/armory/logs/workstation_14-client.log; fi; if [ -s /tmp/armory_client_docker_exec.pid ]; then host_pid=$(cat /tmp/armory_client_docker_exec.pid); kill "$host_pid" >/dev/null 2>&1 || true; rm -f /tmp/armory_client_docker_exec.pid; fi; echo '"'"'Piper client stopped; log: /nethome/rbansal66/CS4803ARM_Lab/user_data/armory/logs/workstation_14-client.log'"'"''
2026-04-26 16:19:29,505 [INFO] Executing: docker exec piper_env bash -ic 'source ~/.bashrc && p goto init'
2026-04-26 16:19:31,120 [INFO] stdout: Go to init complete.
2026-04-26 16:19:31,120 [WARNING] stderr: bash: cannot set terminal process group (-1): Inappropriate ioctl for device
bash: no job control in this shell
2026-04-26 16:52:00,281 [INFO] Stopping data listener with command: bash -lc 'mkdir -p /nethome/rbansal66/CS4803ARM_Lab/user_data/armory/logs; touch /nethome/rbansal66/CS4803ARM_Lab/user_data/armory/logs/workstation_14-listener.log || exit 1; printf '"'"'\n[%s] Stopping data listener\n'"'"' "$(date '"'"'+%F %T'"'"')" >> /nethome/rbansal66/CS4803ARM_Lab/user_data/armory/logs/workstation_14-listener.log; if docker ps --filter name=piper_env -q | grep -q .; then docker exec piper_env bash -lc '"'"'if [ -s /tmp/armory_listener.pid ]; then pid=$(cat /tmp/armory_listener.pid); kill -- -"$pid" >/dev/null 2>&1 || kill "$pid" >/dev/null 2>&1 || true; sleep 0.5; kill -9 -- -"$pid" >/dev/null 2>&1 || kill -9 "$pid" >/dev/null 2>&1 || true; rm -f /tmp/armory_listener.pid; fi; pkill -f '"'"'"'"'"'"'"'"'[r]os2\ launch\ run_follower\.launch\.py'"'"'"'"'"'"'"'"' >/dev/null 2>&1 || true'"'"' >> /nethome/rbansal66/CS4803ARM_Lab/user_data/armory/logs/workstation_14-listener.log 2>&1 || true; else echo '"'"'piper_env is not running'"'"' >> /nethome/rbansal66/CS4803ARM_Lab/user_data/armory/logs/workstation_14-listener.log; fi; if [ -s /tmp/armory_listener_docker_exec.pid ]; then host_pid=$(cat /tmp/armory_listener_docker_exec.pid); kill "$host_pid" >/dev/null 2>&1 || true; rm -f /tmp/armory_listener_docker_exec.pid; fi; echo '"'"'data listener stopped; log: /nethome/rbansal66/CS4803ARM_Lab/user_data/armory/logs/workstation_14-listener.log'"'"''
2026-04-26 16:52:11,908 [INFO] Executing: docker exec piper_env bash -ic 'source ~/.bashrc && p goto reset'
2026-04-26 16:52:13,724 [INFO] stdout: Go to reset complete.
2026-04-26 16:52:13,724 [WARNING] stderr: bash: cannot set terminal process group (-1): Inappropriate ioctl for device
bash: no job control in this shell
2026-04-26 16:52:14,935 [INFO] Executing: docker exec piper_env bash -ic 'source ~/.bashrc && p disable'
2026-04-26 16:52:20,068 [INFO] stdout: Piper disable sequence complete.
2026-04-26 16:52:20,169 [WARNING] stderr: bash: cannot set terminal process group (-1): Inappropriate ioctl for device
bash: no job control in this shell
INFO:PiperInterface:Disabling Piper Arm...
INFO:PiperInterface:Target Joint Positions: [0.0, 0.0, 0.0, 0.0, 0.0, 0.0], Current Joint Positions: [-3, 10, -1, 1, 458, -2]
INFO:PiperInterface:Moving to zero position before disabling.
INFO:PiperInterface:Aligning joints to zero position.
INFO:PiperInterface:Releasing motors.
INFO:PiperInterface:Piper Arm Disabled!!!!
2026-04-29 21:02:14,836 [INFO] Docker container running — status: booted
2026-04-29 21:02:40,703 [INFO] Executing: docker exec piper_env bash -ic 'source ~/.bashrc && p goto reset'
2026-04-29 21:03:10,967 [ERROR] Command 'p goto reset' failed: 
2026-04-29 21:03:11,880 [INFO] Executing: docker exec piper_env bash -ic 'source ~/.bashrc && p disable'
2026-04-29 21:03:42,277 [ERROR] Command 'p disable' failed: 
2026-04-29 22:55:45,299 [INFO] Docker container running — status: booted
2026-04-29 22:56:02,049 [INFO] Executing: docker exec piper_env bash -ic 'source ~/.bashrc && p enable'
2026-04-29 22:56:32,275 [ERROR] Command 'p enable' failed: 
2026-04-29 22:56:33,286 [INFO] Executing: docker exec piper_env bash -ic 'source ~/.bashrc && p goto init'
2026-04-29 22:57:03,695 [ERROR] Command 'p goto init' failed: 
2026-04-29 22:58:42,142 [INFO] Docker container running — status: booted
2026-04-29 22:59:09,396 [INFO] Executing: docker exec piper_env bash -ic 'source ~/.bashrc && p goto reset'
2026-04-29 22:59:11,006 [INFO] stdout: Go to reset complete.
2026-04-29 22:59:11,006 [WARNING] stderr: bash: cannot set terminal process group (-1): Inappropriate ioctl for device
bash: no job control in this shell
2026-04-29 22:59:11,814 [INFO] Executing: docker exec piper_env bash -ic 'source ~/.bashrc && p disable'
2026-04-29 22:59:14,834 [INFO] stdout: Piper disable sequence complete.
2026-04-29 22:59:14,934 [WARNING] stderr: bash: cannot set terminal process group (-1): Inappropriate ioctl for device
bash: no job control in this shell
INFO:PiperInterface:Disabling Piper Arm...
INFO:PiperInterface:Target Joint Positions: [0.0, 0.0, 0.0, 0.0, 0.0, 0.0], Current Joint Positions: [1, 9, -3, 6, 457, -3]
INFO:PiperInterface:Moving to zero position before disabling.
INFO:PiperInterface:Aligning joints to zero position.
INFO:PiperInterface:Releasing motors.
INFO:PiperInterface:Piper Arm Disabled!!!!
2026-04-29 22:59:31,168 [INFO] Executing: docker exec piper_env bash -ic 'source ~/.bashrc && p enable'
2026-04-29 22:59:32,276 [INFO] stdout: 使能成功!!!!
Piper enable sequence complete.
2026-04-29 22:59:32,277 [WARNING] stderr: bash: cannot set terminal process group (-1): Inappropriate ioctl for device
bash: no job control in this shell
bash: /piper_sdk/piper_sdk/can_activate.sh can0 1000000: No such file or directory
2026-04-29 22:59:32,984 [INFO] Executing: docker exec piper_env bash -ic 'source ~/.bashrc && p goto init'
2026-04-29 22:59:34,595 [INFO] stdout: Go to init complete.
2026-04-29 22:59:34,595 [WARNING] stderr: bash: cannot set terminal process group (-1): Inappropriate ioctl for device
bash: no job control in this shell
2026-04-29 22:59:39,118 [INFO] Executing: docker exec piper_env bash -ic 'source ~/.bashrc && p goto reset'
2026-04-29 22:59:40,729 [INFO] stdout: Go to reset complete.
2026-04-29 22:59:40,729 [WARNING] stderr: bash: cannot set terminal process group (-1): Inappropriate ioctl for device
bash: no job control in this shell
2026-04-29 22:59:41,636 [INFO] Executing: docker exec piper_env bash -ic 'source ~/.bashrc && p disable'
2026-04-29 22:59:46,357 [INFO] stdout: Piper disable sequence complete.
2026-04-29 22:59:46,457 [WARNING] stderr: bash: cannot set terminal process group (-1): Inappropriate ioctl for device
bash: no job control in this shell
INFO:PiperInterface:Disabling Piper Arm...
INFO:PiperInterface:Target Joint Positions: [0.0, 0.0, 0.0, 0.0, 0.0, 0.0], Current Joint Positions: [9, 9, -3, 6, 458, 10]
INFO:PiperInterface:Moving to zero position before disabling.
INFO:PiperInterface:Aligning joints to zero position.
INFO:PiperInterface:Releasing motors.
INFO:PiperInterface:Piper Arm Disabled!!!!
2026-04-29 22:59:54,824 [INFO] Executing: docker exec piper_env bash -ic 'source ~/.bashrc && p enable'
2026-04-29 22:59:55,933 [INFO] stdout: 使能成功!!!!
Piper enable sequence complete.
2026-04-29 22:59:56,034 [WARNING] stderr: bash: cannot set terminal process group (-1): Inappropriate ioctl for device
bash: no job control in this shell
bash: /piper_sdk/piper_sdk/can_activate.sh can0 1000000: No such file or directory
2026-04-29 22:59:57,043 [INFO] Executing: docker exec piper_env bash -ic 'source ~/.bashrc && p goto init'
2026-04-29 22:59:58,654 [INFO] stdout: Go to init complete.
2026-04-29 22:59:58,654 [WARNING] stderr: bash: cannot set terminal process group (-1): Inappropriate ioctl for device
bash: no job control in this shell
2026-04-29 23:00:23,840 [INFO] Starting data listener with command: bash -lc 'mkdir -p /nethome/rbansal66/CS4803ARM_Lab/user_data/armory/logs; touch /nethome/rbansal66/CS4803ARM_Lab/user_data/armory/logs/workstation_14-listener.log || exit 1; if ! docker ps --filter name=piper_env -q | grep -q .; then echo '"'"'piper_env is not running'"'"' >&2; exit 1; fi; if docker exec piper_env bash -lc '"'"'if [ -s /tmp/armory_listener.pid ]; then pid=$(cat /tmp/armory_listener.pid); kill -0 "$pid" >/dev/null 2>&1; else exit 1; fi'"'"'; then pid=$(docker exec piper_env cat /tmp/armory_listener.pid); echo '"'"'data listener already running (pid '"'"'"$pid"'"'"'); log: /nethome/rbansal66/CS4803ARM_Lab/user_data/armory/logs/workstation_14-listener.log'"'"'; exit 0; fi; docker exec piper_env rm -f /tmp/armory_listener.pid >/dev/null 2>&1 || true; printf '"'"'\n[%s] Starting data listener: ros2 launch run_follower.launch.py\n'"'"' "$(date '"'"'+%F %T'"'"')" >> /nethome/rbansal66/CS4803ARM_Lab/user_data/armory/logs/workstation_14-listener.log; nohup docker exec piper_env bash -lc '"'"'if command -v setsid >/dev/null 2>&1; then exec setsid bash -ic '"'"'"'"'"'"'"'"'source ~/.bashrc; cd /CS4803ARM_Lab/user_data/data_collection || exit 1; echo $$ > /tmp/armory_listener.pid; exec ros2 launch run_follower.launch.py'"'"'"'"'"'"'"'"'; else exec bash -ic '"'"'"'"'"'"'"'"'source ~/.bashrc; cd /CS4803ARM_Lab/user_data/data_collection || exit 1; echo $$ > /tmp/armory_listener.pid; exec ros2 launch run_follower.launch.py'"'"'"'"'"'"'"'"'; fi'"'"' >> /nethome/rbansal66/CS4803ARM_Lab/user_data/armory/logs/workstation_14-listener.log 2>&1 < /dev/null & host_pid=$!; echo $host_pid > /tmp/armory_listener_docker_exec.pid; sleep 0.5; if kill -0 "$host_pid" >/dev/null 2>&1; then pid=$(docker exec piper_env cat /tmp/armory_listener.pid 2>/dev/null || echo "$host_pid"); echo '"'"'data listener started (pid '"'"'"$pid"'"'"'); log: /nethome/rbansal66/CS4803ARM_Lab/user_data/armory/logs/workstation_14-listener.log'"'"'; else rm -f /tmp/armory_listener_docker_exec.pid; echo '"'"'data listener exited immediately; check log: /nethome/rbansal66/CS4803ARM_Lab/user_data/armory/logs/workstation_14-listener.log'"'"' >&2; tail -n 20 /nethome/rbansal66/CS4803ARM_Lab/user_data/armory/logs/workstation_14-listener.log >&2 || true; exit 1; fi'
2026-04-29 23:02:06,814 [INFO] Starting Piper client with command: bash -lc 'mkdir -p /nethome/rbansal66/CS4803ARM_Lab/user_data/armory/logs; touch /nethome/rbansal66/CS4803ARM_Lab/user_data/armory/logs/workstation_14-client.log || exit 1; if ! docker ps --filter name=piper_env -q | grep -q .; then echo '"'"'piper_env is not running'"'"' >&2; exit 1; fi; if docker exec piper_env bash -lc '"'"'if [ -s /tmp/armory_client.pid ]; then pid=$(cat /tmp/armory_client.pid); kill -0 "$pid" >/dev/null 2>&1; else exit 1; fi'"'"'; then pid=$(docker exec piper_env cat /tmp/armory_client.pid); echo '"'"'Piper client already running (pid '"'"'"$pid"'"'"'); log: /nethome/rbansal66/CS4803ARM_Lab/user_data/armory/logs/workstation_14-client.log'"'"'; exit 0; fi; docker exec piper_env rm -f /tmp/armory_client.pid >/dev/null 2>&1 || true; printf '"'"'\n[%s] Starting Piper client: ros2 run piper piper_client\n'"'"' "$(date '"'"'+%F %T'"'"')" >> /nethome/rbansal66/CS4803ARM_Lab/user_data/armory/logs/workstation_14-client.log; nohup docker exec piper_env bash -lc '"'"'if command -v setsid >/dev/null 2>&1; then exec setsid bash -ic '"'"'"'"'"'"'"'"'source ~/.bashrc; cd /CS4803ARM_Lab/user_data/piper_ros || exit 1; echo $$ > /tmp/armory_client.pid; exec ros2 run piper piper_client'"'"'"'"'"'"'"'"'; else exec bash -ic '"'"'"'"'"'"'"'"'source ~/.bashrc; cd /CS4803ARM_Lab/user_data/piper_ros || exit 1; echo $$ > /tmp/armory_client.pid; exec ros2 run piper piper_client'"'"'"'"'"'"'"'"'; fi'"'"' >> /nethome/rbansal66/CS4803ARM_Lab/user_data/armory/logs/workstation_14-client.log 2>&1 < /dev/null & host_pid=$!; echo $host_pid > /tmp/armory_client_docker_exec.pid; sleep 0.5; if kill -0 "$host_pid" >/dev/null 2>&1; then pid=$(docker exec piper_env cat /tmp/armory_client.pid 2>/dev/null || echo "$host_pid"); echo '"'"'Piper client started (pid '"'"'"$pid"'"'"'); log: /nethome/rbansal66/CS4803ARM_Lab/user_data/armory/logs/workstation_14-client.log'"'"'; else rm -f /tmp/armory_client_docker_exec.pid; echo '"'"'Piper client exited immediately; check log: /nethome/rbansal66/CS4803ARM_Lab/user_data/armory/logs/workstation_14-client.log'"'"' >&2; tail -n 20 /nethome/rbansal66/CS4803ARM_Lab/user_data/armory/logs/workstation_14-client.log >&2 || true; exit 1; fi'
2026-04-29 23:02:38,774 [INFO] Stopping Piper client with command: bash -lc 'mkdir -p /nethome/rbansal66/CS4803ARM_Lab/user_data/armory/logs; touch /nethome/rbansal66/CS4803ARM_Lab/user_data/armory/logs/workstation_14-client.log || exit 1; printf '"'"'\n[%s] Stopping Piper client\n'"'"' "$(date '"'"'+%F %T'"'"')" >> /nethome/rbansal66/CS4803ARM_Lab/user_data/armory/logs/workstation_14-client.log; if docker ps --filter name=piper_env -q | grep -q .; then docker exec piper_env bash -lc '"'"'if [ -s /tmp/armory_client.pid ]; then pid=$(cat /tmp/armory_client.pid); kill -- -"$pid" >/dev/null 2>&1 || kill "$pid" >/dev/null 2>&1 || true; sleep 0.5; kill -9 -- -"$pid" >/dev/null 2>&1 || kill -9 "$pid" >/dev/null 2>&1 || true; rm -f /tmp/armory_client.pid; fi; pkill -f '"'"'"'"'"'"'"'"'[r]os2\ run\ piper\ piper_client'"'"'"'"'"'"'"'"' >/dev/null 2>&1 || true'"'"' >> /nethome/rbansal66/CS4803ARM_Lab/user_data/armory/logs/workstation_14-client.log 2>&1 || true; else echo '"'"'piper_env is not running'"'"' >> /nethome/rbansal66/CS4803ARM_Lab/user_data/armory/logs/workstation_14-client.log; fi; if [ -s /tmp/armory_client_docker_exec.pid ]; then host_pid=$(cat /tmp/armory_client_docker_exec.pid); kill "$host_pid" >/dev/null 2>&1 || true; rm -f /tmp/armory_client_docker_exec.pid; fi; echo '"'"'Piper client stopped; log: /nethome/rbansal66/CS4803ARM_Lab/user_data/armory/logs/workstation_14-client.log'"'"''
2026-04-29 23:03:19,872 [INFO] Executing: docker exec piper_env bash -ic 'source ~/.bashrc && p goto init'
2026-04-29 23:03:21,481 [INFO] stdout: Go to init complete.
2026-04-29 23:03:21,481 [WARNING] stderr: bash: cannot set terminal process group (-1): Inappropriate ioctl for device
bash: no job control in this shell
2026-04-29 23:03:34,302 [INFO] Starting Piper client with command: bash -lc 'mkdir -p /nethome/rbansal66/CS4803ARM_Lab/user_data/armory/logs; touch /nethome/rbansal66/CS4803ARM_Lab/user_data/armory/logs/workstation_14-client.log || exit 1; if ! docker ps --filter name=piper_env -q | grep -q .; then echo '"'"'piper_env is not running'"'"' >&2; exit 1; fi; if docker exec piper_env bash -lc '"'"'if [ -s /tmp/armory_client.pid ]; then pid=$(cat /tmp/armory_client.pid); kill -0 "$pid" >/dev/null 2>&1; else exit 1; fi'"'"'; then pid=$(docker exec piper_env cat /tmp/armory_client.pid); echo '"'"'Piper client already running (pid '"'"'"$pid"'"'"'); log: /nethome/rbansal66/CS4803ARM_Lab/user_data/armory/logs/workstation_14-client.log'"'"'; exit 0; fi; docker exec piper_env rm -f /tmp/armory_client.pid >/dev/null 2>&1 || true; printf '"'"'\n[%s] Starting Piper client: ros2 run piper piper_client\n'"'"' "$(date '"'"'+%F %T'"'"')" >> /nethome/rbansal66/CS4803ARM_Lab/user_data/armory/logs/workstation_14-client.log; nohup docker exec piper_env bash -lc '"'"'if command -v setsid >/dev/null 2>&1; then exec setsid bash -ic '"'"'"'"'"'"'"'"'source ~/.bashrc; cd /CS4803ARM_Lab/user_data/piper_ros || exit 1; echo $$ > /tmp/armory_client.pid; exec ros2 run piper piper_client'"'"'"'"'"'"'"'"'; else exec bash -ic '"'"'"'"'"'"'"'"'source ~/.bashrc; cd /CS4803ARM_Lab/user_data/piper_ros || exit 1; echo $$ > /tmp/armory_client.pid; exec ros2 run piper piper_client'"'"'"'"'"'"'"'"'; fi'"'"' >> /nethome/rbansal66/CS4803ARM_Lab/user_data/armory/logs/workstation_14-client.log 2>&1 < /dev/null & host_pid=$!; echo $host_pid > /tmp/armory_client_docker_exec.pid; sleep 0.5; if kill -0 "$host_pid" >/dev/null 2>&1; then pid=$(docker exec piper_env cat /tmp/armory_client.pid 2>/dev/null || echo "$host_pid"); echo '"'"'Piper client started (pid '"'"'"$pid"'"'"'); log: /nethome/rbansal66/CS4803ARM_Lab/user_data/armory/logs/workstation_14-client.log'"'"'; else rm -f /tmp/armory_client_docker_exec.pid; echo '"'"'Piper client exited immediately; check log: /nethome/rbansal66/CS4803ARM_Lab/user_data/armory/logs/workstation_14-client.log'"'"' >&2; tail -n 20 /nethome/rbansal66/CS4803ARM_Lab/user_data/armory/logs/workstation_14-client.log >&2 || true; exit 1; fi'
2026-04-29 23:05:23,272 [INFO] Stopping Piper client with command: bash -lc 'mkdir -p /nethome/rbansal66/CS4803ARM_Lab/user_data/armory/logs; touch /nethome/rbansal66/CS4803ARM_Lab/user_data/armory/logs/workstation_14-client.log || exit 1; printf '"'"'\n[%s] Stopping Piper client\n'"'"' "$(date '"'"'+%F %T'"'"')" >> /nethome/rbansal66/CS4803ARM_Lab/user_data/armory/logs/workstation_14-client.log; if docker ps --filter name=piper_env -q | grep -q .; then docker exec piper_env bash -lc '"'"'if [ -s /tmp/armory_client.pid ]; then pid=$(cat /tmp/armory_client.pid); kill -- -"$pid" >/dev/null 2>&1 || kill "$pid" >/dev/null 2>&1 || true; sleep 0.5; kill -9 -- -"$pid" >/dev/null 2>&1 || kill -9 "$pid" >/dev/null 2>&1 || true; rm -f /tmp/armory_client.pid; fi; pkill -f '"'"'"'"'"'"'"'"'[r]os2\ run\ piper\ piper_client'"'"'"'"'"'"'"'"' >/dev/null 2>&1 || true'"'"' >> /nethome/rbansal66/CS4803ARM_Lab/user_data/armory/logs/workstation_14-client.log 2>&1 || true; else echo '"'"'piper_env is not running'"'"' >> /nethome/rbansal66/CS4803ARM_Lab/user_data/armory/logs/workstation_14-client.log; fi; if [ -s /tmp/armory_client_docker_exec.pid ]; then host_pid=$(cat /tmp/armory_client_docker_exec.pid); kill "$host_pid" >/dev/null 2>&1 || true; rm -f /tmp/armory_client_docker_exec.pid; fi; echo '"'"'Piper client stopped; log: /nethome/rbansal66/CS4803ARM_Lab/user_data/armory/logs/workstation_14-client.log'"'"''
2026-04-29 23:06:44,170 [INFO] Executing: docker exec piper_env bash -ic 'source ~/.bashrc && p goto init'
2026-04-29 23:06:45,779 [INFO] stdout: Go to init complete.
2026-04-29 23:06:45,780 [WARNING] stderr: bash: cannot set terminal process group (-1): Inappropriate ioctl for device
bash: no job control in this shell
2026-04-29 23:07:23,858 [INFO] Starting Piper client with command: bash -lc 'mkdir -p /nethome/rbansal66/CS4803ARM_Lab/user_data/armory/logs; touch /nethome/rbansal66/CS4803ARM_Lab/user_data/armory/logs/workstation_14-client.log || exit 1; if ! docker ps --filter name=piper_env -q | grep -q .; then echo '"'"'piper_env is not running'"'"' >&2; exit 1; fi; if docker exec piper_env bash -lc '"'"'if [ -s /tmp/armory_client.pid ]; then pid=$(cat /tmp/armory_client.pid); kill -0 "$pid" >/dev/null 2>&1; else exit 1; fi'"'"'; then pid=$(docker exec piper_env cat /tmp/armory_client.pid); echo '"'"'Piper client already running (pid '"'"'"$pid"'"'"'); log: /nethome/rbansal66/CS4803ARM_Lab/user_data/armory/logs/workstation_14-client.log'"'"'; exit 0; fi; docker exec piper_env rm -f /tmp/armory_client.pid >/dev/null 2>&1 || true; printf '"'"'\n[%s] Starting Piper client: ros2 run piper piper_client\n'"'"' "$(date '"'"'+%F %T'"'"')" >> /nethome/rbansal66/CS4803ARM_Lab/user_data/armory/logs/workstation_14-client.log; nohup docker exec piper_env bash -lc '"'"'if command -v setsid >/dev/null 2>&1; then exec setsid bash -ic '"'"'"'"'"'"'"'"'source ~/.bashrc; cd /CS4803ARM_Lab/user_data/piper_ros || exit 1; echo $$ > /tmp/armory_client.pid; exec ros2 run piper piper_client'"'"'"'"'"'"'"'"'; else exec bash -ic '"'"'"'"'"'"'"'"'source ~/.bashrc; cd /CS4803ARM_Lab/user_data/piper_ros || exit 1; echo $$ > /tmp/armory_client.pid; exec ros2 run piper piper_client'"'"'"'"'"'"'"'"'; fi'"'"' >> /nethome/rbansal66/CS4803ARM_Lab/user_data/armory/logs/workstation_14-client.log 2>&1 < /dev/null & host_pid=$!; echo $host_pid > /tmp/armory_client_docker_exec.pid; sleep 0.5; if kill -0 "$host_pid" >/dev/null 2>&1; then pid=$(docker exec piper_env cat /tmp/armory_client.pid 2>/dev/null || echo "$host_pid"); echo '"'"'Piper client started (pid '"'"'"$pid"'"'"'); log: /nethome/rbansal66/CS4803ARM_Lab/user_data/armory/logs/workstation_14-client.log'"'"'; else rm -f /tmp/armory_client_docker_exec.pid; echo '"'"'Piper client exited immediately; check log: /nethome/rbansal66/CS4803ARM_Lab/user_data/armory/logs/workstation_14-client.log'"'"' >&2; tail -n 20 /nethome/rbansal66/CS4803ARM_Lab/user_data/armory/logs/workstation_14-client.log >&2 || true; exit 1; fi'
2026-04-29 23:08:16,690 [INFO] Stopping Piper client with command: bash -lc 'mkdir -p /nethome/rbansal66/CS4803ARM_Lab/user_data/armory/logs; touch /nethome/rbansal66/CS4803ARM_Lab/user_data/armory/logs/workstation_14-client.log || exit 1; printf '"'"'\n[%s] Stopping Piper client\n'"'"' "$(date '"'"'+%F %T'"'"')" >> /nethome/rbansal66/CS4803ARM_Lab/user_data/armory/logs/workstation_14-client.log; if docker ps --filter name=piper_env -q | grep -q .; then docker exec piper_env bash -lc '"'"'if [ -s /tmp/armory_client.pid ]; then pid=$(cat /tmp/armory_client.pid); kill -- -"$pid" >/dev/null 2>&1 || kill "$pid" >/dev/null 2>&1 || true; sleep 0.5; kill -9 -- -"$pid" >/dev/null 2>&1 || kill -9 "$pid" >/dev/null 2>&1 || true; rm -f /tmp/armory_client.pid; fi; pkill -f '"'"'"'"'"'"'"'"'[r]os2\ run\ piper\ piper_client'"'"'"'"'"'"'"'"' >/dev/null 2>&1 || true'"'"' >> /nethome/rbansal66/CS4803ARM_Lab/user_data/armory/logs/workstation_14-client.log 2>&1 || true; else echo '"'"'piper_env is not running'"'"' >> /nethome/rbansal66/CS4803ARM_Lab/user_data/armory/logs/workstation_14-client.log; fi; if [ -s /tmp/armory_client_docker_exec.pid ]; then host_pid=$(cat /tmp/armory_client_docker_exec.pid); kill "$host_pid" >/dev/null 2>&1 || true; rm -f /tmp/armory_client_docker_exec.pid; fi; echo '"'"'Piper client stopped; log: /nethome/rbansal66/CS4803ARM_Lab/user_data/armory/logs/workstation_14-client.log'"'"''
2026-04-29 23:08:23,896 [INFO] Executing: docker exec piper_env bash -ic 'source ~/.bashrc && p goto init'
2026-04-29 23:08:25,707 [INFO] stdout: Go to init complete.
2026-04-29 23:08:25,707 [WARNING] stderr: bash: cannot set terminal process group (-1): Inappropriate ioctl for device
bash: no job control in this shell
2026-04-29 23:09:08,575 [INFO] Executing: docker exec piper_env bash -ic 'source ~/.bashrc && p goto reset'
2026-04-29 23:09:10,185 [INFO] stdout: Go to reset complete.
2026-04-29 23:09:10,185 [WARNING] stderr: bash: cannot set terminal process group (-1): Inappropriate ioctl for device
bash: no job control in this shell
2026-04-29 23:09:11,198 [INFO] Executing: docker exec piper_env bash -ic 'source ~/.bashrc && p disable'
2026-04-29 23:09:16,329 [INFO] stdout: Piper disable sequence complete.
2026-04-29 23:09:16,429 [WARNING] stderr: bash: cannot set terminal process group (-1): Inappropriate ioctl for device
bash: no job control in this shell
INFO:PiperInterface:Disabling Piper Arm...
INFO:PiperInterface:Target Joint Positions: [0.0, 0.0, 0.0, 0.0, 0.0, 0.0], Current Joint Positions: [1, 9, -3, 1, 457, 10]
INFO:PiperInterface:Moving to zero position before disabling.
INFO:PiperInterface:Aligning joints to zero position.
INFO:PiperInterface:Releasing motors.
INFO:PiperInterface:Piper Arm Disabled!!!!
2026-04-29 23:09:43,173 [INFO] Stopping data listener with command: bash -lc 'mkdir -p /nethome/rbansal66/CS4803ARM_Lab/user_data/armory/logs; touch /nethome/rbansal66/CS4803ARM_Lab/user_data/armory/logs/workstation_14-listener.log || exit 1; printf '"'"'\n[%s] Stopping data listener\n'"'"' "$(date '"'"'+%F %T'"'"')" >> /nethome/rbansal66/CS4803ARM_Lab/user_data/armory/logs/workstation_14-listener.log; if docker ps --filter name=piper_env -q | grep -q .; then docker exec piper_env bash -lc '"'"'if [ -s /tmp/armory_listener.pid ]; then pid=$(cat /tmp/armory_listener.pid); kill -- -"$pid" >/dev/null 2>&1 || kill "$pid" >/dev/null 2>&1 || true; sleep 0.5; kill -9 -- -"$pid" >/dev/null 2>&1 || kill -9 "$pid" >/dev/null 2>&1 || true; rm -f /tmp/armory_listener.pid; fi; pkill -f '"'"'"'"'"'"'"'"'[r]os2\ launch\ run_follower\.launch\.py'"'"'"'"'"'"'"'"' >/dev/null 2>&1 || true'"'"' >> /nethome/rbansal66/CS4803ARM_Lab/user_data/armory/logs/workstation_14-listener.log 2>&1 || true; else echo '"'"'piper_env is not running'"'"' >> /nethome/rbansal66/CS4803ARM_Lab/user_data/armory/logs/workstation_14-listener.log; fi; if [ -s /tmp/armory_listener_docker_exec.pid ]; then host_pid=$(cat /tmp/armory_listener_docker_exec.pid); kill "$host_pid" >/dev/null 2>&1 || true; rm -f /tmp/armory_listener_docker_exec.pid; fi; echo '"'"'data listener stopped; log: /nethome/rbansal66/CS4803ARM_Lab/user_data/armory/logs/workstation_14-listener.log'"'"''
2026-04-29 23:11:46,623 [INFO] Executing: docker exec piper_env bash -ic 'source ~/.bashrc && p goto reset'
2026-04-29 23:11:48,436 [INFO] stdout: Go to reset complete.
2026-04-29 23:11:48,436 [WARNING] stderr: bash: cannot set terminal process group (-1): Inappropriate ioctl for device
bash: no job control in this shell
2026-04-29 23:11:50,556 [INFO] Executing: docker exec piper_env bash -ic 'source ~/.bashrc && p disable'
2026-04-29 23:11:55,585 [INFO] stdout: Piper disable sequence complete.
2026-04-29 23:11:55,585 [WARNING] stderr: bash: cannot set terminal process group (-1): Inappropriate ioctl for device
bash: no job control in this shell
INFO:PiperInterface:Disabling Piper Arm...
INFO:PiperInterface:Target Joint Positions: [0.0, 0.0, 0.0, 0.0, 0.0, 0.0], Current Joint Positions: [1, 2, 1, 1, 443, 3]
INFO:PiperInterface:Moving to zero position before disabling.
INFO:PiperInterface:Aligning joints to zero position.
INFO:PiperInterface:Releasing motors.
INFO:PiperInterface:Piper Arm Disabled!!!!
2026-04-29 23:11:57,101 [INFO] Killing tunnel with command: bash -lc 'ssh -S /tmp/armory_tunnel_zhurong_8080.sock -O exit rbansal66@zhurong >/dev/null 2>&1 || true; rm -f /tmp/armory_tunnel_zhurong_8080.sock; if command -v pkill >/dev/null 2>&1; then pkill -f '"'"'[s]sh .* -L 8080:zhurong:8080 .*rbansal66@zhurong'"'"' >/dev/null 2>&1 || true; fi; echo '"'"'Tunnel stopped'"'"''
2026-04-29 23:11:59,721 [INFO] Container stopped and removed
2026-05-03 18:49:26,804 [INFO] Docker container not running — status: offline
2026-05-03 18:49:46,289 [INFO] Starting Docker container in detached mode
2026-05-03 18:49:46,896 [INFO] docker run output: 38684e09914287902bd342095754c5563d1282d0cbfdf2ccce9d300b713fc83b
2026-05-03 18:49:49,922 [INFO] Container started successfully
2026-05-03 19:01:27,821 [INFO] Starting data listener with command: bash -lc 'mkdir -p /nethome/rbansal66/CS4803ARM_Lab/user_data/armory/logs; touch /nethome/rbansal66/CS4803ARM_Lab/user_data/armory/logs/workstation_14-listener.log || exit 1; if ! docker ps --filter name=piper_env -q | grep -q .; then echo '"'"'piper_env is not running'"'"' >&2; exit 1; fi; if docker exec piper_env bash -lc '"'"'if [ -s /tmp/armory_listener.pid ]; then pid=$(cat /tmp/armory_listener.pid); kill -0 "$pid" >/dev/null 2>&1; else exit 1; fi'"'"'; then pid=$(docker exec piper_env cat /tmp/armory_listener.pid); echo '"'"'data listener already running (pid '"'"'"$pid"'"'"'); log: /nethome/rbansal66/CS4803ARM_Lab/user_data/armory/logs/workstation_14-listener.log'"'"'; exit 0; fi; docker exec piper_env rm -f /tmp/armory_listener.pid >/dev/null 2>&1 || true; printf '"'"'\n[%s] Starting data listener: ros2 launch run_follower.launch.py\n'"'"' "$(date '"'"'+%F %T'"'"')" >> /nethome/rbansal66/CS4803ARM_Lab/user_data/armory/logs/workstation_14-listener.log; nohup docker exec piper_env bash -lc '"'"'if command -v setsid >/dev/null 2>&1; then exec setsid bash -ic '"'"'"'"'"'"'"'"'source ~/.bashrc; cd /CS4803ARM_Lab/user_data/data_collection || exit 1; echo $$ > /tmp/armory_listener.pid; exec ros2 launch run_follower.launch.py'"'"'"'"'"'"'"'"'; else exec bash -ic '"'"'"'"'"'"'"'"'source ~/.bashrc; cd /CS4803ARM_Lab/user_data/data_collection || exit 1; echo $$ > /tmp/armory_listener.pid; exec ros2 launch run_follower.launch.py'"'"'"'"'"'"'"'"'; fi'"'"' >> /nethome/rbansal66/CS4803ARM_Lab/user_data/armory/logs/workstation_14-listener.log 2>&1 < /dev/null & host_pid=$!; echo $host_pid > /tmp/armory_listener_docker_exec.pid; sleep 0.5; if kill -0 "$host_pid" >/dev/null 2>&1; then pid=$(docker exec piper_env cat /tmp/armory_listener.pid 2>/dev/null || echo "$host_pid"); echo '"'"'data listener started (pid '"'"'"$pid"'"'"'); log: /nethome/rbansal66/CS4803ARM_Lab/user_data/armory/logs/workstation_14-listener.log'"'"'; else rm -f /tmp/armory_listener_docker_exec.pid; echo '"'"'data listener exited immediately; check log: /nethome/rbansal66/CS4803ARM_Lab/user_data/armory/logs/workstation_14-listener.log'"'"' >&2; tail -n 20 /nethome/rbansal66/CS4803ARM_Lab/user_data/armory/logs/workstation_14-listener.log >&2 || true; exit 1; fi'
2026-05-03 19:02:04,041 [INFO] Executing: docker exec piper_env bash -ic 'source ~/.bashrc && p enable'
2026-05-03 19:02:34,276 [ERROR] Command 'p enable' failed: 
2026-05-03 19:02:36,795 [INFO] Executing: docker exec piper_env bash -ic 'source ~/.bashrc && p goto init'
2026-05-03 19:02:57,287 [WARNING] stderr: bash: cannot set terminal process group (-1): Inappropriate ioctl for device
bash: no job control in this shell
2026-05-03 19:03:11,251 [INFO] Docker container running — status: booted
2026-05-03 19:03:25,030 [INFO] Executing: docker exec piper_env bash -ic 'source ~/.bashrc && p goto reset'
2026-05-03 19:03:35,880 [WARNING] stderr: bash: cannot set terminal process group (-1): Inappropriate ioctl for device
bash: no job control in this shell
2026-05-03 19:03:47,141 [INFO] Docker container running — status: booted
2026-05-03 19:06:41,628 [INFO] Docker container not running — status: offline
2026-05-03 19:12:28,776 [INFO] Starting Docker container in detached mode
2026-05-03 19:12:29,481 [INFO] docker run output: 69b279228149df7c4f525a6174f12a95724826186a3af76776eab992b3f33aed
2026-05-03 19:12:32,111 [INFO] Container started successfully
2026-05-03 19:14:20,618 [INFO] Executing: docker exec piper_env bash -ic 'source ~/.bashrc && p enable'
2026-05-03 19:14:21,629 [INFO] stdout: 使能成功!!!!
Piper enable sequence complete.
2026-05-03 19:14:21,629 [WARNING] stderr: bash: cannot set terminal process group (-1): Inappropriate ioctl for device
bash: no job control in this shell
bash: /piper_sdk/piper_sdk/can_activate.sh can0 1000000: No such file or directory
2026-05-03 19:14:23,042 [INFO] Executing: docker exec piper_env bash -ic 'source ~/.bashrc && p goto init'
2026-05-03 19:14:24,853 [INFO] stdout: Go to init complete.
2026-05-03 19:14:24,853 [WARNING] stderr: bash: cannot set terminal process group (-1): Inappropriate ioctl for device
bash: no job control in this shell
2026-05-03 19:14:46,136 [INFO] Starting data listener with command: bash -lc 'mkdir -p /nethome/rbansal66/CS4803ARM_Lab/user_data/armory/logs; touch /nethome/rbansal66/CS4803ARM_Lab/user_data/armory/logs/workstation_14-listener.log || exit 1; if ! docker ps --filter name=piper_env -q | grep -q .; then echo '"'"'piper_env is not running'"'"' >&2; exit 1; fi; if docker exec piper_env bash -lc '"'"'if [ -s /tmp/armory_listener.pid ]; then pid=$(cat /tmp/armory_listener.pid); kill -0 "$pid" >/dev/null 2>&1; else exit 1; fi'"'"'; then pid=$(docker exec piper_env cat /tmp/armory_listener.pid); echo '"'"'data listener already running (pid '"'"'"$pid"'"'"'); log: /nethome/rbansal66/CS4803ARM_Lab/user_data/armory/logs/workstation_14-listener.log'"'"'; exit 0; fi; docker exec piper_env rm -f /tmp/armory_listener.pid >/dev/null 2>&1 || true; printf '"'"'\n[%s] Starting data listener: ros2 launch run_follower.launch.py\n'"'"' "$(date '"'"'+%F %T'"'"')" >> /nethome/rbansal66/CS4803ARM_Lab/user_data/armory/logs/workstation_14-listener.log; nohup docker exec piper_env bash -lc '"'"'if command -v setsid >/dev/null 2>&1; then exec setsid bash -ic '"'"'"'"'"'"'"'"'source ~/.bashrc; cd /CS4803ARM_Lab/user_data/data_collection || exit 1; echo $$ > /tmp/armory_listener.pid; exec ros2 launch run_follower.launch.py'"'"'"'"'"'"'"'"'; else exec bash -ic '"'"'"'"'"'"'"'"'source ~/.bashrc; cd /CS4803ARM_Lab/user_data/data_collection || exit 1; echo $$ > /tmp/armory_listener.pid; exec ros2 launch run_follower.launch.py'"'"'"'"'"'"'"'"'; fi'"'"' >> /nethome/rbansal66/CS4803ARM_Lab/user_data/armory/logs/workstation_14-listener.log 2>&1 < /dev/null & host_pid=$!; echo $host_pid > /tmp/armory_listener_docker_exec.pid; sleep 0.5; if kill -0 "$host_pid" >/dev/null 2>&1; then pid=$(docker exec piper_env cat /tmp/armory_listener.pid 2>/dev/null || echo "$host_pid"); echo '"'"'data listener started (pid '"'"'"$pid"'"'"'); log: /nethome/rbansal66/CS4803ARM_Lab/user_data/armory/logs/workstation_14-listener.log'"'"'; else rm -f /tmp/armory_listener_docker_exec.pid; echo '"'"'data listener exited immediately; check log: /nethome/rbansal66/CS4803ARM_Lab/user_data/armory/logs/workstation_14-listener.log'"'"' >&2; tail -n 20 /nethome/rbansal66/CS4803ARM_Lab/user_data/armory/logs/workstation_14-listener.log >&2 || true; exit 1; fi'
2026-05-03 19:14:58,842 [INFO] Starting Piper client with command: bash -lc 'mkdir -p /nethome/rbansal66/CS4803ARM_Lab/user_data/armory/logs; touch /nethome/rbansal66/CS4803ARM_Lab/user_data/armory/logs/workstation_14-client.log || exit 1; if ! docker ps --filter name=piper_env -q | grep -q .; then echo '"'"'piper_env is not running'"'"' >&2; exit 1; fi; if docker exec piper_env bash -lc '"'"'if [ -s /tmp/armory_client.pid ]; then pid=$(cat /tmp/armory_client.pid); kill -0 "$pid" >/dev/null 2>&1; else exit 1; fi'"'"'; then pid=$(docker exec piper_env cat /tmp/armory_client.pid); echo '"'"'Piper client already running (pid '"'"'"$pid"'"'"'); log: /nethome/rbansal66/CS4803ARM_Lab/user_data/armory/logs/workstation_14-client.log'"'"'; exit 0; fi; docker exec piper_env rm -f /tmp/armory_client.pid >/dev/null 2>&1 || true; printf '"'"'\n[%s] Starting Piper client: ros2 run piper piper_client\n'"'"' "$(date '"'"'+%F %T'"'"')" >> /nethome/rbansal66/CS4803ARM_Lab/user_data/armory/logs/workstation_14-client.log; nohup docker exec piper_env bash -lc '"'"'if command -v setsid >/dev/null 2>&1; then exec setsid bash -ic '"'"'"'"'"'"'"'"'source ~/.bashrc; cd /CS4803ARM_Lab/user_data/piper_ros || exit 1; echo $$ > /tmp/armory_client.pid; exec ros2 run piper piper_client'"'"'"'"'"'"'"'"'; else exec bash -ic '"'"'"'"'"'"'"'"'source ~/.bashrc; cd /CS4803ARM_Lab/user_data/piper_ros || exit 1; echo $$ > /tmp/armory_client.pid; exec ros2 run piper piper_client'"'"'"'"'"'"'"'"'; fi'"'"' >> /nethome/rbansal66/CS4803ARM_Lab/user_data/armory/logs/workstation_14-client.log 2>&1 < /dev/null & host_pid=$!; echo $host_pid > /tmp/armory_client_docker_exec.pid; sleep 0.5; if kill -0 "$host_pid" >/dev/null 2>&1; then pid=$(docker exec piper_env cat /tmp/armory_client.pid 2>/dev/null || echo "$host_pid"); echo '"'"'Piper client started (pid '"'"'"$pid"'"'"'); log: /nethome/rbansal66/CS4803ARM_Lab/user_data/armory/logs/workstation_14-client.log'"'"'; else rm -f /tmp/armory_client_docker_exec.pid; echo '"'"'Piper client exited immediately; check log: /nethome/rbansal66/CS4803ARM_Lab/user_data/armory/logs/workstation_14-client.log'"'"' >&2; tail -n 20 /nethome/rbansal66/CS4803ARM_Lab/user_data/armory/logs/workstation_14-client.log >&2 || true; exit 1; fi'
2026-05-03 19:17:59,735 [INFO] Stopping Piper client with command: bash -lc 'mkdir -p /nethome/rbansal66/CS4803ARM_Lab/user_data/armory/logs; touch /nethome/rbansal66/CS4803ARM_Lab/user_data/armory/logs/workstation_14-client.log || exit 1; printf '"'"'\n[%s] Stopping Piper client\n'"'"' "$(date '"'"'+%F %T'"'"')" >> /nethome/rbansal66/CS4803ARM_Lab/user_data/armory/logs/workstation_14-client.log; if docker ps --filter name=piper_env -q | grep -q .; then docker exec piper_env bash -lc '"'"'if [ -s /tmp/armory_client.pid ]; then pid=$(cat /tmp/armory_client.pid); kill -- -"$pid" >/dev/null 2>&1 || kill "$pid" >/dev/null 2>&1 || true; sleep 0.5; kill -9 -- -"$pid" >/dev/null 2>&1 || kill -9 "$pid" >/dev/null 2>&1 || true; rm -f /tmp/armory_client.pid; fi; pkill -f '"'"'"'"'"'"'"'"'[r]os2\ run\ piper\ piper_client'"'"'"'"'"'"'"'"' >/dev/null 2>&1 || true'"'"' >> /nethome/rbansal66/CS4803ARM_Lab/user_data/armory/logs/workstation_14-client.log 2>&1 || true; else echo '"'"'piper_env is not running'"'"' >> /nethome/rbansal66/CS4803ARM_Lab/user_data/armory/logs/workstation_14-client.log; fi; if [ -s /tmp/armory_client_docker_exec.pid ]; then host_pid=$(cat /tmp/armory_client_docker_exec.pid); kill "$host_pid" >/dev/null 2>&1 || true; rm -f /tmp/armory_client_docker_exec.pid; fi; echo '"'"'Piper client stopped; log: /nethome/rbansal66/CS4803ARM_Lab/user_data/armory/logs/workstation_14-client.log'"'"''
2026-05-03 19:19:14,415 [INFO] Executing: docker exec piper_env bash -ic 'source ~/.bashrc && p goto init'
2026-05-03 19:19:16,326 [INFO] stdout: Go to init complete.
2026-05-03 19:19:16,326 [WARNING] stderr: bash: cannot set terminal process group (-1): Inappropriate ioctl for device
bash: no job control in this shell
2026-05-03 19:19:24,218 [INFO] Starting Piper client with command: bash -lc 'mkdir -p /nethome/rbansal66/CS4803ARM_Lab/user_data/armory/logs; touch /nethome/rbansal66/CS4803ARM_Lab/user_data/armory/logs/workstation_14-client.log || exit 1; if ! docker ps --filter name=piper_env -q | grep -q .; then echo '"'"'piper_env is not running'"'"' >&2; exit 1; fi; if docker exec piper_env bash -lc '"'"'if [ -s /tmp/armory_client.pid ]; then pid=$(cat /tmp/armory_client.pid); kill -0 "$pid" >/dev/null 2>&1; else exit 1; fi'"'"'; then pid=$(docker exec piper_env cat /tmp/armory_client.pid); echo '"'"'Piper client already running (pid '"'"'"$pid"'"'"'); log: /nethome/rbansal66/CS4803ARM_Lab/user_data/armory/logs/workstation_14-client.log'"'"'; exit 0; fi; docker exec piper_env rm -f /tmp/armory_client.pid >/dev/null 2>&1 || true; printf '"'"'\n[%s] Starting Piper client: ros2 run piper piper_client\n'"'"' "$(date '"'"'+%F %T'"'"')" >> /nethome/rbansal66/CS4803ARM_Lab/user_data/armory/logs/workstation_14-client.log; nohup docker exec piper_env bash -lc '"'"'if command -v setsid >/dev/null 2>&1; then exec setsid bash -ic '"'"'"'"'"'"'"'"'source ~/.bashrc; cd /CS4803ARM_Lab/user_data/piper_ros || exit 1; echo $$ > /tmp/armory_client.pid; exec ros2 run piper piper_client'"'"'"'"'"'"'"'"'; else exec bash -ic '"'"'"'"'"'"'"'"'source ~/.bashrc; cd /CS4803ARM_Lab/user_data/piper_ros || exit 1; echo $$ > /tmp/armory_client.pid; exec ros2 run piper piper_client'"'"'"'"'"'"'"'"'; fi'"'"' >> /nethome/rbansal66/CS4803ARM_Lab/user_data/armory/logs/workstation_14-client.log 2>&1 < /dev/null & host_pid=$!; echo $host_pid > /tmp/armory_client_docker_exec.pid; sleep 0.5; if kill -0 "$host_pid" >/dev/null 2>&1; then pid=$(docker exec piper_env cat /tmp/armory_client.pid 2>/dev/null || echo "$host_pid"); echo '"'"'Piper client started (pid '"'"'"$pid"'"'"'); log: /nethome/rbansal66/CS4803ARM_Lab/user_data/armory/logs/workstation_14-client.log'"'"'; else rm -f /tmp/armory_client_docker_exec.pid; echo '"'"'Piper client exited immediately; check log: /nethome/rbansal66/CS4803ARM_Lab/user_data/armory/logs/workstation_14-client.log'"'"' >&2; tail -n 20 /nethome/rbansal66/CS4803ARM_Lab/user_data/armory/logs/workstation_14-client.log >&2 || true; exit 1; fi'
2026-05-03 19:20:25,980 [INFO] Stopping Piper client with command: bash -lc 'mkdir -p /nethome/rbansal66/CS4803ARM_Lab/user_data/armory/logs; touch /nethome/rbansal66/CS4803ARM_Lab/user_data/armory/logs/workstation_14-client.log || exit 1; printf '"'"'\n[%s] Stopping Piper client\n'"'"' "$(date '"'"'+%F %T'"'"')" >> /nethome/rbansal66/CS4803ARM_Lab/user_data/armory/logs/workstation_14-client.log; if docker ps --filter name=piper_env -q | grep -q .; then docker exec piper_env bash -lc '"'"'if [ -s /tmp/armory_client.pid ]; then pid=$(cat /tmp/armory_client.pid); kill -- -"$pid" >/dev/null 2>&1 || kill "$pid" >/dev/null 2>&1 || true; sleep 0.5; kill -9 -- -"$pid" >/dev/null 2>&1 || kill -9 "$pid" >/dev/null 2>&1 || true; rm -f /tmp/armory_client.pid; fi; pkill -f '"'"'"'"'"'"'"'"'[r]os2\ run\ piper\ piper_client'"'"'"'"'"'"'"'"' >/dev/null 2>&1 || true'"'"' >> /nethome/rbansal66/CS4803ARM_Lab/user_data/armory/logs/workstation_14-client.log 2>&1 || true; else echo '"'"'piper_env is not running'"'"' >> /nethome/rbansal66/CS4803ARM_Lab/user_data/armory/logs/workstation_14-client.log; fi; if [ -s /tmp/armory_client_docker_exec.pid ]; then host_pid=$(cat /tmp/armory_client_docker_exec.pid); kill "$host_pid" >/dev/null 2>&1 || true; rm -f /tmp/armory_client_docker_exec.pid; fi; echo '"'"'Piper client stopped; log: /nethome/rbansal66/CS4803ARM_Lab/user_data/armory/logs/workstation_14-client.log'"'"''
2026-05-03 19:20:43,107 [INFO] Executing: docker exec piper_env bash -ic 'source ~/.bashrc && p goto init'
2026-05-03 19:20:44,717 [INFO] stdout: Go to init complete.
2026-05-03 19:20:44,717 [WARNING] stderr: bash: cannot set terminal process group (-1): Inappropriate ioctl for device
bash: no job control in this shell
2026-05-03 19:21:09,450 [INFO] Starting Piper client with command: bash -lc 'mkdir -p /nethome/rbansal66/CS4803ARM_Lab/user_data/armory/logs; touch /nethome/rbansal66/CS4803ARM_Lab/user_data/armory/logs/workstation_14-client.log || exit 1; if ! docker ps --filter name=piper_env -q | grep -q .; then echo '"'"'piper_env is not running'"'"' >&2; exit 1; fi; if docker exec piper_env bash -lc '"'"'if [ -s /tmp/armory_client.pid ]; then pid=$(cat /tmp/armory_client.pid); kill -0 "$pid" >/dev/null 2>&1; else exit 1; fi'"'"'; then pid=$(docker exec piper_env cat /tmp/armory_client.pid); echo '"'"'Piper client already running (pid '"'"'"$pid"'"'"'); log: /nethome/rbansal66/CS4803ARM_Lab/user_data/armory/logs/workstation_14-client.log'"'"'; exit 0; fi; docker exec piper_env rm -f /tmp/armory_client.pid >/dev/null 2>&1 || true; printf '"'"'\n[%s] Starting Piper client: ros2 run piper piper_client\n'"'"' "$(date '"'"'+%F %T'"'"')" >> /nethome/rbansal66/CS4803ARM_Lab/user_data/armory/logs/workstation_14-client.log; nohup docker exec piper_env bash -lc '"'"'if command -v setsid >/dev/null 2>&1; then exec setsid bash -ic '"'"'"'"'"'"'"'"'source ~/.bashrc; cd /CS4803ARM_Lab/user_data/piper_ros || exit 1; echo $$ > /tmp/armory_client.pid; exec ros2 run piper piper_client'"'"'"'"'"'"'"'"'; else exec bash -ic '"'"'"'"'"'"'"'"'source ~/.bashrc; cd /CS4803ARM_Lab/user_data/piper_ros || exit 1; echo $$ > /tmp/armory_client.pid; exec ros2 run piper piper_client'"'"'"'"'"'"'"'"'; fi'"'"' >> /nethome/rbansal66/CS4803ARM_Lab/user_data/armory/logs/workstation_14-client.log 2>&1 < /dev/null & host_pid=$!; echo $host_pid > /tmp/armory_client_docker_exec.pid; sleep 0.5; if kill -0 "$host_pid" >/dev/null 2>&1; then pid=$(docker exec piper_env cat /tmp/armory_client.pid 2>/dev/null || echo "$host_pid"); echo '"'"'Piper client started (pid '"'"'"$pid"'"'"'); log: /nethome/rbansal66/CS4803ARM_Lab/user_data/armory/logs/workstation_14-client.log'"'"'; else rm -f /tmp/armory_client_docker_exec.pid; echo '"'"'Piper client exited immediately; check log: /nethome/rbansal66/CS4803ARM_Lab/user_data/armory/logs/workstation_14-client.log'"'"' >&2; tail -n 20 /nethome/rbansal66/CS4803ARM_Lab/user_data/armory/logs/workstation_14-client.log >&2 || true; exit 1; fi'
2026-05-03 19:22:16,772 [INFO] Stopping Piper client with command: bash -lc 'mkdir -p /nethome/rbansal66/CS4803ARM_Lab/user_data/armory/logs; touch /nethome/rbansal66/CS4803ARM_Lab/user_data/armory/logs/workstation_14-client.log || exit 1; printf '"'"'\n[%s] Stopping Piper client\n'"'"' "$(date '"'"'+%F %T'"'"')" >> /nethome/rbansal66/CS4803ARM_Lab/user_data/armory/logs/workstation_14-client.log; if docker ps --filter name=piper_env -q | grep -q .; then docker exec piper_env bash -lc '"'"'if [ -s /tmp/armory_client.pid ]; then pid=$(cat /tmp/armory_client.pid); kill -- -"$pid" >/dev/null 2>&1 || kill "$pid" >/dev/null 2>&1 || true; sleep 0.5; kill -9 -- -"$pid" >/dev/null 2>&1 || kill -9 "$pid" >/dev/null 2>&1 || true; rm -f /tmp/armory_client.pid; fi; pkill -f '"'"'"'"'"'"'"'"'[r]os2\ run\ piper\ piper_client'"'"'"'"'"'"'"'"' >/dev/null 2>&1 || true'"'"' >> /nethome/rbansal66/CS4803ARM_Lab/user_data/armory/logs/workstation_14-client.log 2>&1 || true; else echo '"'"'piper_env is not running'"'"' >> /nethome/rbansal66/CS4803ARM_Lab/user_data/armory/logs/workstation_14-client.log; fi; if [ -s /tmp/armory_client_docker_exec.pid ]; then host_pid=$(cat /tmp/armory_client_docker_exec.pid); kill "$host_pid" >/dev/null 2>&1 || true; rm -f /tmp/armory_client_docker_exec.pid; fi; echo '"'"'Piper client stopped; log: /nethome/rbansal66/CS4803ARM_Lab/user_data/armory/logs/workstation_14-client.log'"'"''
2026-05-03 19:22:21,064 [INFO] Executing: docker exec piper_env bash -ic 'source ~/.bashrc && p goto init'
2026-05-03 19:22:22,773 [INFO] stdout: Go to init complete.
2026-05-03 19:22:22,873 [WARNING] stderr: bash: cannot set terminal process group (-1): Inappropriate ioctl for device
bash: no job control in this shell
